Bank,Criterion,Raw_Value,Score,Evidence,Source,Page,URL,Collected_Date
VPBank,C1,,,"việc nâng cao năng lực giám sát rủi ro, phát hiện và cảnh báo sớm các rủi ro được ưu tiên hàng đầu. trong đó, việc ứng dụng công nghệ trong hoạt động quản trị rủi ro được kỳ vọng sẽ giúp ngân hàng chủ động đối với các rủi ro mới nổi, như rủi ro gian lận trong ngân hàng số, rủi ro từ bên thứ ba và rủi ro phát sinh trong quá trình chuyển đổi công nghệ. về công tác quản trị dữ liệu, vpbank dự kiến tiếp tục hoàn thành việc chuẩn hóa dữ liệu tổn thất để đáp ứng yêu cầu tính vốn cho rủi ro hoạt động theo basel iii và các thông tư củ",BCTN 2025 (cache),22,,2026-10-05
VPBank,C1,,," gắn trực tiếp với hành vi và nhu cầu của doanh nghiệp sme. tiêu biểu là chương trình tích lũy điểm thưởng lynkid dành cho khách hàng sme giao dịch trên nền tảng neobiz. việc gắn các hoạt động tài chính thường nhật như thanh toán, chi lương và sử dụng dịch vụ ngân hàng số với cơ chế tích điểm và đổi quà xây dựng giải pháp tài chính tích hợp gia tăng giá trị cho khách hàng thông qua cộng hưởng hệ sinh thái quản lý dòng tiền, coi đây là nền tảng quan trọng để gia tăng mức độ gắn kết của khách hàng. các giải pháp chấp nhận thanh ",BCTN 2025 (cache),31,,2026-10-05
VPBank,C1,,,"cao hiệu suất vận hành và tăng tính nhất quán trong tác nghiệp. trên nền tảng dữ liệu, khối từng bước triển khai các mô hình ai tối ưu hóa để lựa chọn cách tiếp cận phù hợp cho từng nhóm khách hàng, phân bổ nguồn lực hiệu quả và cải thiện trải nghiệm trên các kênh số. song song, dcd tiếp tục tự động hóa các khâu phù hợp trong quy trình nhằm rút ngắn thời gian xử lý và nâng cao năng suất. đồng thời, dcd triển khai các biện pháp pháp lý phù hợp với quy định khối thu hồi và xử lý nợ (dcd) thông qua việc tái cấu trúc theo hướ",BCTN 2025 (cache),37,,2026-10-05
VPBank,C1,,,"iên 2025 năm 2025, dcd triển khai nhiều giải pháp nhằm nâng cao hiệu quả, chuẩn hóa quy trình và cải thiện trải nghiệm khách hàng, tập trung vào 4 nhóm trọng tâm: tăng cường biện pháp pháp lý theo quy định, đẩy mạnh ứng dụng công nghệ và tự động hóa, thúc đẩy đa kênh xử lý tài sản bảo đảm và phát triển năng lực đội ngũ nhằm nâng cao năng suất lao động. dcd tập trung đẩy mạnh ứng dụng ai theo lộ trình nhằm nâng cao hiệu suất vận hành và tăng tính nhất quán trong tác nghiệp. trên nền tảng dữ liệu, khối từng bước triển khai ",BCTN 2025 (cache),37,,2026-10-05
VPBank,C1,,,"ển khai những mô hình tiên phong tại chi nhánh flagship và cho tiên phong mô hình trải nghiệm phân khúc vpbank private, ghi nhận mức độ hài lòng cao từ khách hàng với csat bình quân đạt 4,92 điểm. vpbank cũng tạo khác biệt bằng sáng kiến minh bạch hóa dịch vụ đa kênh, giúp khách hàng chủ động theo dõi trạng thái giao dịch như mở thẻ hay vay thế chấp theo thời gian thực, qua đó giảm mạnh nhu cầu tra cứu tiến độ tại quầy và tổng đài. tình hình hoạt động trong năm 2025",BCTN 2025 (cache),40,,2026-10-05
VPBank,C1,,," trụ cột công nghệ, khối it đang thúc đẩy số hóa toàn diện, tăng cường an toàn – bảo mật và kiến tạo nền tảng vững chắc cho tăng trưởng bền vững của toàn hệ sinh thái. trong phân khúc khách hàng cá nhân, vpbank đã số hóa hơn 70% nghiệp vụ, nổi bật là sản phẩm ngân hàng số vpbank neo, cùng hàng loạt sáng kiến như ekyc, esignature, ecms, loyalty (lynkid), crm, ewallet, agent banking, virtualqc… cùng các ứng dụng ai, ml. tại phân khúc khách hàng doanh nghiệp, it hoàn thành phát triển corporate master mobile app; chuyển đổi toàn b",BCTN 2025 (cache),41,,2026-10-05
VPBank,C1,,,"obile app; chuyển đổi toàn bộ giao diện hệ thống sale portal theo kiến trúc hiện đại; thí điểm tự động hóa các quy trình thẩm định, ekyc; vận hành nền tảng xác thực tập trung ciam. nhờ những chương trình số hóa toàn diện trên, tính đến cuối 2025, các nền tảng ngân hàng số đã sở hữu năng lực xử lý khổng lồ: vpbank neo đã xử lý 1,33 tỷ giao dịch và vpbank neobiz xử lý 10,8 triệu giao dịch. năm 2025, hệ thống core banking t24 temenos transact đã được nâng cấp lên phiên bản r23. song song, các ứng dụng tiếp tục được chuyển lên nền",BCTN 2025 (cache),41,,2026-10-05
VPBank,C1,,,"ào tạo, chia sẻ nền tảng và hỗ trợ kỹ thuật đã được mở rộng tới các công ty con. hóa nền tảng công nghệ dùng chung, rút ngắn thời gian đưa sản phẩm ra thị trường và sẵn sàng cho các mô hình kinh doanh mới; • chuyển đổi số thế hệ mới: hiện đại hóa các nền tảng ngân hàng số, mở dụng dịch vụ giá trị gia tăng như wealthtech, số hóa nghiệp vụ cốt lõi nhằm xây dựng nền tảng số hiện đại, nâng cao trải nghiệm khách hàng, gia tăng hiệu quả vận hành và tạo nền móng công nghệ cho giai đoạn tiếp theo; • triển khai dịch vụ công nghệ thông ",BCTN 2025 (cache),42,,2026-10-05
VPBank,S1,,,"vốn thuộc nhóm dẫn đầu hệ thống, cho thấy mô hình tăng trưởng cân bằng giữa quy mô và chất lượng đã phát huy hiệu quả, đồng thời tạo dư địa vững chắc cho giai đoạn phát triển tiếp theo. đầu tư cho công nghệ, dữ liệu và con người cũng tiếp tục là những ưu tiên chiến lược của vpbank trong năm 2025. chuyển đổi số trong các quy trình nghiệp vụ cốt lõi, ứng dụng các công nghệ mới như dữ liệu lớn, trí tuệ nhân tạo và các giải pháp số hóa toàn diện giúp nâng cao năng suất, rút ngắn thời gian đưa sản phẩm ra thị trường và cải thiện trải nghiệm khách hàng. những dấu mốc nói trên cũng trở thành điểm nhấn tiêu biểu cho năm cuối nhiệm kỳ 5 năm (2020-2025), khi hội đồng quản trị, ban lãnh đạo đã chèo lái con thuyền vpbank vượt qua một giai đoạn biến động chưa từng có của nền kinh tế và thị trường tài chính thế giới, đồng thời đặt nền móng vững chắc cho giai đoạn tăng trưởng mới của ngân hàng. năm 2026 được xác định là năm bản lề quan trọng trong kế hoạch phát triển 5 năm lần thứ tư của vpbank, đánh dấu giai đoạn tăng tốc nhằm hiện thực hóa các mục tiêu chiến lược dài hạn. khép lại năm 2025, hệ sinh thái vpbank tiếp tục khẳng định vai trò động lực tăng trưởng cốt lõi trong mô hình tập đoàn tài chính, vận hành theo triết lý cộng hưởng thịnh vượng. dưới khung quản trị tập đoàn ngày càng hoàn thiện, ngân hàng mẹ giữ vai trò trung tâm điều phối, cùng sự đồng hành của cổ đông chiến lược smbc, tạo điều kiện để các đơn vị thành viên phát huy thế mạnh chuyên biệt, bổ trợ lẫn nhau và đóng góp ngày càng rõ nét vào kết quả chung. trong bức tranh đó, từng mảnh ghép của hệ sinh thái đều ghi nhận những bước tiến quan trọng. vpbanks vươn lên nhóm công ty chứng khoán dẫn đầu về quy mô và hiệu quả, nằm trong top 10 thị phần môi giới trên tất cả các sàn giao dịch, đồng thời ghi dấu ấn bằng thương vụ ipo có quy mô hơn 12.700 tỷ đồng, lớn nhất ngành chứng khoán. fe credit có lãi năm thứ hai liên tiếp, cho thấy hiệu quả của quá trình tái cấu trúc toàn điện, cùng với định hướng chiến lược mới. opes vượt kế hoạch kinh doanh, tiếp tục củng cố vai trò bảo hiểm số trong chuỗi giá trị dịch vụ. đồng thời, sự hiện diện của thành viên mới gpbank, với bộ nhận diện thương hiệu mới và có lãi ngay sau năm đầu tiên tái cơ cấu, đã mở rộng không gian tăng trưởng, bổ sung thêm một mắt xích quan trọng, gia tăng chiều sâu và sức bật cho toàn hệ sinh thái. sự cộng hưởng giữa các đơn vị thành viên được phản ánh rõ nét trong các chỉ tiêu tài chính hợp nhất. giữa năm 2025, tổng tài sản vpbank chính thức cán mốc triệu tỷ đồng – một dấu mốc quan trọng khẳng định nền tảng quy mô và năng lực tăng trưởng. kết thúc năm, vpbank vững vàng ở vị trí dẫn đầu trong nhóm ngân hàng tư nhân tại việt nam với quy mô tổng tài sản đạt 1,26 triệu tỷ đồng. cùng với đó, dư nợ tín dụng đánh dấu tốc độ tăng trưởng cao nhất trong nhiều năm trở lại đây. trong giai đoạn 5 năm tới, vpbank hướng tới việc mở rộng mạnh mẽ quy mô hoạt động, đồng thời duy trì tốc độ tăng trưởng cao trên 30% mỗi năm. trọng tâm của chiến lược này là sự kết hợp chặt chẽ giữa “tăng trưởng nhanh” và “nâng cao chất lượng”, qua đó vừa thúc đẩy mở rộng quy mô kinh doanh, vừa củng cố nền tảng quản trị rủi ro và hiệu quả vận hành, đảm bảo tăng trưởng bền vững trong dài hạn. trên nền tảng những thành quả đã đạt được, ngân hàng đặt mục tiêu tổng tài sản hợp nhất vượt 1,6 triệu tỷ đồng và lợi nhuận trước thuế hơn 41.000 tỷ đồng, từng bước gần hơn tới tầm nhìn trở thành một trong 3 ngân hàng lớn nhất việt nam và nằm trong top 100 ngân hàng hàng đầu châu á. để hiện thực hóa điều đó, vpbank không chỉ dựa vào mô hình tăng trưởng truyền thống mà sẽ tiếp tục mở rộng hệ sinh thái, phát triển các mảng kinh doanh mới đầy tiềm năng. bảo hiểm nhân thọ, quản lý quỹ, kinh doanh vàng vật chất và tài sản mã hoá là những phân khúc chiến lược sẽ được tập trung triển khai để đón đầu nhu cầu của thế hệ nhà đầu tư tương lai. cùng với đó, sự kết hợp giữa ngân hàng mẹ và các công ty thành viên như vpbanks, fe credit, hay opes tiếp tục tạo nên một chuỗi giá trị gắn kết, cho phép tập đoàn thâm nhập sâu vào mọi phân khúc thị trường, từ đó tối ưu hóa lợi thế cạnh tranh của mô hình tập đoàn tài chính đa năng. để duy trì đà tăng trưởng bền vững trong giai đoạn phát triển tiếp theo, vpbank cũng chủ động rà soát và hoàn thiện một số trụ cột vận hành then chốt, từ cấu trúc chi phí vốn, năng suất lao động đến trải nghiệm khách hàng. ngân hàng sẽ tiếp tục dành nguồn lực trọng tâm cho việc ứng dụng sâu rộng các công nghệ mới như trí tuệ nhân tạo (genai), phân tích dữ liệu lớn và số hóa toàn diện quy trình vận hành nhằm tinh gọn tổ chức, nâng cao hiệu suất, thông điệp thông điệp thông điệp chủ tịch hội đồng quản trị và tổng giám đốc đồng thời tiếp tục đầu tư vào chính sách phúc lợi và phát triển nghề nghiệp, qua đó phát huy tối đa năng l",BCTN 2025 (cache),5,,2026-10-05
VPBank,S1,,,"của công nghệ, sự thay đổi trong hành vi, tâm lý khách hàng cho đến làn sóng số hóa mạnh mẽ. ngân hàng ghi dấu ấn với hai thương vụ chuyển nhượng 49% vốn điều lệ của fe credit cho công ty tài chính smbc và phát hành riêng lẻ 15% vốn điều lệ vpbank cho cổ đông chiến lược smbc – một trong những tập đoàn tài chính lớn nhất nhật bản. năm 2025, hệ sinh thái vpbank tiếp tục được mở rộng thông qua việc nhận chuyển giao bắt buộc ngân hàng gpbank. đồng thời, sau 3 năm xây nền tảng vững chắc từ vốn, công nghệ và quản trị, vpbanks đã hoàn thành thương vụ ipo kỷ lục với định giá 2,5 tỷ usd, đồng thời niêm yết trên hose. nhờ nền tảng vốn vững chắc và chiến lược phát triển bứt phá, vpbank đã phát triển mạng lưới hoạt động trải rộng khắp cả nước, cùng hệ sinh thái sản phẩm đa dạng, đáp ứng phong phú từ các dịch vụ thanh toán, quản lý tài sản cho khách hàng cá nhân, đến các giải pháp tài chính cho doanh nghiệp nhỏ và vừa, doanh nghiệp lớn và cả doanh nghiệp fdi. không dừng lại ở những thành tựu đã đạt được, vpbank đang sẵn sàng cho một hành trình phát triển mới với tầm nhìn chiến lược đầy tham vọng cho giai đoạn 5 năm (2022 - 2026): trở thành định chế tài chính vững mạnh, nằm trong top 3 ngân hàng hàng đầu việt nam và lọt vào danh sách 100 ngân hàng lớn nhất châu á. để hiện thực hóa tầm nhìn, vpbank tiên phong ứng dụng công nghệ vào mọi khía cạnh hoạt động, nâng cấp nền tảng vận hành và thúc đẩy sáng tạo theo hướng bền vững. ngân hàng tập trung khai thác sức mạnh của ai, genai và big data, triển khai các sáng kiến số hóa nhằm tinh gọn quy trình, nâng cao hiệu suất và tối ưu trải nghiệm khách hàng, tích hợp những yếu tố esg vào hoạt động kinh doanh cũng như tìm kiếm những cơ hội kinh doanh mới. thông tin chung 17 báo cáo thường niên 2025 16 báo cáo thường niên 2025 thông t",BCTN 2025 (cache),9,,2026-10-05
VPBank,S1,,,"ngân hàng tmcp việt nam thịnh vượng (vpbank) được thành lập ngày 12/8/1993, là một trong những ngân hàng tmcp đầu tiên tại việt nam. 1993 2018 2019 2020 2010 2015 vpbank thực hiện chiến lược chuyển đổi sang mô hình ngân hàng bán lẻ hiện đại và có bước phát triển mạnh mẽ thông qua mở rộng mạng lưới chi nhánh, điểm giao dịch trên toàn quốc cùng sự phát triển đa dạng của các kênh bán hàng và phân phối. thành công chuyển đổi hoạt động tín dụng tiêu dùng sang một pháp nhân độc lập mới với tên gọi công ty tài chính tnhh mtv ngân hàng việt nam thịnh vượng (được nhận diện với thương hiệu fe credit). fe credit thống lĩnh thị trường tài chính tiêu dùng tại việt nam với khoảng 50% thị phần. xây dựng chiến lược 2018 - 2022, xác định các động lực tăng trưởng và thúc đẩy quá trình số hóa. ra mắt thương hiệu vpbank diamond cho phân khúc khách hàng cao cấp. phát hành thành công 300 triệu usd trái phiếu quốc tế. triển khai chương trình befit tinh chỉnh bộ máy hoạt động và nâng cao năng suất lao động. hoàn thành cả 3 trụ cột basel ii. kích hoạt kế hoạch kinh doanh liên tục (bcp) và xây dựng các phương án đối phó với covid-19. triển khai hàng loạt sáng kiến số hóa về nền tảng công nghệ như open banking. 2017 niêm yết thành công cổ phiếu trên hose, huy động thêm gần 300 triệu usd từ phát hành riêng lẻ, mở ra giai đoạn phát triển hội nhập mới. lịch sử và thành tựu hơn 30 năm phát triển của vpbank (1993 - 2025) 2022 2023 2024 2025 gia hạn thỏa thuận hợp tác độc quyền phân phối bảo hiểm aia. tái định vị thương hiệu và tuyên bố sứ mệnh mới “vì một việt nam thịnh vượng” cùng với chiến dịch “light up viet nam”. tăng vốn điều lệ lên hơn 67.000 tỷ đồng, trở thành ngân hàng có vốn điều lệ lớn nhất hệ thống. nhận chuyển giao bắt buộc gpbank, công bố thương hiệu, chiến lược mới. ngay trong năm đầu, gpbank đã có lãi. thực hiện thương vụ ipo của vpbanks, huy động 12.713 tỷ đồng. ra mắt phân khúc vpbank private, cung cấp dịch vụ tài chính chuyên biệt dành riêng cho giới tinh hoa. hoàn tất thỏa thuận chuyển nhượng 15% vốn điều lệ cho cổ đông chiến lược ngân hàng smbc, nâng vốn chủ sở hữu lên gần 140.000 tỷ đồng, đứng thứ hai toàn hệ thống. xếp hạng tín nhiệm được moody’s duy trì ở mức ba3, triển vọng ổn định, trong bối cảnh thị trường tài chính đối mặt với nhiều khó khăn và thách thức. công bố 5 giá trị cốt lõi mới. mô hình tập đoàn được áp dụng trên toàn hệ sinh thái mở rộng khác biệt, phục vụ đầy đủ nhu cầu của hơn 30 triệu khách hàng. khai trương chi nhánh flagship đầu tiên của hệ thống ngân hàng việt nam, mang lại trải nghiệm dịch vụ ngân hàng trọn vẹn và mới mẻ cho khách hàng. top 10 doanh nghiệp vốn hóa lớn có quản trị công ty tốt nhất và lần thứ 6 liên tiếp nằm trong top 20 doanh nghiệp có điểm số esg cao nhất trong rổ chỉ số phát triển bền vững (vnsi) của hose. 2021 hoàn tất chuyển nhượng 49% vốn tại fe credit cho smbc consumer finance moody’s nâng xếp hạng tín nhiệm của vpbank và fe credit lên ba3 – ngang trần tín nhiệm quốc gia. 18 báo cáo thường niên 2025 19 báo cáo thường niê",BCTN 2025 (cache),10,,2026-10-05
VPBank,S1,,,"bualoi cũng gây ra những khó khăn nhất định đến năng lực tài chính và khả năng thực hiện nghĩa vụ trả nợ của khách hàng. tại vpbank, các giải pháp quản lý rủi ro tín dụng đã và đang được triển khai đồng bộ, phù hợp với đặc thù từng nhóm khách hàng, trên cơ sở chiến lược chuyển đổi số gắn với quản trị rủi ro chủ động và phân khúc hóa, cụ thể như sau: • đối với phân khúc khách hàng cá nhân, vpbank đã: (i) triển khai hợp tác với các đối tác chiến lược nhằm cung cấp các giải pháp ứng dụng công nghệ, mở rộng và đa dạng hóa nguồn dữ liệu bên ng",BCTN 2025 (cache),20,,2026-10-05
VPBank,S1,,,"trong năm 2025, vpbank tiếp tục chủ động quản trị hiệu quả các rủi ro trọng yếu trước biến động của môi trường vĩ mô, dựa trên khung quản lý rủi ro vững chắc và việc triển khai đồng bộ các chiến lược, giải pháp quản trị. ngân hàng duy trì kiểm soát chặt chẽ chất lượng tín dụng, với tỷ lệ npl riêng lẻ được giữ quanh mức 2%, góp phần bảo đảm hoạt động an toàn, ổn định và bền vững. khung quản lý rủi ro của vpbank được vận hành nhất quán phù hợp với các quy định pháp luật hiện hành, thực tiễn hoạt động và tiệm cận thông lệ quốc tế. các rủi ro trọng yếu được nhận diện, đo lường, giám sát, báo cáo và kiểm soát kịp thời trên toàn ngân hàng và tại từng đơn vị kinh doanh, thông qua việc áp dụng hiệu quả nguyên tắc 3 tuyến bảo vệ và sự giám sát chặt chẽ của ban lãnh đạo trong phạm vi khẩu vị rủi ro đã được phê duyệt. năm 2025, nhằm đáp ứng quy định trên cơ sở khuôn khổ pháp lý mới tại thông tư 14/2025/tt-nhnn, vpbank ghi dấu bước tiến quan trọng trong quản trị rủi ro và an toàn vốn khi chính thức đăng ký áp dụng phương pháp xếp hạng tín dụng nội bộ (irb) vào ngày 15/9/2025, trở thành một trong số ít ngân hàng tiên phong triển khai irb tại việt nam. đây là dấu mốc quan trọng trong lộ trình triển khai basel iii, khẳng định cam kết mạnh mẽ của vpbank trong việc nâng cao chất lượng quản trị, năng lực theo dõi, đo lường và kiểm soát rủi ro một cách chủ động, giảm thiểu tổn thất và tăng cường khả năng chống chịu trước các biến động của môi trường kinh tế vĩ mô. củng cố năng lực quản trị toàn diện các loại rủi ro trọng yếu trong năm 2025, ngành ngân hàng tiếp tục đối mặt với nhiều khó khăn trong việc kiểm soát chất lượng tài sản. những thay đổi trong chính sách thuế quan của mỹ, cùng với diễn biến của tỷ giá usd/vnd, đã ảnh hưởng đến môi trường kinh doanh và khả năng thích ứng của các ngân hàng. bên cạnh đó, tình trạng thiên tai kéo dài do các cơn bão liên tiếp như matmo và bualoi cũng gây ra những khó khăn nhất định đến năng lực tài chính và khả năng thực hiện nghĩa vụ trả nợ của khách hàng. tại vpbank, các giải pháp quản lý rủi ro tín dụng đã và đang được triển khai đồng bộ, phù hợp với đặc thù từng nhóm khách hàng, trên cơ sở chiến lược chuyển đổi số gắn với quản trị rủi ro chủ động và phân khúc hóa, cụ thể như sau: • đối với phân khúc khách hàng cá nhân, vpbank đã: (i) triển khai hợp tác với các đối tác chiến lược nhằm cung cấp các giải pháp ứng dụng công nghệ, mở rộng và đa dạng hóa nguồn dữ liệu bên ngoài phục vụ đánh giá tín dụng và chấm điểm rủi ro; (ii) ứng dụng ai và ml trong toàn bộ vòng đời tín dụng, từ thẩm định, phê duyệt, giải ngân đến giám sát sau giải ngân và (iii) cập nhật kịp thời các chính sách tín dụng trên cơ sở phân tích dữ liệu, phù hợp với đặc thù từng sản phẩm, nhằm đảm bảo tăng trưởng danh mục đi đôi với kiểm soát rủi ro hiệu quả. • đối với phân khúc sme và khách hàng doanh nghiệp, vpbank đã: (i) duy trì nâng cấp hệ thống chấm điểm tín dụng nhằm nâng cao năng lực đo lường rủi ro, hỗ trợ ra quyết định tín dụng, nhận diện sớm rủi ro và tăng cường công tác giám sát; (ii) thúc đẩy mô hình ngân hàng mở và hợp tác số hóa với các đối tác như smartsme, 3ts, … nhằm mở rộng kênh bán hàng số và gia tăng quy mô tín dụng và (iii) hiện đại hóa quy trình thông qua tự động hóa và ứng dụng công nghệ tiên tiến, qua đó nâng cao hiệu quả vận hành, cải thiện trải nghiệm khách hàng và tăng cường kiểm soát rủi ro (đặc biệt tiên phong trong số hóa quy trình giải ngân). • đặc biệt, trong phân khúc khách hàng doanh nghiệp, vpbank áp dụng cách tiếp cận quản trị rủi ro chi tiết và chủ động, phù hợp với mức độ phức tạp của hoạt động kinh doanh. việc thẩm định tín dụng được thực hiện trên cơ sở từng khách hàng, kết hợp đánh giá chuyên môn, phân tích chuyên sâu ngành nghề và thị trường, cùng với việc nâng cấp phương pháp xếp hạng tín dụng nội bộ, nhằm tăng cường khả năng phân loại rủi ro, nhận diện sớm dấu hiệu suy giảm chất lượng và giám sát liên tục danh mục tín dụng. • cụ thể, ngân hàng triển khai các giải pháp: (i) tăng cường hệ thống cảnh báo sớm (ews) theo cả hai cách tiếp cận từ dưới lên (bottom-up) và từ trên xuống (top-down), kết hợp với việc chủ động theo dõi dòng tiền và kế hoạch trả nợ của khách hàng, qua đó hạn chế rủi ro phát sinh nợ quá hạn và (ii) đa dạng hóa danh mục tín dụng theo ngành nghề trên cơ sở phân tích rủi ro – lợi nhuận và triển vọng thị trường, tập trung vào các lĩnh vực tiềm năng như năng lượng, hóa chất – nhựa, giáo dục, y tế, chế biến gỗ, chế biến thực phẩm... bên cạnh đó, công tác thu hồi nợ được xác định là một trọng tâm xuyên suốt vòng đời quản lý rủi ro tín dụng, với các chiến lược thu hồi được xây dựng phù hợp theo từng phân khúc khách hàng: • đối với phân khúc khách hàng cá nhân: với sự hỗ trợ của hệ thống c-score, ngân hàng ứng dụng ai, phân tích dữ liệu và các công cụ giao tiếp số như phản hồi tự động bằng giọng nói (interactive voice message), nhắc nợ tự động, chatbot… nhằm khuyến khích khách hàng thực hiện nghĩa vụ trả nợ đúng hạn, đồng thời nâng cao trải nghiệm khách hàng. tình hình quản trị rủi ro trong năm 2025 là những rủi ro phá",BCTN 2025 (cache),20,,2026-10-05
VPBank,S1,,,"ến trọng điểm liên quan đến tuân thủ pháp lý, hạ tầng công nghệ và định hướng dài hạn được triển khai đúng kế hoạch, bao gồm tái chứng nhận pci-dss, tái đánh giá iso 27001, tăng cường an ninh điện toán đám mây, tuân thủ luật bảo vệ dữ liệu cá nhân và xây dựng chiến lược an ninh thông tin mới cho giai đoạn 2026 - 2028 với sự hỗ trợ từ các đối tác quốc tế của ngân hàng trong lĩnh vực này. công tác đánh giá rủi ro, phối hợp giữa các đơn vị trong toàn hệ thống và tuân thủ được đẩy mạnh trên phạm vi toàn tập đoàn, cho phép nhận diện sớm các rủi ro và triển khai kịp thời các biện pháp khắc phục. với sự hỗ trợ của smbc, vpbank đã tổ chức diễn tập phản ứng sự cố an ninh thông tin với sự tham gia trực tiếp của ban lãnh đạo. chương trình tập trung nâng cao nhận thức của ban lãnh đạo về các mối đe dọa an ninh mạng, xu hướng tấn công mới, đồng thời thực hành quy trình phối hợp ứng phó sự cố một cách bài bản và hiệu quả, qua đó tăng cường năng lực chỉ đạo, ra quyết định và khả năng sẵn sàng của toàn tập đoàn. vpbank tiếp tục mở rộng quản trị và hỗ trợ an ninh thông tin tới các công ty thành viên, đồng thời tăng cường cơ chế phối hợp, triển khai các năng lực cốt lõi như giám sát an ninh mạng, quản lý truy cập và đào tạo nhận thức. khung đo lường và giám sát an ninh thông tin được áp dụng xuyên suốt, hỗ trợ theo dõi liên tục, nâng cao tính minh bạch và khả năng ứng phó chủ động với các rủi ro an ninh mạng, góp phần bảo đảm hoạt động kinh doanh an toàn và tăng trưởng số bền vững. trước bối cảnh các rủi ro và mối đe dọa an ninh mạng ngày càng gia tăng về quy mô và mức độ phức tạp, vpbank sẽ tiếp tục triển khai các giải pháp tổng thể bám sát chiến lược an ninh thông tin giai đoạn 2025 - 2028. trọng tâm là tăng cường năng lực p",BCTN 2025 (cache),23,,2026-10-05
VPBank,S1,,,"năm 2025, rb tạo dấu ấn khác biệt khi vừa mở rộng quy mô tín dụng, vừa tiếp tục củng cố chất lượng tài sản – hai trụ cột mang tính chiến lược để đảm bảo tăng trưởng dài hạn. ngân hàng kiên định định hướng tái cấu trúc danh mục theo hướng bền vững, tập trung vào các nhóm khách hàng có nền tảng tài chính vững vàng và năng lực tạo giá trị dài hạn. cuối 2025, quy mô tín dụng của rb đạt 324.000 tỷ đồng, tăng trưởng hơn 64.000 tỷ đồng hay gần 25% so với năm 2024, cao hơn so với bình quân toàn ngành là 19%. ngân hàng phục vụ đa dạng nhu cầu như vay ô tô, nhà, sản xuất kinh doanh và tiêu dùng, củng cố vị thế dẫn đầu ở mảng tín dụng bán lẻ. song song, chất lượng danh mục tiếp tục cải thiện và việc kiểm soát tốt tỷ lệ npl giúp doanh thu và lợi nhuận từ danh mục tín dụng tăng trưởng ổn định, hoàn thành kế hoạch. năm 2025, rb ghi nhận tăng trưởng mạnh mẽ trong hoạt động huy động khi vừa mở rộng về quy mô, vừa duy trì hiệu quả và sự ổn định của nguồn vốn – những yếu tố cốt lõi để đảm bảo an toàn và tạo dư địa tăng trưởng trong dài hạn. quy mô huy động vốn ở mức 368.000 tỷ đồng, trong đó huy động tiền gửi có kỳ hạn đạt mức tăng trưởng 25%, cao gấp hai lần so với tăng trưởng trung bình ngành là hơn 14%. trong năm qua, khối đã chủ động xây dựng siêu giải pháp thanh toán vpbank, là hệ sinh thái nhiều sản phẩm với định hướng phủ toàn diện các nhu cầu thanh toán kinh doanh, tiêu dùng, bao gồm: tính năng pay by account (thanh toán chạm từ tài khoản ngân hàng); loa soundbox và tính năng loa thịnh vượng trên vpbank neo (thông báo biến động số dư, đồng bộ hệ thống quản trị doanh thu); khối khách hàng cá nhân (rb) năm 2025, rb tạo dấu ấn với tăng trưởng tín dụng bền vững, mở rộng mạnh mẽ huy động vốn và hoàn thiện hệ sinh thái dịch vụ khách hàng đa phân khúc. trên nền tảng số hóa và ứng dụng ai, ngân hàng không chỉ nâng cao chất lượng danh mục mà còn tối ưu giá trị vòng đời khách hàng, tạo đà tăng tốc cho giai đoạn bứt phá năm 2026. tín dụng tăng trưởng bền vững huy động vốn vượt trội, củng cố nền tảng tài chính một khác biệt nổi bật của năm 2025 là tốc độ số hóa quy trình. nhiều sản phẩm tín chấp được tư vấn – phê duyệt 100% trực tuyến; thời gian xử lý yêu cầu (tat) với khoản vay bất động sản giảm 65%; tat với khoản vay ô tô duy trì trong vòng 1 ngày. vpbank tiếp tục giữ vững vị thế số 1 thị trường về cho vay ô tô mới và vay tín chấp. bên cạnh đó, ngân hàng tăng cường ứng dụng công nghệ và ai trong hoạt động thẻ tín dụng, nâng cao trải nghiệm khách hàng và tối ưu hiệu quả vận hành. vpbank cũng là một trong hai ngân hàng đầu tiên tại đông nam á triển khai giải pháp thanh toán số click to pay. song song với hoạt động số hóa, rb đẩy mạnh khai thác hệ sinh thái số và hoạt động bán chéo các sản phẩm giá trị gia tăng như neo, thẻ và bảo hiểm, góp phần đa dạng hóa nguồn thu, gia tăng giá trị vòng đời khách hàng. shopqr (giải pháp quản trị doanh số) và gói tiện ích bion (tài khoản chuyên biệt cho hộ kinh doanh); và giải pháp tap to phone (hỗ trợ chấp nhận thanh toán thẻ ngay trên điện thoại). sản phẩm huy động của rb cũng ghi nhận nhiều đổi mới khi super thịnh vượng thu hút hơn 25.000 khách hàng với tổng huy động hơn 26.300 tỷ đồng. các giải pháp như super sinh lời, sản phẩm dành cho phân khúc private và thanh toán thẻ tăng trưởng mạnh. doanh số thẻ ghi nợ quốc tế đạt hơn 11.500 tỷ đồng, tổng số thẻ lũy kế vượt 3,2 triệu. bên cạnh đó, sức mạnh hệ sinh thái hơn 30 triệu khách hàng và mô hình hợp lực với các đơn vị thành viên tiếp tục tạo ưu thế cạnh tranh trong việc mở rộng nguồn vốn bền vững cho vpbank. quy mô tín dụng tăng trưởng gần 25% 324.000 tỷ ",BCTN 2025 (cache),26,,2026-10-05
VPBank,S1,,,"53 báo cáo thường niên 2025 52 báo cáo thường niên 2025 private banking khẳng định vị thế mới cho giới tinh hoa 2025 là năm vpbank đẩy mạnh chiến lược phủ phân khúc từ private - vpbank private, affluent – vpbank diamond đến mass affluent – vpbank prime và hộ kinh doanh - commcredit, hướng tới mô hình “ngân hàng phục vụ mọi nhóm khách hàng” với trải nghiệm nhất quán và cá nhân hóa. ngân hàng không dừng ở việc cung cấp các sản phẩm tài chính mà luôn tiên phong cung cấp các giải pháp toàn diện cho khách hàng mọi phân khúc. một trong những dấu mốc chiến lược của năm là việc vpbank chính thức ra mắt mô hình private banking - dịch vụ tài chính chuyên biệt dành riêng cho giới tinh hoa, đánh dấu bước tiến chiến lược trong hành trình phục vụ phân khúc khách hàng cao cấp tại việt nam. sau 10 tháng triển khai, vpbank private đạt 1.123 khách hàng, vượt kế hoạch về cả quy mô và lợi nhuận. hệ dịch vụ private được thiết kế theo 3 trụ cột expertise - efficiency - exclusivity, nhấn mạnh vào bộ 3 giá trị cốt lõi “chuyên môn cao - hiệu quả vượt trội - dịch vụ hoàn thiện hệ sinh thái dịch vụ khách hàng đa tầng tinh tuyển” trong mọi sản phẩm, dịch vụ và tiêu chuẩn phục vụ đối tượng khách hàng tinh hoa. private banking bước đầu kiến tạo hệ sinh thái toàn diện gồm thẻ visa infinite, đội ngũ chuyên viên quan hệ khách hàng (rm) private chuyên sâu, private lounge (phòng chờ) và các đặc quyền kết nối đối tác cao cấp. các hoạt động trải nghiệm riêng biệt giúp tăng cường gắn kết và khẳng định vị thế vpbank trong phân khúc khách hàng cao cấp. tình hình hoạt động trong năm 2025 tình hình hoạt động trong năm 2025 affluent banking nâng tầm trải nghiệm và giá trị dành cho khách hàng ưu tiên affluent banking tiếp tục là trụ cột chiến lược trong hành trình nâng cấp trải nghiệm khách hàng của vpbank. năm 2025, ngân hàng đầu tư mạnh cho phân khúc ưu tiên, nổi bật với chương trình “phong vị thượng lưu” - bộ đặc quyền cá nhân hóa cho nhóm khách hàng có tài sản ròng cao (hnw). hệ thống phòng chờ sân bay phục vụ hàng chục nghìn lượt khách mỗi quý, củng cố hình ảnh vpbank diamond là thương hiệu ngân hàng cao cấp. mô hình trải nghiệm được tái định vị theo ba lĩnh vực chính: wealth – health – travel (gia sản - y tế - du lịch). từ đầu tư tài chính thịnh vượng, đến chăm sóc thân tâm trí, và trải nghiệm nghỉ dưỡng, vpbank diamond đồng hành và chăm sóc khách hàng khác biệt, từ tài chính đến cuộc sống. đến cuối năm, vpbank phục vụ hơn 700.000 khách hàng ưu tiên, tăng 22% so với 2024. mass affluent dẫn dắt phong cách sống mới và mở rộng quy mô khách hàng trẻ vpbank prime là sự kết hợp giữa dịch vụ tài chính và phong cách sống năng động của thế hệ trẻ việt nam. đến cuối 2025, phân khúc phục vụ 2,7 triệu khách hàng, triển khai 4 chân dung khách hàng trọng tâm và các gói (combo) giải pháp sản phẩm chuyên biệt với tên gọi: slay – sport – business – family. đặc biệt, vpbank prime thí điểm một số gói hội viên, “đóng gói” các bộ sản phẩm tài chính theo nhu cầu đa dạng của khách hàng trẻ đi kèm nhiều ưu đãi khi sử dụng trọn bộ. hình thức này ngay lập tức thu hút được sự quan tâm và phản hồi tích cực của khách hàng do đáp ứng được mong đợi về sự tiện lợi",BCTN 2025 (cache),27,,2026-10-05
VPBank,S2,,,"ểm soát với tỷ lệ nợ xấu hợp nhất theo thông tư 31 dưới 3%. tỷ lệ an toàn vốn thuộc nhóm dẫn đầu hệ thống, cho thấy mô hình tăng trưởng cân bằng giữa quy mô và chất lượng đã phát huy hiệu quả, đồng thời tạo dư địa vững chắc cho giai đoạn phát triển tiếp theo. đầu tư cho công nghệ, dữ liệu và con người cũng tiếp tục là những ưu tiên chiến lược của vpbank trong năm 2025. chuyển đổi số trong các quy trình nghiệp vụ cốt lõi, ứng dụng các công nghệ mới như dữ liệu lớn, trí tuệ nhân tạo và các giải pháp số hóa toàn diện giúp nâng cao năng suất, rút ngắn thời gian đưa sản phẩm ra thị trường và cải thiện trải nghiệm khách hàng. những dấu mốc nói trên cũng trở thành điểm nhấn tiêu biểu cho năm cuối nhiệm kỳ 5 năm (2020-2025), khi hội đồng quản trị, ban lãnh đạo đã chèo lái con thuyền vpbank vượt qua một giai đoạn biến động chưa từng có của nền kinh tế và thị trường tài chính thế giới, đồng thời đặt nền móng vững chắc cho giai đoạn tăng trưởng mới của ngân hàng. năm 2026 được xác định là năm bản lề quan trọng trong kế hoạch phát triển 5 năm lần thứ tư của vpbank, đánh dấu giai đoạn tăng tốc nhằm hiện thực hóa các mục tiêu chiến lược dài hạn. khép lại năm 2025, hệ sinh thái vpbank tiếp tục khẳng định vai trò động lực tăng trưởng cốt lõi trong mô hình tập đoàn tài chính, vận hành theo triết lý cộng hưởng thịnh vượng. dưới khung quản trị tập đoàn ngày càng hoàn thiện, ngân hàng mẹ giữ vai trò trung tâm điều phối, cùng sự đồng hành của cổ đông chiến lược smbc, tạo điều kiện để các đơn vị thành viên phát huy thế mạnh chuyên biệt, bổ trợ lẫn nhau và đóng góp ngày càng rõ nét vào kết quả chung. trong bức tranh đó, từng mảnh ghép của hệ sinh thái đều ghi nhận những bước tiến quan trọng. vpbanks vươn lên nhóm công ty chứng khoán dẫn đầu về quy mô và hiệu quả, nằm trong top 10 thị phần môi giới trên tất cả các sàn giao dịch, đồng thời ghi dấu ấn bằng thương vụ ipo có quy mô hơn 12.700 tỷ đồng, lớn nhất ngành chứng khoán. fe credit có lãi năm thứ hai liên tiếp, cho thấy hiệu quả của quá trình tái cấu trúc toàn điện, cùng với định hướng chiến lược mới. opes vượt kế hoạch kinh doanh, tiếp tục củng cố vai trò bảo hiểm số trong chuỗi giá trị dịch vụ. đồng thời, sự hiện diện của thành viên mới gpbank, với bộ nhận diện thương hiệu mới và có lãi ngay sau năm đầu tiên tái cơ cấu, đã mở rộng không gian tăng trưởng, bổ sung thêm một mắt xích quan trọng, gia tăng chiều sâu và sức bật cho toàn hệ sinh thái. sự cộng hưởng giữa các đơn vị thành viên được phản ánh rõ nét trong các chỉ tiêu tài chính hợp nhất. giữa năm 2025, tổng tài sản vpbank chính thức cán mốc triệu tỷ đồng – một dấu mốc quan trọng khẳng định nền tảng quy mô và năng lực tăng trưởng. kết thúc năm, vpbank vững vàng ở vị trí dẫn đầu trong nhóm ngân hàng tư nhân tại việt nam với quy mô tổng tài sản đạt 1,26 triệu tỷ đồng. cùng với đó, dư nợ tín dụng đánh dấu tốc độ tăng trưởng cao nhất trong nhiều năm trở lại đây. trong giai đoạn 5 năm tới, vpbank hướng tới việc mở rộng mạnh mẽ quy mô hoạt động, đồng thời duy trì tốc độ tăng trưởng cao trên 30% mỗi năm. trọng tâm của chiến lược này là sự kết hợp chặt chẽ giữa “tăng trưởng nhanh” và “nâng cao chất lượng”, qua đó vừa thúc đẩy mở rộng quy mô kinh doanh, vừa củng cố nền tảng quản trị rủi ro và hiệu quả vận hành, đảm bảo tăng trưởng bền vững trong dài hạn. trên nền tảng những thành quả đã đạt được, ngân hàng đặt mục tiêu tổng tài sản hợp nhất vượt 1,6 triệu tỷ đồng và lợi nhuận trước thuế hơn 41.000 tỷ đồng, từng bước gần hơn tới tầm nhìn trở thành một trong 3 ngân hàng lớn nhất việt nam và nằm trong top 100 ngân hàng hàng đầu châu á. để hiện thực hóa điều đó, vpbank không chỉ dựa vào mô hình tăng trưởng truyền thống mà sẽ tiếp tục mở rộng hệ sinh thái, phát triển các mảng kinh doanh mới đầy tiềm năng. bảo hiểm nhân thọ, quản lý quỹ, kinh doanh vàng vật chất và tài sản mã hoá là những phân khúc chiến lược sẽ được tập trung triển khai để đón đầu nhu cầu của thế hệ nhà đầu tư tương lai. cùng với đó, sự kết hợp giữa ngân hàng mẹ và các công ty thành viên như vpbanks, fe credit, hay opes tiếp tục tạo nên một chuỗi giá trị gắn kết, cho phép tập đoàn thâm nhập sâu vào mọi phân khúc thị trường, từ đó tối ưu hóa lợi thế cạnh tranh của mô hình tập đoàn tài chính đa năng. để duy trì đà tăng trưởng bền vững trong giai đoạn phát triển tiếp theo, vpbank cũng chủ động rà soát và hoàn thiện một số trụ cột vận hành then chốt, từ cấu trúc chi phí vốn, năng suất lao động đến trải nghiệm khách hàng. ngân hàng sẽ tiếp tục dành nguồn lực trọng tâm cho việc ứng dụng sâu rộng các công nghệ mới như trí tuệ nhân tạo (genai), phân tích dữ liệu lớn và số hóa toàn diện quy trình vận hành nhằm tinh gọn tổ chức, nâng cao hiệu suất, thông điệp thông điệp thông điệp chủ tịch hội đồng quản trị và tổng giám đốc đồng thời tiếp tục đầu tư vào chính sách phú",BCTN 2025 (cache),5,,2026-10-05
VPBank,S2,,,"hân khúc thị trường, từ đó tối ưu hóa lợi thế cạnh tranh của mô hình tập đoàn tài chính đa năng. để duy trì đà tăng trưởng bền vững trong giai đoạn phát triển tiếp theo, vpbank cũng chủ động rà soát và hoàn thiện một số trụ cột vận hành then chốt, từ cấu trúc chi phí vốn, năng suất lao động đến trải nghiệm khách hàng. ngân hàng sẽ tiếp tục dành nguồn lực trọng tâm cho việc ứng dụng sâu rộng các công nghệ mới như trí tuệ nhân tạo (genai), phân tích dữ liệu lớn và số hóa toàn diện quy trình vận hành nhằm tinh gọn tổ chức, nâng cao hiệu suất, thông điệp thông điệp thông điệp chủ tịch hội đồng quản trị và tổng giám đốc đồng thời tiếp tục đầu tư vào chính sách phú",BCTN 2025 (cache),5,,2026-10-05
VPBank,S2,,," 30 năm xây dựng và trưởng thành, ngân hàng đã khẳng định vai trò quan trọng, trở thành cầu nối huy động và phân bổ nguồn lực hiệu quả cho nền kinh tế, giúp người dân tiếp cận các dịch vụ tài chính - ngân hàng hiện đại, hỗ trợ doanh nghiệp vay vốn kịp thời để đầu tư và mở rộng hoạt động sản xuất - kinh doanh. trong suốt quá trình phát triển, vpbank chứng kiến và thích ứng với những chuyển động của nền kinh tế, từ sự bùng nổ của công nghệ, sự thay đổi trong hành vi, tâm lý khách hàng cho đến làn sóng số hóa mạnh mẽ. ngân hàng ghi dấu ấn với hai thương vụ chuyển nhượng 49% vốn điều lệ của fe credit cho công ty tài chính smbc và phát hành riêng lẻ 15% vốn điều lệ vpbank cho cổ đông chiến lược smbc – một trong những tập đoàn tài chính lớn nhất nhật bản. năm 2025, hệ sinh thái vpbank tiếp tục được mở rộng thông qua việc nhận chuyển giao bắt buộc ngân hàng gpbank. đồng thời, sau 3 năm xây nền tảng vững chắc từ vốn, công nghệ và quản trị, vpbanks đã hoàn thành thương vụ ipo kỷ lục với định giá 2,5 tỷ usd, đồng thời niêm yết trên hose. nhờ nền tảng vốn vững chắc và chiến lược phát triển bứt phá, vpbank đã phát triển mạng lưới hoạt động trải rộng khắp cả nước, cùng hệ sinh thái sản phẩm đa dạng, đáp ứng phong phú từ các dịch vụ thanh toán, quản lý tài sản cho khách hàng cá nhân, đến các giải pháp tài chính cho doanh nghiệp nhỏ và vừa, doanh nghiệp lớn và cả doanh nghiệp fdi. không dừng lại ở những thành tựu đã đạt được, vpbank đang sẵn sàng cho một hành trình phát triển mới với tầm nhìn chiến lược đầy tham vọng cho giai đoạn 5 năm (2022 - 2026): trở thành định chế tài chính vững mạnh, nằm trong top 3 ngân hàng hàng đầu việt nam và lọt vào danh sách 100 ngân hàng lớn nhất châu á. để hiện thực hóa tầm nhìn, vpbank tiên phong ứng dụng công nghệ vào mọi khía cạnh hoạt động, nâng cấp nền tảng vận hành và thúc đẩy sáng tạo theo hướng bền vững. ngân hàng tập trung khai thác sức mạnh của ai, genai và big data, triển khai các sáng kiến số hóa nhằm tinh gọn quy trình, nâng cao hiệu suất và tối ưu trải nghi",BCTN 2025 (cache),9,,2026-10-05
VPBank,S2,,,"của chính phủ và nhnn, vpbank sẽ tiếp tục tạo điều kiện thuận lợi hướng dòng vốn vào các lĩnh vực ưu tiên như tín dụng xanh, cho vay nhà ở xã hội, công nghiệp chế biến – chế tạo và xuất nhập khẩu. chính sách này nhằm hỗ trợ doanh nghiệp tiếp cận nguồn vốn với chi phí phù hợp, phục hồi và mở rộng hoạt động sản xuất kinh doanh, qua đó góp phần thúc đẩy tăng trưởng kinh tế bền vững. về công nghệ, vpbank tiếp tục phát triển các công cụ, hệ thống tự động hóa nhằm tăng cường nhận diện rủi ro, nâng cao chất lượng dự báo cũng như kiểm soát chất lượng danh mục tín dụng theo mục tiêu đã đề ra. bên cạnh đó, các đơn vị chuyên môn tiếp tục công tác cho ý kiến các sản phẩm mới, các cải tiến hoàn thiện hệ thống, và ứng dụng ai để giảm vận hành, cũng như tăng cường kiểm soát rủi ro. trong bối cảnh kỷ nguyên ai và chuyển đổi số đang phát triển mạnh mẽ, các quy trình được số hóa và vận hành trên nền tảng công nghệ thông minh giúp vpbank tối ưu hóa hiệu quả vận hành, rút ngắn đáng kể thời gian xử lý hồ sơ, nâng cao năng lực quản trị rủi ro và sử dụng hiệu quả nguồn lực. nhờ những nỗ lực trên, tỉ lệ npl của vpbank tại cuối năm 2025 đã được kiểm soát ổn định ở mức 2,03% r",BCTN 2025 (cache),21,,2026-10-05
VPBank,S2,,,"ộng trong năm 2025 tình hình hoạt động trong năm 2025 affluent banking nâng tầm trải nghiệm và giá trị dành cho khách hàng ưu tiên affluent banking tiếp tục là trụ cột chiến lược trong hành trình nâng cấp trải nghiệm khách hàng của vpbank. năm 2025, ngân hàng đầu tư mạnh cho phân khúc ưu tiên, nổi bật với chương trình “phong vị thượng lưu” - bộ đặc quyền cá nhân hóa cho nhóm khách hàng có tài sản ròng cao (hnw). hệ thống phòng chờ sân bay phục vụ hàng chục nghìn lượt khách mỗi quý, củng cố hình ảnh vpbank diamond là thương hiệu ngân hàng cao cấp. mô hình trải nghiệm được tái định vị theo ba lĩnh vực chính: wealth – health – travel (gia sản - y tế - du lịch). từ đầu tư tài chính thịnh vượng, đến chăm sóc thân tâm trí, và trải nghiệm nghỉ dưỡng, vpbank diamond đồng hành và chăm sóc khách hàng khác biệt, từ tài chính đến cuộc sống. đến cuối năm, vpbank phục vụ hơn 700.000 khách hàng ưu tiên, tăng 22% so với 2024. mass affluent dẫn dắt phong cách sống mới và mở rộng quy mô khách hàng trẻ vpbank prime là sự kết hợp giữa dịch vụ tài chính và phong cách sống năng động của thế hệ trẻ việt nam. đến cuối 2025, phân khúc phục vụ 2,7 triệu khách hàng, triển khai 4 chân dung khách hàng trọng tâm và các gói (combo) giải pháp sản phẩm chuyên biệt với tên gọi: slay – sport – business – family. đặc biệt, vpbank prime thí điểm một số gói hội viên, “đóng gói” các bộ sản phẩm tài chính theo nhu cầu đa dạng của khách hàng trẻ đi kèm nhiều ưu đãi khi sử dụng trọn bộ. hình thức này ngay lập tức thu hút được sự quan tâm và phản hồi tích cực của khách hàng do đáp ứng được mong đợi về sự tiện lợi, thông minh và giá trị gia tăng. những sự kiện văn hóa, giải trí quy mô lớn như lễ hội esport vpbank presents t1 in vietnam: the promise fulfilled, đại nhạc hội vpbank k-star spark in vietnam hay hai đêm concert g-dragon 2025 world tour [übermensch] in hanoi presented by vpbank của huyền thoại âm nhạc g-dragon đã giúp vpbank prime trở thành thương hiệu tài chính tiên phong, kết nối văn hóa – công nghệ - giải trí. commcredit đồng hành trọn vẹn cùng hộ kinh doanh với thương hiệu commcredit, vpbank tiếp tục khẳng định cam kết đồng hành cùng cộng đồng hộ kinh doanh – nhóm khách hàng đóng góp quan trọng cho sự năng động của nền kinh tế việt nam. năm 2025, ngân hàng không chỉ cung cấp nguồn vốn, mà còn chủ động mở rộng các giải pháp hỗ trợ vận hành, công nghệ, thuế và tuân thủ pháp lý, đảm bảo hộ kinh doanh luôn sẵn sàng thích ứng trước thay đổi chính sách. vpbank triển khai v20000, gói giải pháp quy mô 20.000 tỷ đồng được thiết kế dành riêng cho hộ kinh doanh, với mức lãi suất ưu đãi 3,99%/năm cho khoản vay thế c",BCTN 2025 (cache),27,,2026-10-05
VPBank,S2,,,"inh thái thanh toán không tiền mặt và nâng cao trải nghiệm giao dịch cho khách hàng. mảng thẻ doanh nghiệp cũng đạt nhiều điểm sáng với việc mở rộng danh mục thẻ visa và jcb, không chỉ phục vụ thanh toán mà còn hỗ trợ doanh nghiệp quản trị chi tiêu, kiểm soát ngân sách và nâng cao tính minh bạch trong vận hành. giúp gia tăng mức độ gắn kết của khách hàng, hình thành thói quen sử dụng đa dịch vụ và tạo nền tảng cho hoạt động bán chéo trong toàn hệ sinh thái. bên cạnh đó, sme tăng cường phối hợp với ứng dụng tài chính smartsme by vpbank để tiếp cận nhóm khách hàng đã có phê duyệt trước dựa trên nền tảng dữ liệu và năng lực phân tích tập trung. cách tiếp cận này giúp rút ngắn thời gian tiếp cận vốn, nâng cao hiệu quả bán hàng và cải thiện trải nghiệm tổng thể của doanh nghiệp, đồng thời tối ưu chi phí vận hành cho ngân hàng. tình hình hoạt động trong năm 2025 tình hình hoạt động trong năm 2025 bước sang 2026, sme đặt mục tiêu tiếp tục tăng trưởng đi đôi với chất lượng, hiệu quả và tính bền vững. chiến lược phát triển xoay quanh 5 trụ cột trọng tâm: tăng trưởng upper sme theo 16 ngành trọng điểm; đẩy mạnh số hóa toàn bộ điểm chạm hướng đến micro sme; phát triển mạnh digital payment (thanh toán số) và commercial card (thẻ doanh nghiệp); xây dựng hệ sinh thái merchant (đối tác chấp nhận thanh toán) và dịch vụ acquiring (chấp nhận thanh toán thẻ) hiện đại; đồng thời số hóa trải nghiệm quản trị và vận các giải thưởng tiêu biểu năm 2025 trở thành đối tác vận hành số của doanh nghiệp hành doanh nghiệp thông qua nền tảng neobiz. trong chiến lược ấy, dữ liệu và công nghệ, đặc biệt là ai, được xác định là nền tảng xuyên suốt. sme hướng đến ứng dụng dữ liệu giao dịch, phân tích hành vi và ai để dự đoán nhu cầu, cá nhân hóa giải pháp và rút ngắn thời gian tiếp cận vốn, đồng thời nâng cao trải nghiệm và hiệu quả vận hành cho doanh nghiệp sme. ngân hàng dẫn đầu về tăng trưởng đơn vị chấp nhận thanh toán contactless 2025 visa vietnam client forum 2025 ngân hàng tiên phong về giải pháp b2b cho khách hàng doanh nghiệp 2025 visa vietnam client forum 2025 chúng tôi nhìn thấy một thế hệ sme mới – am hiểu công nghệ, đề cao hiệu quả và kỳ vọng những giải pháp thông minh, tích hợp. trước bối cảnh đó, vp­ bank sme chuyển dịch từ mô hình cung cấp sản phẩm sang vai trò đối tác vận hành số, nơi dữ liệu, nền tảng và trí tuệ nhân tạo được kết nối để hỗ trợ doanh nghiệp tối ưu dòng tiền, quản trị hiệu quả và tăng tốc ra quyết định. với neobiz làm trung tâm và sức mạnh từ hệ sinh thái vpbank, chúng tôi tin rằng sự cộng hưởng giữa công nghệ và con người sẽ mở ra những cơ hội tăng trưởng bền vững cho doanh nghiệp sme trong kỷ nguyên số. ông đào gia hưng giám đốc khối khách hàng doanh nghiệp vừa và nhỏ. những con số nổi bật năm 2025 quy mô tín dụng tăng so với năm 2024 38% số lượng khách hàng lũy ",BCTN 2025 (cache),31,,2026-10-05
VPBank,S2,,," và tín chấp phân khúc upper sme tiếp tục là những động lực tăng trưởng chủ chốt. các sản phẩm được thiết kế phù hợp với đặc thù từng ngành như xây dựng, vật liệu xây dựng, logistics, hàng tiêu dùng, f&b,… giúp doanh nghiệp tiếp cận vốn hiệu quả hơn và tối ưu chi phí tài chính. song song, vpbank đẩy mạnh phát triển các giải pháp thanh toán và với quy mô hơn 30 triệu khách hàng, sme xác định khai thác sức mạnh hệ sinh thái là một trong những động lực tăng trưởng quan trọng. trong năm 2025, tinh thần “cộng hưởng thịnh vượng” được hiện thực hóa thông qua các chương trình cụ thể, gắn trực tiếp với hành vi và nhu cầu của doanh nghiệp sme. tiêu biểu là chương trình tích lũy điểm thưởng lynkid dành cho khách hàng sme giao dịch trên nền tảng neobiz. việc gắn các hoạt động tài chính thường nhật như thanh toán, chi lương và sử dụng dịch vụ ngân hàng số với cơ chế tích điểm và đổi quà xây dựng giải pháp tài chính tích hợp gia tăng giá trị cho khách hàng thông qua cộng hưởng hệ sinh thái quản lý dòng tiền, coi đây là nền tảng quan trọng để gia tăng mức độ gắn kết của khách hàng. các giải pháp chấp nhận thanh toán thẻ (acquiring) và thanh toán số như masterpos, tap to pay (t2p) và qr payment ghi nhận mức tăng trưởng tích cực, góp phần mở rộng hệ sinh thái thanh toán không tiền mặt và nâng cao trải nghiệm giao dịch cho khách hàng. mảng thẻ doanh nghiệp cũng đạt nhiều điểm sáng với việc mở rộng danh mục thẻ visa và jcb, không chỉ phục vụ thanh toán mà còn hỗ trợ doanh nghiệp quản trị chi tiêu, kiểm soát ngân sách và nâng cao tính minh bạch trong vận hành. giúp gia tăng mức độ gắn kết của khách hàng, hình thành thói quen sử dụng đa dịch vụ và tạo nền tảng cho hoạt động bán chéo trong toàn hệ sinh thái. bên cạnh đó, sme tăng cường phối hợp với ứng dụng tài chính smartsme by vpbank để tiếp cận nhóm khách hàng đã có phê duyệt trước dựa trên nền tảng dữ liệu và năng lực phân tích tập trung. cách tiếp cận này giúp rút ngắn thời gian tiếp cận vốn, nâng cao hiệu quả bán hàng và cải thiện trải nghiệm tổng thể của doanh nghiệp, đồng thời tối ưu chi phí vận hành cho ngân hàng. tình hình hoạt động trong năm 2025 tình hình hoạt động trong năm 2025 bước sang 2026, sme đặt mục tiêu tiếp tục tăng trưởng đi đôi với chất lượng, hiệu quả và tính bền vững. chiến lược phát triển xoay quanh 5 trụ cột trọng tâm: tăng trưởng upper sme theo 16 ngành trọng điểm; đẩy mạnh số hóa toàn bộ điểm chạm hướng đến micro sme; phát triển mạnh digital payment (thanh toán số) và commercial card (thẻ doanh nghiệp); xây dựng hệ sinh thái merchant (đối tác chấp nhận thanh toán) và dịch vụ acquiring (chấp nhận thanh toán thẻ) hiện đại; đồng thời số hóa trải nghiệm quản trị và vận các giải thưởng tiêu biểu năm 2025 trở thành đối tác vận hành số của doanh nghiệp hành doanh nghiệp thông qua nền tảng neobiz. trong chiến lược ấy, dữ liệu và công nghệ, đặc biệt là ai, được xác định là nền tảng xuyên suốt. sme hướng đến ứng dụng dữ liệu giao dịch, phân tích hành vi và ai để dự đoán nhu cầu, cá nhân hóa giải pháp và rút ngắn thời gian tiếp cận vốn, đồng thời nâng cao trải nghiệm và hiệu quả vận hành cho doanh nghiệp sme. ngân hàng dẫn đầu về tăng trưởng đơn vị chấp nhận thanh toán contactless 2025 visa vietnam client forum 2025 ngân hàng tiên phong về giải pháp b2b cho khách hàng doanh nghiệp 2025 visa vietnam client forum 2025 chúng tôi nhìn thấy một thế hệ sme mới – am hiểu công nghệ, đề cao hiệu quả và kỳ vọng những giải pháp thông minh, tích hợp. trước bối cảnh đó, vp­ bank sme chuyển dịch từ mô hình cung cấp sản phẩm sang vai trò đối tác vận hành số, nơi dữ liệu, nền tảng và trí tuệ nhân tạo được kết nối để hỗ trợ doanh nghiệp tối ưu dòng tiền, quản trị hiệu quả và tăng tốc ra quyết định. với neobiz làm trung tâm và sức mạnh từ hệ sinh thái vpbank, chúng tôi tin rằng sự cộng hưởng giữa công nghệ và con người sẽ mở ra những cơ hội tăng trưởng bền vững cho doanh nghiệp sme trong kỷ nguyên số. ông đào gia hưng giám đốc khối khách hàng doanh nghiệp vừa và nhỏ. những con số nổi bật năm 2025 quy mô tín dụng tăng so với năm 2024 38% số lượng khách hàng lũy ",BCTN 2025 (cache),31,,2026-10-05
VPBank,S2,,,"g trong huy động vốn; phát triển tài chính xanh và các giải pháp esg; khẳng định vị thế trong thu xếp vốn và đồng tài trợ dự án quy mô lớn; thúc đẩy đổi mới sáng tạo và hợp lực hệ sinh thái; gia tăng giá trị cho khách hàng. khối khách hàng doanh nghiệp lớn và đầu tư (cib) kiên định với chiến lược nhưng linh hoạt trong điều hành, trong năm 2025, cib không ngừng mở rộng giải pháp tài chính toàn diện, khai thác sức mạnh hệ sinh thái và gặt hái thành công vượt kế hoạch, qua đó chuẩn bị nền tảng vững chắc cho giai đoạn tăng trưởng sắp tới. kiên định với chiến lược, linh hoạt trong điều hành hệ sinh thái đáp ứng toàn diện nhu cầu khách hàng tăng trưởng linh hoạt, bền vững và hiệu quả kiên định này, kết hợp cùng khả năng điều hành linh hoạt và điều chỉnh kịp thời theo diễn biến thị trường, đã tạo nên bứt phá rõ nét trong năm 2025. cib tích cực cung cấp các gói giải pháp tài chính toàn diện, kết hợp giữa sản phẩm tín dụng, dịch vụ ngân hàng giao dịch và các giải pháp thanh toán số hóa, cùng chất lượng dịch vụ nhanh chóng, chuyên nghiệp và tận tâm. đặc biệt, tỷ lệ casa tiếp tục cải thiện rõ nét, được thúc đẩy bởi các giải pháp quản lý dòng tiền hiệu quả, gắn chặt giữa công nghệ và việc kiểm soát, duy trì dòng tiền theo các nghĩa vụ tín dụng. “bán hàng toàn diện”, trong đó cib đóng vai trò là đối tác đồng hành cùng khách hàng trong nhiều khía cạnh, từ quản lý dòng tiền, tài trợ hoạt động sản xuất kinh doanh, đến các giải pháp công nghệ hỗ trợ tối ưu vận hành. thông qua sự kết nối nguồn lực, phối hợp cung cấp sản phẩm và tận dụng lợi thế về công nghệ cũng như mạng lưới khách hàng trong toàn hệ sinh thái, cib góp phần đa dạng hóa danh mục dịch vụ và tạo ra giá trị bền vững cho cả khách hàng và vpbank. trước hết, khối sẽ đẩy mạnh số hóa và ứng dụng công nghệ thông qua việc tăng cường ứng dụng các giải pháp công nghệ mới, đặc biệt là ai và tự động hóa quy trình, nhằm tối ưu hiệu quả vận hành, nâng cao chất lượng quản trị và ra quyết định. qua đó, có thể tập trung nguồn lực cho các hoạt động kinh doanh cốt lõi, chăm sóc khách hàng và quản trị rủi ro tín dụng. đồng thời, ci",BCTN 2025 (cache),32,,2026-10-05
VPBank,S3,,,"ưu, cao cấp và tiếp tục tối ưu cơ hội trong các phân khúc tiềm năng. gia tăng các sáng kiến và giải pháp tài chính toàn diện, ồng thời mở rộng hệ sinh thái ối tác nhằm thúc ẩy quy mô và chiếm lĩnh thị phần trong phân khúc khách hàng sme. nắm bắt các cơ hội hợp tác phát triển các dịch vụ ngân hàng giao dịch, thanh toán và tăng cường thâm nhập vào các ngành nghề mới hoặc còn nhiều tiềm năng ể gia tăng doanh thu từ phân khúc khách hàng doanh nghiệp quy mô vừa và lớn. tăng tốc chuyển ổi số và ứng dụng công nghệ trên tất cả phân khúc và sản phẩm. chủ ộng áp dụng các công cụ phân tích chuyên sâu tiên tiến (advanced analytics) nhằm tối a hóa hiệu quả của các quyết ịnh kinh doanh, nâng cao năng lực quản trị doanh nghiệp và quản trị rủi ro. tiếp tục ầu tư phát triển ",BCTN 2025 (cache),19,,2026-10-05
VPBank,S3,,," ro tín dụng đã và đang được triển khai đồng bộ, phù hợp với đặc thù từng nhóm khách hàng, trên cơ sở chiến lược chuyển đổi số gắn với quản trị rủi ro chủ động và phân khúc hóa, cụ thể như sau: • đối với phân khúc khách hàng cá nhân, vpbank đã: (i) triển khai hợp tác với các đối tác chiến lược nhằm cung cấp các giải pháp ứng dụng công nghệ, mở rộng và đa dạng hóa nguồn dữ liệu bên ngoài phục vụ đánh giá tín dụng và chấm điểm rủi ro; (ii) ứng dụng ai và ml trong toàn bộ vòng đời tín dụng, từ thẩm định, phê duyệt, giải ngân đến giám sát sau giải ngân và (iii) cập nhật kịp thời các chính sách tín dụng trên cơ sở phân tích dữ liệu, phù hợp với đặc thù từng sản phẩm, nhằm đảm bảo tăng trưởng danh mục đi đôi với kiểm soát rủi ro hiệu quả. • đối với phân khúc sme và khách hàng doanh nghiệp, vpbank đã: (i) duy trì nâng cấp hệ thống chấm điểm tín dụng nhằm nâng cao năng lực đo lường rủi ro, hỗ trợ ra quyết định tín dụng, nhận diện sớm rủi ro và tăng cường công tác giám sát; (ii) thúc đẩy mô hình ngân hàng mở và hợp tác số hóa với các đối tác như smartsme, 3ts, … nhằm mở rộng kênh bán hàng số và gia tăng quy mô tín dụng và (iii) hiện đại hóa quy trình thông qua tự động hóa và ứng dụng công nghệ tiên tiến, qua đó nâng cao hiệu quả vận hành, cải thiện trải nghiệm khách hàng và tăng cường kiểm soát rủi ro (đặc biệt tiên phong trong số hóa quy trình giải ngân). • đặc biệt, trong phân khúc khách hàng doanh nghiệp, vpbank áp dụng cách tiếp cận quản trị rủ",BCTN 2025 (cache),20,,2026-10-05
VPBank,S3,,,"ai trong hoạt động thẻ tín dụng, nâng cao trải nghiệm khách hàng và tối ưu hiệu quả vận hành. vpbank cũng là một trong hai ngân hàng đầu tiên tại đông nam á triển khai giải pháp thanh toán số click to pay. song song với hoạt động số hóa, rb đẩy mạnh khai thác hệ sinh thái số và hoạt động bán chéo các sản phẩm giá trị gia tăng như neo, thẻ và bảo hiểm, góp phần đa dạng hóa nguồn thu, gia tăng giá trị vòng đời khách hàng. shopqr (giải pháp quản trị doanh số) và gói tiện ích bion (tài khoản chuyên biệt cho hộ kinh doanh); và giải ph",BCTN 2025 (cache),26,,2026-10-05
VPBank,S3,,,"c cung cấp các dịch vụ ngân hàng truyền thống mà còn hướng tới khai thác toàn diện nhu cầu tài chính của khách hàng, chuỗi cung ứng và hệ sinh thái liên quan. tận dụng thế mạnh chuyên môn của từng công ty thành viên trong hệ sinh thái vpbank, khối đã thúc đẩy hợp tác, mở rộng cơ hội bán chéo và đồng thời gia tăng giá trị mang lại cho khách hàng. chiến lược này phản ánh định hướng trong bối cảnh ngành tài chính - ngân hàng đang chứng kiến xu hướng chuyển đổi số mạnh mẽ mạnh mẽ từ chuyển đổi số, đổi mới công nghệ và các tiêu chuẩn phát triển bền vững ngày càng khắt khe, bước sang năm 2026, cib tiếp tục kiên định với chiến lược tăng trưởng linh hoạt, bền vững và hiệu quả. để hoàn thành các mục tiêu kinh doanh, cib xác định 6 định hướng trọng tâm: đẩy mạnh số hóa và ứng dụng công nghệ; tiếp tục giữ vai trò quan trọng trong huy động vốn; phát triển tài chính xanh và các giải pháp esg; khẳng định vị thế trong thu xếp vốn và đồng tài trợ dự án quy mô lớn; thúc đẩy đổi mới sáng tạo và hợp lực hệ sinh thái; gia tăng giá trị cho khách hàng. khối khách hàng doanh nghiệp lớn và đầu tư (cib) kiên định với chiến lược nhưng linh hoạt trong điều hành, trong năm 2025, cib không ngừng mở rộng giải pháp tài chính toàn diện, khai thác sức mạnh hệ sinh thái và gặt hái thành công vượt kế hoạch, qua đó chuẩn bị nền tảng vững chắc cho giai đoạn tăng trưởng sắp tới. kiên định với chiến lược, linh hoạt trong điều hành hệ sinh thái đáp ứng toàn diện nhu cầu khách hàng tăng trưởng linh hoạt, bền vững và hiệu quả kiên định này, kết hợp cùng khả năng điều hành linh hoạt và điều chỉnh kịp thời theo diễn biến thị trường, đã tạo nên bứt phá rõ nét trong năm 2025. cib tích cực cung cấp các gói giải pháp tài chính toàn diện, kết hợp giữa sản phẩm tín dụng, dịch vụ ngân hàng giao dịch và các giải pháp thanh toán số hóa, cùng chất lượng dịch vụ nhanh chóng, chuyên nghiệp và tận tâm. đặc biệt, tỷ lệ casa tiếp tục cải thiện rõ nét, được thúc đẩy bởi các giải pháp quản lý dòng tiền hiệu quả, gắn chặt giữa công nghệ và việc kiểm soát, duy trì dòng tiền theo các nghĩa vụ tín dụng. “bán hàng toàn diện”, trong đó cib đóng vai trò là đối tác đồng hành cùng khách hàng trong nhiều khía cạnh, từ quản lý dòng tiền, tài trợ hoạt động sản xuất kinh doanh, đến các giải pháp công nghệ hỗ trợ tối ưu vận hành. thông qua sự kết nối nguồn lực, phối hợp cung cấp sản phẩm và tận dụng lợi thế về công nghệ cũng như mạng lưới khách hàng trong toàn hệ sinh thái, cib góp phần đa dạng hóa danh mục dịch vụ và tạo ra giá trị bền vững cho cả khách hàng và vpbank. trước hết, khối sẽ đẩy mạnh số hóa và ứng dụng công nghệ thông qua việc tăng cường ứng dụng các giải pháp công nghệ mới, đặc biệt là ai và tự động hóa quy trình, nhằm tối ưu hiệu quả vận hành, nâng cao chất lượng quản trị và ra quyết định. qua đó, có thể tập trung nguồn lực cho các hoạt động kinh doanh cốt lõi, chăm sóc khách hàng và quản trị rủi ro tín dụng. đồng thời, ci",BCTN 2025 (cache),32,,2026-10-05
VPBank,S3,,,"bank. công tác vận hành sẽ được đồng bộ và chuẩn hóa, trọng tâm là tự động hóa phân bổ công việc và cải tiến sâu rộng chính sách xử lý nợ, từ đó tăng cường kiểm soát tập trung, tối ưu hiệu suất và tiết giảm chi phí. bên cạnh nguồn lực nội bộ, dcd cũng mở rộng hợp tác với các đối tác chiến lược trong lĩnh vực tư vấn pháp lý, phân tích dữ liệu và ai, nhằm nâng cao hiệu quả thu hồi nợ và năng lực quản trị rủi ro. tình hình hoạt động trong năm 2025 dcd luôn ưu tiên cách tiếp cận xử lý nợ có trách nhiệm, đồng hành cùng khách hàng trong giai đoạn khó khăn và khuyến khích khách hàng chủ động phối hợp để thực hiện nghĩa vụ tài chính. khối đẩy mạnh số hóa, ứng dụng công nghệ theo lộ trình để chuẩn hóa quy trình chuyên nghiệp và nâng cao hiệu quả tác nghiệp, đồng thời tăng cường triển khai các biện pháp tố tụng và xử lý tài sản bảo đảm theo đúng quy định pháp luật, nhằm bảo vệ quyền lợi hợp pháp của các bên liên quan. ông phùng du",BCTN 2025 (cache),37,,2026-10-05
VPBank,S3,,,"ảng số trung tâm, sở hữu năng lực và trải nghiệm tương đương một ngân hàng số, đáp ứng hiệu quả nhu cầu tài chính thiết yếu của người lao động việt nam trong kỷ nguyên số. trong năm 2025, fe credit tập trung mở rộng thông qua phát triển sản phẩm và tăng cường hợp tác chiến lược. công ty triển khai các chương trình hợp tác cho vay cá nhân quy mô lớn với đối tác bán lẻ, góp phần đa dạng hóa kênh phân phối và gia tăng khả năng tiếp cận khách hàng. đồng thời, mô hình phục vụ trực tiếp đến khách hàng (d2c) tiếp tục được mở rộng trên các kênh bán và nền tảng số, thúc đẩy hoạt động bán chéo và mức độ tương tác của khách hàng. song hành với mục tiêu tăng trưởng, fe credit tập trung củng cố nội lực và nâng cao năng lực quản trị toàn diện, bao gồm quản trị rủi ro, nguồn nhân lực và pháp chế - tuân thủ, qua đó xây dựng nền tảng vững chắc cho hoạt động an toàn và tăng trưởng bền vững. công nghệ dẫn lối, khách hàng làm trung tâm củng cố năng lực quản trị toàn diện dựa trên chiến lược “lấy khách hàng làm trung tâm”, công ty đã triển khai chính sách sản phẩm linh hoạt, thích ứng với biến động thị trường trên cơ sở thấu hiểu sâu sắc nhu cầu và hoàn cảnh",BCTN 2025 (cache),47,,2026-10-05
VPBank,S3,,,"àm trọng tâm. với định hướng đó, công ty kỳ vọng duy trì đà tăng trưởng tích cực, đồng thời tiếp tục khẳng định vai trò là một trong những doanh nghiệp tài chính tiêu dùng tiên phong tại việt nam. phong phú của người tiêu dùng. song song, fe credit tăng cường hợp tác công nghệ, chia sẻ hạ tầng số, dữ liệu và năng lực phân tích với vpbank, góp phần nâng cao hiệu quả quản trị rủi ro, cá nhân hóa sản phẩm và cải thiện trải nghiệm khách hàng trên các kênh số. việc phối hợp phát triển các giải pháp và sản phẩm tài chính tích hợp cũng giúp fe credit rút ngắn thời gian đưa sản phẩm ra thị trường, đồng thời tiết giảm chi phí vận hành. nếu năm 2025 được xác định là năm bản lề nhằm xây dựng nền tảng vững chắc cho chuyển đổi số tại fe credit, thì năm 2026 sẽ là giai đoạn tăng tốc, đưa dịch vụ tài chính tiêu dùng tiếp cận sâu rộng hơn tới nhiều phân khúc, tình hình hoạt động trong năm 2025 các con số nổi bật năm 2025 các giải thưởng tiêu biểu trong năm 2025 đặc biệt là thế hệ gen z và nhóm khách hàng dưới chuẩn ngân hàng. fe credit tiếp tục đồng hành cùng hệ sinh thái vpbank, đẩy mạnh các hoạt động phát triển đối tác chiến lược, mở rộng kênh hợp tác. trong đó, ưu tiên các đối tác sở hữu hệ sinh thái hoàn chỉnh và nền tảng dữ liệu lớn nhằm nâng cao hiệu quả khai thác và cá nhân hóa dịch vụ. song song, công ty sẽ tích cực phối hợp cùng chính phủ và ngân hàng mẹ trong việc thúc đẩy tài chính toàn diện, cung cấp các sản phẩm tài chính minh bạch, hợp pháp và có trách nhiệm, góp phần đáp ứng nhu cầu tiếp cận vốn của nhóm khách hàng dưới chuẩn một cách bền vững. đồng thời, fe credit cũng tiếp tục đẩy mạnh hợp tác toàn diện từ sản phẩm, công nghệ đến thương hiệu với hệ sinh thái vpbank, qua đó hướng đến mục tiêu gia tăng nhận diện thương hiệu, mở rộng độ phủ thị trường và mang giá trị thịnh vượng cho hàng triệu khách hàng việt nam. đơn vị dẫn đầu về phát hành thẻ mới; đơn vị dẫn đầu về tăng trưởng số lượng thẻ kích hoạt tích lũy; đơn vị dẫn đầu về tốc độ tăng trưởng doanh số giao dịch thẻ công ty uy tín ngành tài chính cho nhóm công ty tài chính năm thứ hai có lãi liên tiếp, lợi nhuận trước thuế 611 tỷ đồng tổng doanh thu tỷ đồng 16.455 triệu khách hàng phát sinh khoản vay hoặc thẻ >2,4 tình hình hoạt động trong năm 2025 giải vàng hạng mục “o2o/new retail/innovative & new tech sales channels” / giải đồng tại hạng mục “real-time marketing” mma smarties vietnam 2025 chuyển đổi số không chỉ là động lực tăng trưởng mà là nền tảng để fe credit thực hiện sứ mệnh tài chính toàn diện. sau năm 2025 xây dựng nền móng, năm 2026 là thời điểm chúng tôi tăng tốc chiến lược, mở rộng khả năng tiếp cận tài chính tiêu dùng cho các thế hệ khách hàng mới và những nhóm còn hạn chế trong tiếp cận hệ thống ngân hàng truyền thống. thông qua hệ sinh thái vpbank và mạng lưới đối tác chiến lược dựa trên dữ liệu và công nghệ, fe credit cam kết cung cấp các giải pháp tài chính minh bạch, hợp pháp và bền vững, đồng hành cùng mục tiêu phát triển kinh tế – xã hội của việt nam. bà nguyễn thị minh nguyệt tổng giám đốc fe credit cuộc bình chọn doanh nghiệp niêm yết 2025 (vlca 2025) tổ c",BCTN 2025 (cache),48,,2026-10-05
VPBank,S3,,,"g song với đổi mới công nghệ, chiến lược kinh doanh và phát triển sản phẩm của opes trong năm qua cũng được triển khai theo hướng tập trung và hiệu quả hơn. doanh nghiệp khai thác sâu các lợi thế từ hệ sinh thái mở rộng khác biệt của vpbank, đồng thời mở rộng hợp tác ra ngoài với nhiều đối tác lớn trong lĩnh vực ngân hàng, tài chính, tiêu dùng và công nghệ. bằng cách tích hợp trực tiếp các giải pháp bảo hiểm vào luồng giao dịch của các đối tác, opes đã cá nhân hóa trải nghiệm người dùng, biến bảo hiểm thành một phần tất yếu trong hành trình mua sắm và chi tiêu của khách hàng. opes cũng tích cực đồng hành cùng c",BCTN 2025 (cache),49,,2026-10-05
VPBank,T1,,,"diện, tăng cường an toàn – bảo mật và kiến tạo nền tảng vững chắc cho tăng trưởng bền vững của toàn hệ sinh thái. trong phân khúc khách hàng cá nhân, vpbank đã số hóa hơn 70% nghiệp vụ, nổi bật là sản phẩm ngân hàng số vpbank neo, cùng hàng loạt sáng kiến như ekyc, esignature, ecms, loyalty (lynkid), crm, ewallet, agent banking, virtualqc… cùng các ứng dụng ai, ml. tại phân khúc khách hàng doanh nghiệp, it hoàn thành phát triển corporate master mobile app; chuyển đổi toàn bộ giao diện hệ thống sale portal theo kiến trú",BCTN 2025 (cache),41,,2026-10-05
VPBank,T1,,,"banking, virtualqc… cùng các ứng dụng ai, ml. tại phân khúc khách hàng doanh nghiệp, it hoàn thành phát triển corporate master mobile app; chuyển đổi toàn bộ giao diện hệ thống sale portal theo kiến trúc hiện đại; thí điểm tự động hóa các quy trình thẩm định, ekyc; vận hành nền tảng xác thực tập trung ciam. nhờ những chương trình số hóa toàn diện trên, tính đến cuối 2025, các nền tảng ngân hàng số đã sở hữu năng lực xử lý khổng lồ: vpbank neo đã xử lý 1,33 tỷ giao dịch và vpbank neobiz xử lý 10,8 triệu giao dịch. năm 2",BCTN 2025 (cache),41,,2026-10-05
VPBank,T1,,," khai chương trình diễn tập cùng đào tạo nâng cao nhận thức cho cán bộ nhân viên. ủy ban quản lý rủi ro định hướng nâng cấp toàn diện hệ thống an ninh thông tin, bảo đảm tuân thủ nghiêm ngặt các quy định mới về bảo vệ dữ liệu cá nhân và xây dựng cơ sở dữ liệu sinh trắc học tập trung, đồng thời duy trì hiệu quả và liên tục cho các hoạt động kinh doanh của ngân hàng. • tham mưu hđqt phê duyệt và ban hành các văn bản/quy định nội bộ: (i) chi phí vốn áp dụng năm 2026; (ii) tuyên bố khẩu vị rủi ro vpbank giai đoạn 2026-2028 và (iii)",BCTN 2025 (cache),88,,2026-10-05
VPBank,T1,,,"diện, tăng cường an toàn – bảo mật và kiến tạo nền tảng vững chắc cho tăng trưởng bền vững của toàn hệ sinh thái. trong phân khúc khách hàng cá nhân, vpbank đã số hóa hơn 70% nghiệp vụ, nổi bật là sản phẩm ngân hàng số vpbank neo, cùng hàng loạt sáng kiến như ekyc, esignature, ecms, loyalty (lynkid), crm, ewallet, agent banking, virtualqc… cùng các ứng dụng ai, ml. tại phân khúc khách hàng doanh nghiệp, vpbank hoàn thành phát triển corporate master mobile app; chuyển đổi toàn bộ giao diện hệ thống sale portal theo kiến",BCTN 2025 (cache),114,,2026-10-05
VPBank,T1,,,"ing, virtualqc… cùng các ứng dụng ai, ml. tại phân khúc khách hàng doanh nghiệp, vpbank hoàn thành phát triển corporate master mobile app; chuyển đổi toàn bộ giao diện hệ thống sale portal theo kiến trúc hiện đại; thí điểm tự động hóa các quy trình thẩm định, ekyc; vận hành nền tảng xác thực tập trung ciam. nhờ những chương trình số hóa toàn diện trên, tính đến cuối 2025, vpbank neo đã xử lý 1,33 tỷ giao dịch, trong khi vpbank neobiz xử lý 10,8 triệu giao dịch. eco-2: tài chính bền vững • tăng trưởng tài chính bền vững",BCTN 2025 (cache),114,,2026-10-05
VPBank,T2,,,"uả vận hành. ở mảng tín chấp và thẻ, rb duy trì tăng trưởng bền vững trên nền tảng số hóa và khai thác hệ sinh thái khách hàng, thông qua việc tập trung số hóa toàn diện quy trình bán hàng, tối ưu chính sách theo từng phân khúc, phát triển các sản phẩm số như vay trực tuyến, mua trước trả sau (buy now, pay later - bnpl) và các danh mục thẻ chuyên biệt. song song, khối tiếp tục ứng dụng dữ liệu tiếp tục khẳng định chiến lược phân khúc trong năm 2026 và ai trong cá nhân hóa ưu đãi, thúc đẩy bán chéo và cải thiện giá trị trên mỗi k",BCTN 2025 (cache),29,,2026-10-05
VPBank,T2,,," trụ sở chính của gpbank; công văn số 2516/qlgs4 về việc gpbank thay đổi tên trên giấy phép của ngân hàng nhà nước, gpbank thay đổi tên thành ngân hàng thương mại tnhh mtv kỷ nguyên thịnh vượng. theo quy định tại điểm c, khoản 1, điều 185 của luật các tổ chức tín dụng số 32/2024/qh15 ngày 18 tháng 1 năm 2024, ngân hàng không phải hợp nhất báo cáo tài chính của ngân hàng thương mại được chuyển giao bắt buộc. theo đó báo cáo tài chính hợp nhất của ngân hàng cho năm tài chính kết thúc ngày 31 tháng 12 năm 2025 bao gồm ngân hàng ",BCTN 2025 (cache),126,,2026-10-05
VPBank,T2,,,"bình quân gia quyền. chênh lệch giữa giá trị khoản nhận được và giá vốn của cổ phiếu phát hành lại được trình bày trong thặng dư vốn cổ phần. 4.17.4 các quỹ dự trữ các quỹ dự trữ của ngân hàng ngân hàng thực hiện trích lập các quỹ dự trữ theo luật các tổ chức tín dụng số 32/2024/qh15, nghị định 135/2025/nđ-cp có hiệu lực từ ngày 1 tháng 8 năm 2025 (thay thế nghị định số 93/2017/nđ-cp) và theo điều lệ của ngân hàng. theo đó, phần lợi nhuận còn lại ngân hàng sau khi bù đắp lỗ năm trước theo quy định của luật thuế thu nhập doanh",BCTN 2025 (cache),133,,2026-10-05
VPBank,T3,,,m biên lãi thuần ocr rb nhận dạng ký tự quang học khách hàng cá nhân smbc sumitomo mitsui banking corporation sme doanh nghiệp nhỏ và vừa svck so với cùng kỳ tctd tổ chức tín dụng tnhh trách nhiệm hữu hạn tmcp thương mại cổ phần toi viết tắt diễn giải acgs ai trí tuệ nhân tạo ai agent tác nhân trí tuệ nhân tạo aws amazon web services big data dữ liệu lớn bps điểm cơ bản car tỷ lệ an toàn vốn cagr tỷ lệ tăng trưởng kép hàng năm casa tiền gửi không kỳ hạn đhđcđ esg môi trường – xã hội – quản trị fdi đầu tư trực tiếp nước ngoài gdp t,BCTN 2025 (cache),3,,2026-10-05
VPBank,T3,,,ý tự quang học khách hàng cá nhân smbc sumitomo mitsui banking corporation sme doanh nghiệp nhỏ và vừa svck so với cùng kỳ tctd tổ chức tín dụng tnhh trách nhiệm hữu hạn tmcp thương mại cổ phần toi viết tắt diễn giải acgs ai trí tuệ nhân tạo ai agent tác nhân trí tuệ nhân tạo aws amazon web services big data dữ liệu lớn bps điểm cơ bản car tỷ lệ an toàn vốn cagr tỷ lệ tăng trưởng kép hàng năm casa tiền gửi không kỳ hạn đhđcđ esg môi trường – xã hội – quản trị fdi đầu tư trực tiếp nước ngoài gdp tổng sản phẩm quốc nội genai trí tuệ,BCTN 2025 (cache),3,,2026-10-05
VPBank,T3,,,hân tạo aws amazon web services big data dữ liệu lớn bps điểm cơ bản car tỷ lệ an toàn vốn cagr tỷ lệ tăng trưởng kép hàng năm casa tiền gửi không kỳ hạn đhđcđ esg môi trường – xã hội – quản trị fdi đầu tư trực tiếp nước ngoài gdp tổng sản phẩm quốc nội genai trí tuệ nhân tạo tạo sinh gtcg hđtv giấy tờ có giá hđqt hose sở giao dịch chứng khoán tp hcm hnx sở giao dịch chứng khoán hà nội ib ifc ipo kpi llm mô hình ngôn ngữ lớn danh mục viết tắt 4 báo cáo thường niên 2025 5 báo cáo thường niên 2025 4 báo cáo thường niên 2025 5 báo cá,BCTN 2025 (cache),3,,2026-10-05
VPBank,T3,,, nim biên lãi thuần ocr rb nhận dạng ký tự quang học khách hàng cá nhân smbc sumitomo mitsui banking corporation sme doanh nghiệp nhỏ và vừa svck so với cùng kỳ tctd tổ chức tín dụng tnhh trách nhiệm hữu hạn tmcp thương mại cổ phần toi viết tắt diễn giải acgs ai trí tuệ nhân tạo ai agent tác nhân trí tuệ nhân tạo aws amazon web services big data dữ liệu lớn bps điểm cơ bản car tỷ lệ an toàn vốn cagr tỷ lệ tăng trưởng kép hàng năm casa tiền gửi không kỳ hạn đhđcđ esg môi trường – xã hội – quản trị fdi đầu tư trực tiếp,BCTN 2025 (cache),3,,2026-10-05
VPBank,T3,,,ocr rb nhận dạng ký tự quang học khách hàng cá nhân smbc sumitomo mitsui banking corporation sme doanh nghiệp nhỏ và vừa svck so với cùng kỳ tctd tổ chức tín dụng tnhh trách nhiệm hữu hạn tmcp thương mại cổ phần toi viết tắt diễn giải acgs ai trí tuệ nhân tạo ai agent tác nhân trí tuệ nhân tạo aws amazon web services big data dữ liệu lớn bps điểm cơ bản car tỷ lệ an toàn vốn cagr tỷ lệ tăng trưởng kép hàng năm casa tiền gửi không kỳ hạn đhđcđ esg môi trường – xã hội – quản trị fdi đầu tư trực tiếp nước ngoài gdp tổng,BCTN 2025 (cache),3,,2026-10-05
VPBank,T3,,, tuệ nhân tạo aws amazon web services big data dữ liệu lớn bps điểm cơ bản car tỷ lệ an toàn vốn cagr tỷ lệ tăng trưởng kép hàng năm casa tiền gửi không kỳ hạn đhđcđ esg môi trường – xã hội – quản trị fdi đầu tư trực tiếp nước ngoài gdp tổng sản phẩm quốc nội genai trí tuệ nhân tạo tạo sinh gtcg hđtv giấy tờ có giá hđqt hose sở giao dịch chứng khoán tp hcm hnx sở giao dịch chứng khoán hà nội ib ifc ipo kpi llm mô hình ngôn ngữ lớn danh mục viết tắt 4 báo cáo thường niên 2025 5 báo cáo thường niên 2025 4 báo cáo thường n,BCTN 2025 (cache),3,,2026-10-05
VPBank,T3,,," địa vững chắc cho giai đoạn phát triển tiếp theo. đầu tư cho công nghệ, dữ liệu và con người cũng tiếp tục là những ưu tiên chiến lược của vpbank trong năm 2025. chuyển đổi số trong các quy trình nghiệp vụ cốt lõi, ứng dụng các công nghệ mới như dữ liệu lớn, trí tuệ nhân tạo và các giải pháp số hóa toàn diện giúp nâng cao năng suất, rút ngắn thời gian đưa sản phẩm ra thị trường và cải thiện trải nghiệm khách hàng. những dấu mốc nói trên cũng trở thành điểm nhấn tiêu biểu cho năm cuối nhiệm kỳ 5 năm (2020-2025), khi hội đồng quản ",BCTN 2025 (cache),5,,2026-10-05
VPBank,T3,,,"ển tiếp theo, vpbank cũng chủ động rà soát và hoàn thiện một số trụ cột vận hành then chốt, từ cấu trúc chi phí vốn, năng suất lao động đến trải nghiệm khách hàng. ngân hàng sẽ tiếp tục dành nguồn lực trọng tâm cho việc ứng dụng sâu rộng các công nghệ mới như trí tuệ nhân tạo (genai), phân tích dữ liệu lớn và số hóa toàn diện quy trình vận hành nhằm tinh gọn tổ chức, nâng cao hiệu suất, thông điệp thông điệp thông điệp chủ tịch hội đồng quản trị và tổng giám đốc đồng thời tiếp tục đầu tư vào chính sách phúc lợi và phát triển nghề ",BCTN 2025 (cache),5,,2026-10-05
VPBank,T4,,,"nh befit tinh chỉnh bộ máy hoạt động và nâng cao năng suất lao động. hoàn thành cả 3 trụ cột basel ii. kích hoạt kế hoạch kinh doanh liên tục (bcp) và xây dựng các phương án đối phó với covid-19. triển khai hàng loạt sáng kiến số hóa về nền tảng công nghệ như open banking. 2017 niêm yết thành công cổ phiếu trên hose, huy động thêm gần 300 triệu usd từ phát hành riêng lẻ, mở ra giai đoạn phát triển hội nhập mới. lịch sử và thành tựu hơn 30 năm phát triển của vpbank (1993 - 2025) 2022 2023 2024 2025 gia hạn thỏa thuận hợp tác độ",BCTN 2025 (cache),10,,2026-10-05
VPBank,T4,,," • đối với phân khúc sme và khách hàng doanh nghiệp, vpbank đã: (i) duy trì nâng cấp hệ thống chấm điểm tín dụng nhằm nâng cao năng lực đo lường rủi ro, hỗ trợ ra quyết định tín dụng, nhận diện sớm rủi ro và tăng cường công tác giám sát; (ii) thúc đẩy mô hình ngân hàng mở và hợp tác số hóa với các đối tác như smartsme, 3ts, … nhằm mở rộng kênh bán hàng số và gia tăng quy mô tín dụng và (iii) hiện đại hóa quy trình thông qua tự động hóa và ứng dụng công nghệ tiên tiến, qua đó nâng cao hiệu quả vận hành, cải thiện trải nghiệm kh",BCTN 2025 (cache),20,,2026-10-05
VPBank,T4,,,"ụ trên doanh thu giảm 13% so với năm 2024. • lượng giấy in trên mỗi nhân viên giảm 10% so với năm 2024. e-3: quản lý hoạt động phát thải khí nhà kính (knk) • kết quả ước tính lượng phát thải khí nhà kính của phạm vi 1 & 2 năm 2025 tăng 3,5% so với năm 2024 do ngân hàng mở rộng quy mô hoạt động, tuy nhiên đã giảm 32,5% so với năm cơ sở 2018. • lượng phát thải khí nhà kính của phạm vi 1 & 2 trên mỗi nhân viên trong năm 2025 đã giảm 10% so với năm 2024. • đã xây dựng lộ trình hạn mức để kiểm soát chặt chẽ hoạt động cấp tín dụng đ",BCTN 2025 (cache),114,,2026-10-05
VPBank,O1,,,"8 9 báo cáo thường niên 2025 báo cáo thường niên 2025 thông điệp các quý cổ đông, khách hàng và đối tác thân mến, đi cùng với sự mở rộng quy mô là năng lực huy động của toàn hệ sinh thái tiếp tục được củng cố. tổng huy động tăng 35,6% nhờ đa dạng hóa sản phẩm và mở rộng tệp khách hàng. song song với đó, vpbank tiếp tục khẳng định uy tín trên thị trường vốn quốc tế thông qua các khoản huy động trung và dài hạn, được thu xếp và bảo lãnh bởi các định chế tài chính hàng đầu, với tổng quy mô đạt 2,36 tỷ usd. trên nền tảng quy mô mở rộng và sự cộng hưởng chặt chẽ của hệ sinh thái, lợi nhuận trước thuế hợp nhất đạt 30.625 tỷ đồng, trong khi chất lượng tài sản tiếp tục được kiểm soát với tỷ lệ nợ xấu hợp nhất theo thông tư 31 dưới 3%. tỷ lệ an toàn vốn thuộc nhóm dẫn đầu hệ thống, cho thấy mô hình tăng trưởng cân bằng giữa quy mô và chất lượng đã phát huy hiệu quả, đồng thời tạo dư địa vững chắc cho giai đoạn phát triển tiếp theo. đầu tư cho công nghệ, dữ liệu và con người cũng tiếp tục là những ưu tiên chiến lược của vpbank trong năm 2025. chuyển đổi số trong các quy trình nghiệp vụ cốt lõi, ứng dụng các công nghệ mới như dữ liệu lớn, trí tuệ nhân tạo và các giải pháp số hóa toàn diện giúp nâng cao năng suất, rút ngắn thời gian đưa sản phẩm ra thị trường và cải thiện trải nghiệm khách hàng. những dấu mốc nói trên cũng trở thành điểm nhấn tiêu biểu cho năm cuối nhiệm kỳ 5 năm (2020-2025), khi hội đồng quản trị, ban lãnh đạo đã chèo lái con thuyền vpbank vượt qua một giai đoạn biến động chưa từng có của nền kinh tế và thị trường tài chính thế giới, đồng thời đặt nền móng vững chắc cho giai đoạn tăng trưởng mới của ngân hàng. năm 2026 được xác định là năm bản lề quan trọng trong kế hoạch phát triển 5 năm lần thứ tư của vpbank, đánh dấu giai đoạn tăng tốc nhằm hiện thực hóa các mục tiêu chiến lược dài hạn. khép lại năm 2025, hệ sinh thái vpbank tiếp tục khẳng định vai trò động lực tăng trưởng cốt lõi trong mô hình tập đoàn tài chính, vận hành theo triết lý cộng hưởng thịnh vượng. dưới khung quản trị tập đoàn ngày càng hoàn thiện, ngân hàng mẹ giữ vai trò trung tâm điều phối, cùng sự đồng hành của cổ đông chiến lược smbc, tạo điều kiện để các đơn vị thành viên phát huy thế mạnh chuyên biệt, bổ trợ lẫn nhau và đóng góp ngày càng rõ nét vào kết quả chung. trong bức tranh đó, từng mảnh ghép của hệ sinh thái đều ghi nhận những bước tiến quan trọng. vpbanks vươn lên nhóm công ty chứng khoán dẫn đầu về quy mô và hiệu quả, nằm trong top 10 thị phần môi giới trên tất cả các sàn giao dịch, đồng thời ghi dấu ấn bằng thương vụ ipo có quy mô hơn 12.700 tỷ đồng, lớn nhất ngành chứng khoán. fe credit có lãi năm thứ hai liên tiếp, cho thấy hiệu quả của quá trình tái cấu trúc toàn điện, cùng với định hướng chiến lược mới. opes vượt kế hoạch kinh doanh, tiếp tục củng cố vai trò bảo hiểm số trong chuỗi giá trị dịch vụ. đồng thời, sự hiện diện của thành viên mới gpbank, với bộ nhận diện thương hiệu mới và có lãi ngay sau năm đầu tiên tái cơ cấu, đã mở rộng không gian tăng trưởng, bổ sung thêm một mắt xích quan trọng, gia tăng chiều sâu và sức bật cho toàn hệ sinh thái. sự cộng hưởng giữa các đơn vị thành viên được phản ánh rõ nét trong các chỉ tiêu tài chính hợp nhất. giữa năm 2025, tổng tài sản vpbank chính thức cán mốc triệu tỷ đồng – một dấu mốc quan trọng khẳng định nền tảng quy mô và năng lực tăng trưởng. kết thúc năm, vpbank vững vàng ở vị trí dẫn đầu trong nhóm ngân hàng tư nhân tại việt nam với quy mô tổng tài sản đạt 1,26 triệu tỷ đồng. cùng với đó, dư nợ tín dụng đánh dấu tốc độ tăng trưởng cao nhất trong nhiều năm trở lại đây. trong giai đoạn 5 năm tới, vpbank hướng tới việc mở rộng mạnh mẽ quy mô hoạt động, đồng thời duy trì tốc độ tăng trưởng cao trên 30% mỗi năm. trọng tâm của chiến lược này là sự kết hợp chặt chẽ giữa “tăng trưởng nhanh” và “nâng cao chất lượng”, qua đó vừa thúc đẩy mở rộng quy mô kinh doanh, vừa củng cố nền tảng quản trị rủi ro và hiệu quả vận hành, đảm bảo tăng trưởng bền vững trong dài hạn. trên nền tảng những thành quả đã đạt được, ngân hàng đặt mục tiêu tổng tài sản hợp nhất vượt 1,6 triệu tỷ đồng và lợi nhuận trước thuế hơn 41.000 tỷ đồng, từng bước gần hơn tới tầm nhìn trở thành một trong 3 ngân hàng lớn nhất việt nam và nằm trong top 100 ngân hàng hàng đầu châu á. để hiện thực hóa điều đó, vpbank không chỉ dựa vào mô hình tăng trưởng truyền thống mà sẽ tiếp tục mở rộng hệ sinh thái, phát triển các mảng kinh doanh mới đầy tiềm năng. bảo hiểm nhân thọ, quản lý quỹ, kinh doanh vàng vật chất và tài sản mã hoá là những phân khúc chiến lược sẽ được tập trung triển khai để đón đầu nhu cầu của thế hệ nhà đầu tư tương lai. cùng với đó, sự kết hợp giữa ngân hàng mẹ và các công ty thành viên như vpbanks, fe credit, hay opes tiếp tục tạo nên một chuỗi giá trị gắn kết, cho phép tập đoàn thâm nhập sâu vào mọi phân khúc thị trường, từ đó tối ưu hóa lợi thế cạnh tranh của mô hình tập đoàn tài chính đa năng. để duy trì đà tăng trưởng bền vững trong giai đoạn phát triển tiếp theo, vpbank cũng chủ động rà soát và hoàn thiện một số trụ cột vận hành then chốt, từ cấu trúc chi phí vốn, năng suất lao động đến trải nghiệm khách hàng. ngân hàng sẽ tiếp tục dành nguồn lực trọng tâm cho việc ứng dụng sâu rộng các công nghệ mới như trí tuệ nhân tạo (genai), phân tích dữ liệu lớn và số hóa toàn diện quy trình vận hành nhằm tinh gọn tổ chức, nâng cao hiệu suất, thông điệp thông điệp thông điệp chủ tịch hội đồng quản trị và tổng giám đốc đồng thời tiếp tục đầu tư vào chính sách phúc lợi và phát triển nghề nghiệp, qua đó phát huy tối đa năng l",BCTN 2025 (cache),5,,2026-10-05
VPBank,O1,,,"54 báo cáo thường niên 2025 55 báo cáo thường niên 2025 thị trường về cho vay ô tô mới top 1 top 1 số lượng khách hàng ưu tiên đạt tăng 22% so với năm 2024 700.000 tổng số lượng khách hàng cá nhân đạt thẻ tín dụng đang lưu hành 1,9 triệu doanh số giao dịch gần top 1 về số lượng thẻ tín dụng và chi tiêu thẻ trên thị trường 176.000 tỷ đồng bảo hiểm phi nhân thọ tín dụng, huy động tăng trưởng so với năm 2024 25% tăng trưởng 24% so với 2024 19,4 triệu năm 2025, vpbank duy trì vị thế hàng đầu trong mảng bancassurance (bán chéo bảo hiểm qua ngân hàng) với doanh thu phí bảo hiểm nhân thọ tăng 54%. ở mảng phi nhân thọ, vpbank tiếp tục dẫn đầu thị trường, chiếm 15–17% thị phần. rb tiếp tục số hóa toàn bộ quy trình phát huy vị thế dẫn đầu thị trường bảo hiểm các con số nổi bật trong năm 2025 vận hành khép kín (end to end) trên nền tảng vpbank neo nhằm nâng cao trải nghiệm và hiệu quả vận hành trong mảng bảo hiểm. song song, khối triển khai hiệu quả các chương trình hợp tác với đối tác chiến lược aia và kết nối với opes để p",BCTN 2025 (cache),28,,2026-10-05
VPBank,O1,,,"pháp ngân hàng giao dịch mới, được thiết kế phù hợp với nhu cầu của các doanh nghiệp có vốn đầu tư nước ngoài. trên những nền tảng vững chắc, trong năm 2025, khối đã ghi nhận những kết quả hoạt động mạnh mẽ. cụ thể, tiền gửi khách hàng đã tăng trưởng khoảng 90%, tổng quy mô dư nợ gấp hai lần so với cuối năm 2024. bên cạnh huy động tiền gửi và cho vay, fdic đã phát hành một lượng lớn bảo lãnh và ghi nhận các giao dịch ngoại hối có giá trị đáng kể liên quan đến các thương vụ m&a. tiền gửi khách hàng tăng trưởng quy mô dư nợ gấp 2 lần 90% so với năm 2024 so với năm2024 trong năm 2025, sự tham gia của đối tác chiến lược smbc đóng vai trò quan trọng, tạo nền tảng để fdi-tb mở rộng hợp tác với các doanh nghiệp nhật bản và các tập đoàn đa quốc gia (mnc), đồng thời hoàn thiện hệ sinh thái sản phẩm từ tài chính dự án, ngân hàng giao dịch đến các giải pháp tài chính chuyên biệt, đáp ứng toàn diện nhu cầu của khách hàng doanh nghiệp và fdi tại việt nam. trong lĩnh vực tài trợ chuỗi cung ứng, vpbank tiên phong hợp tác với các thương hiệu ô tô và xe máy hàng đầu như mitsubishi, volkswagen, nissan, vinfast, byd, yamaha và suzuki, góp phần mở rộng khả năng tiếp cận vốn cho hệ thống đại lý và thúc đẩy phát triển chuỗi giá trị vận tải bền vững. trong năm 2025, fdi-tb đã triển khai các giải pháp tài chính chuyên biệt cho nhiều ngành trọng điểm như cà phê, nhựa, dược phẩm, may mặc và chế biến, kết hợp với nền tảng số hóa hiện đại và chi phí cạnh tranh. đồng thời, khối cũng đẩy mạnh chuyển đổi hợp lực chiến lược, gia tăng hiện diện trong chuỗi giá trị fdi số với việc ra mắt dịch vụ bảo lãnh dự thầu điện tử qua e-gp và triển khai các sản phẩm tài trợ thương mại tiên tiến như bao thanh toán miễn truy đòi và kinh doanh bộ chứng từ theo lc. bên cạnh đó, fdi-tb ghi nhận bước tiến quan trọng trong việc tích hợp giải pháp quản lý dòng tiền và tài trợ chuỗi cung ứng, hỗ trợ khách hàng tối ưu hóa dòng tiền và tự động hóa quy trình tài chính. năng lực số hóa tiếp tục được nâng cao thông qua việc cải tiến nền tảng ngân hàng trực tuyến và ứng dụng ai trong hỗ trợ khách hàng. năm 2025, vpbank duy trì vị thế là một trong những ngân hàng lưu ký hàng đầu tại việt nam. ngân hàng đã chủ động nâng cấp hệ thống và hoàn",BCTN 2025 (cache),34,,2026-10-05
VPBank,O1,,,"79 báo cáo thường niên 2025 78 báo cáo thường niên 2025 kiểm soát chi phí: tỷ đồng sms và cic tối ưu gần 71 106 xử lý triệu giao dịch năng lực xử lý giao dịch tăng trưởng 38% so với 2024 tỷ đồng chí phí 43 tối ưu gần sáng kiến 200 dự án trọng điểm 3 triển khai giải thưởng 4 tại cuộc thi “hành trình sáng tạo – khát vọng vươn mình” do công đoàn nhnn phát động khối vận hành (ops) năm 2025, ops tiếp tục theo đuổi chiến lược vận hành hiệu quả: ứng dụng công nghệ trong các quy trình vận hành khép kín (end-to-end) nhằm tối ưu thời gian xử lý giao dịch, giải phóng nguồn lực để mở rộng và nâng cao chất lượng dịch vụ. chiến lược này được mở rộng tới các thành viên trong tập đoàn, tạo giá trị cộng hưởng và nâng tầm trải nghiệm khách hàng. trong năm, ops tập trung vào 3 trụ cột lớn: tối ưu vận hành, nâng cao trải nghiệm khách hàng và kiểm soát tốt rủi ro vận hành. công tác tối ưu hoạt động năm 2025 mang lại các kết quả đáng ghi nhận: tối ưu vận hành từ đổi mới tình hình hoạt động trong năm 2025 trên lộ trình chuyển đổi số của vpbank, ops giữ vai trò nòng cốt trong chuẩn hóa và nâng cao hiệu quả hoạt động vận hành cốt lõi. khối triển khai hệ sinh thái bot tự động (autobot) có độ trưởng thành cao, quy mô lớn và các ứng dụng ai nền tảng, tích hợp xuyên suốt trong các quy trình vậ",BCTN 2025 (cache),40,,2026-10-05
VPBank,O1,,,"g nghệ thông tin (it) với vai trò trụ cột công nghệ, khối it đang thúc đẩy số hóa toàn diện, tăng cường an toàn – bảo mật và kiến tạo nền tảng vững chắc cho tăng trưởng bền vững của toàn hệ sinh thái. trong phân khúc khách hàng cá nhân, vpbank đã số hóa hơn 70% nghiệp vụ, nổi bật là sản phẩm ngân hàng số vpbank neo, cùng hàng loạt sáng kiến như ekyc, esignature, ecms, loyalty (lynkid), crm, ewallet, agent banking, virtualqc… cùng các ứng dụng ai, ml. tại phân khúc khách hàng doanh nghiệp, it hoàn thành phát triển corporate master mobile app; chuyển đổi toàn bộ giao diện hệ thống sale portal theo kiến trúc hiện đại; thí điểm tự động hóa các quy trình thẩm định, ekyc; vận hành nền tảng xác thực tập trung ciam. nhờ những chương trình số hóa toàn diện trên, tính đến cuối 2025, các nền tảng ngân hàng số đã sở hữu năng lực xử lý khổng lồ: vpbank neo đã xử lý 1,33 tỷ giao dịch và vpbank neobiz xử lý 10,8 triệu giao dịch. năm 2025, hệ thống core banking t24 temenos transact đã được nâng cấp lên phiên bản r23. song song, các ứng dụng tiếp tục được chuyển lên nền tảng đám mây nhằm nâng cao tính sẵn sàng và khả năng mở rộng. các api và nền tảng kết nối đã được triển khai, liên thông hệ thống ngân số hóa toàn diện, củng cố an toàn, bảo mật hàng với đối tác, tạo môi trường giao dịch và dịch vụ đồng bộ. tận dụng hệ thống bưu cục phủ rộng của vnpost, mạng lưới chấp nhận thanh toán đã được mở rộng đến khu vực nông thôn, vùng sâu, vùng xa thông qua mobile pos và qr code. song hành cùng quá trình số hóa, vpbank chú trọng xây dựng và duy trì nền tảng an toàn, bảo mật vững chắc. trong năm 2025, ngân hàng không ghi nhận sự cố an ninh mạng, các chỉ số rủi ro bảo mật duy trì ở ngưỡng an toàn. trước bối cảnh lừa đảo trực tuyến gia tăng, vpbank chủ động triển khai nhiều biện pháp ngăn chặn hành vi giả mạo (phishing), mã độc và chiếm đoạt tài khoản; đồng thời, phối hợp chặt chẽ với các đơn vị nội bộ để điều tr",BCTN 2025 (cache),41,,2026-10-05
VPBank,O1,,,"95 báo cáo thường niên 2025 fe credit cũng tập trung củng cố nền tảng quản trị thông qua việc nâng cao hiệu quả pháp chế, tuân thủ và kiểm soát nội bộ. các cơ chế pháp lý và tuân thủ được triển khai đồng bộ, gắn chặt với hoạt động kinh doanh, nhằm đảm bảo các giao dịch trọng yếu được thực hiện an toàn và liên tục trong giai đoạn chuyển đổi cơ cấu quản trị. công tác rà soát văn bản và kiểm soát tuân thủ được tăng cường, góp phần giảm thiểu rủi ro và củng cố tính bền vững trong vận hành. trong bối cảnh kiểm soát chi phí chặt chẽ, fe credit tập trung nâng cao chất lượng nguồn nhân lực thông qua các chương trình phát triển năng lực cán bộ quản lý các cấp, các hoạt động gắn kết và tạo động lực cho người lao động. đáng chú ý, lần đầu tiên sau hai năm chuyển đổi, fe credit đạt được tỷ lệ lấp đầy cán bộ nhân viên bán hàng, góp phần cải thiện hiệu quả hoạt động và tăng trưởng doanh thu. trên nền tảng công nghệ hiện đại và chiến lược xuyên suốt lấy khách hàng làm trung tâm, fe credit tiếp tục đà phục hồi rõ nét, ghi nhận tổng doanh thu 16.455 tỷ đồng và lợi nhuận trước thuế 611 tỷ đồng, tăng trưởng hơn 19% so với cùng kỳ, đánh dấu năm có lãi thứ hai liên tiếp. đồng thời, trong năm, công ty cũng ghi nhận hơn 2,4 triệu khách hàng phát sinh khoản vay hoặc thẻ. việc fe credit báo lãi trở lại năm thứ hai liên tiếp là minh chứng cho quá trình tái cấu trúc và chuyển đổi chiến lược hiệu quả trong thời gian qua. động lực chính giúp công ty tạo đà phục hồi mạnh mẽ đến từ việc tập trung kiểm soát rủi ro, nâng cao chất lượng danh mục cho vay và tối ưu hiệu quả vận hành. fe credit đã chủ động điều chỉnh chính sách tín dụng theo hướng thận trọng, phù hợp với từng phân khúc khách hàng, đồng thời tăng cường ứng dụng công nghệ và dữ liệu trong quản trị rủi ro. sau quá trình tái cấu trúc, fe credit xác định tận dụng hiệu quả sức mạnh từ hệ sinh thái hơn 30 triệu khách hàng của vpbank là một trong những trụ cột chiến lược để thúc đẩy tăng trưởng bền vững. trong thời gian qua, fe credit đã đẩy mạnh khai thác lợi thế về vốn thông qua sự hỗ trợ từ vpbank và smbc, giúp tối ưu chi phí vốn và nâng cao năng lực tài chính để mở rộng hoạt động kinh doanh một cách hiệu quả và an toàn. đồng thời, công ty triển khai các chương trình bán chéo sản phẩm với vpbank và các đơn vị trong hệ sinh thái, qua đó mở rộng tệp khách hàng, đa dạng hóa sản phẩm và đáp ứng tốt hơn nhu cầu tài chính ngày càng vững vàng đà phục hồi cộng hưởng để tăng tốc song song, việc đầu tư mạnh mẽ vào chuyển đổi số đã giúp công ty cải thiện trải nghiệm khách hàng, nâng cao hiệu suất hoạt động và giảm chi phí vận hành. sự đồng bộ giữa chiến lược kinh doanh, quản trị rủi ro và công nghệ đã tạo nền tảng vững chắc cho tăng trưởng ổn định. đồng thời, sự phối hợp chặt chẽ với các đối tác và đơn vị trong hệ sinh thái tài chính – ngân hàng đã tạo hiệu ứng cộng hưởng, mở rộng độ phủ dịch vụ và gia tăng giá trị cho khách hàng. trong bối cảnh thị trường tài chính tiêu dùng đang dần phục hồi, fe credit xác định tiếp tục theo đuổi chiến lược tăng trưởng có chọn lọc, bền vững và lấy giá trị dài hạn làm trọng tâm. với định hướng đó, công ty kỳ vọng duy trì đà tăng trưởng tích cực, đồng thời tiếp tục khẳng định vai trò là một trong những doanh nghiệp tài chính tiêu dùng tiên phong tại việt nam. phong phú của người tiêu dùng. song song, fe credit tăng cường hợp tác công nghệ, chia sẻ hạ tầng số, dữ liệu và năng lực phân tích với vpbank, góp phần nâng cao hiệu quả quản trị rủi ro, cá nhân hóa sản phẩm và cải thiện trải nghiệm khách hàng trên các kênh số. việc phối hợp phát triển các giải pháp và sản phẩm tài chính tích hợp cũng giúp fe credit rút ngắn thời gian đưa sản phẩm ra thị trường, đồng thời tiết giảm chi phí vận hành. nếu năm 2025 được xác định là năm bản lề nhằm xây dựng nền tảng vững chắc cho chuyể",BCTN 2025 (cache),48,,2026-10-05
VPBank,O1,,,"uả hoạt động và tăng trưởng doanh thu. trên nền tảng công nghệ hiện đại và chiến lược xuyên suốt lấy khách hàng làm trung tâm, fe credit tiếp tục đà phục hồi rõ nét, ghi nhận tổng doanh thu 16.455 tỷ đồng và lợi nhuận trước thuế 611 tỷ đồng, tăng trưởng hơn 19% so với cùng kỳ, đánh dấu năm có lãi thứ hai liên tiếp. đồng thời, trong năm, công ty cũng ghi nhận hơn 2,4 triệu khách hàng phát sinh khoản vay hoặc thẻ. việc fe credit báo lãi trở lại năm thứ hai liên tiếp là minh chứng cho quá trình tái cấu trúc và chuyển đổi chiến lược hiệu quả trong thời gian qua. động lực chính giúp công ty tạo đà phục hồi mạnh mẽ đến từ việc tập trung kiểm soát rủi ro, nâng cao chất lượng danh mục cho vay và tối ưu hiệu quả vận hành. fe credit đã chủ động điều chỉnh chính sách tín dụng theo hướng thận trọng, phù hợp với từng phân khúc khách hàng, đồng thời tăng cường ứng dụng công nghệ và dữ liệu trong quản trị rủi ro. sau quá trình tái cấu trúc, fe credit xác định tận dụng hiệu quả sức mạnh từ hệ sinh thái hơn 30 triệu khách hàng của vpbank là một trong những trụ cột chiến lược để thúc đẩy tăng trưởng bền vững. trong thời gian qua, fe credit đã đẩy mạnh khai thác lợi thế về vốn thông qua sự hỗ trợ từ vpbank và smbc, giúp tối ưu chi phí vốn và nâng cao năng lực tài chính để mở rộng hoạt động kinh doanh một cách hiệu quả và an toàn. đồng thời, công ty triển khai các chương trình bán chéo sản phẩm với vpbank và các đơn vị trong hệ sinh thái, qua đó mở rộng tệp khách hàng, đa dạng hóa sản phẩm và đáp ứng tốt hơn nhu cầu tài chính ngày càng vững vàng đà phục hồi cộng hưởng để tăng tốc song song, việc đầu tư mạnh mẽ vào chuyển đổi số đã giúp công ty cải thiện trải nghiệm khách hàng, nâng cao hiệu suất hoạt động và giảm chi phí vận hành. sự đồng bộ giữa chiến lược kinh doanh, quản trị rủi ro và công nghệ đã tạo nền tảng vững chắc cho tăng trưởng ổn định. đồng thời, sự phối hợp chặt chẽ với các đối tác và đơn vị trong hệ sinh thái tài chính – ngân hàng đã tạo hiệu ứng cộng hưởng, mở rộng độ phủ dịch vụ và gia tăng giá trị cho khách hàng. trong bối cảnh thị trường tài chính tiêu dùng đang dần phục hồi, fe credit xác định tiếp tục theo đuổi chiến lược tăng trưởng có chọn lọc, bền vững và lấy giá trị dài hạn làm trọng tâm. với định hướng đó, công ty kỳ vọng duy trì đà tăng trưởng tích cực, đồng thời tiếp tục khẳng định vai trò là một trong những doanh nghiệp tài chính tiêu dùng tiên phong tại việt nam. phong phú của người tiêu dùng. song song, fe credit tăng cường hợp tác công nghệ, chia sẻ hạ tầng số, dữ liệu và năng lực phân tích với vpbank, góp phần nâng cao hiệu quả quản trị rủi ro, cá nhân hóa sản phẩm và cải thiện trải nghiệm khách hàng trên các kênh số. việc phối hợp phát triển các giải pháp và sản phẩm tài chính tích hợp cũng giúp fe credit rút ngắn thời gian đưa sản phẩm ra thị trường, đồng thời tiết giảm chi phí vận hành. nếu năm 2025 được xác định là năm bản lề nhằm xây dựng nền tảng vững chắc cho chuyển đổi số tại fe credit, thì năm 2026 sẽ là giai đoạn tăng tốc, đưa dịch vụ tài chính tiêu dùng tiếp cận sâu rộng hơn tới nhiều phân khúc, tình hình hoạt động trong năm 2025 các con số nổi bật năm 2025 các giải thưởng tiêu biểu trong năm 2025 đặc biệt là thế hệ gen z và nhóm khách hàng dưới chuẩn ngân hàng. fe credit tiếp tục đồng hành cùng hệ sinh thái vpbank, đẩy mạnh các hoạt động phát triển đối tác chiến lược, mở rộng kênh hợp tác. trong đó, ưu tiên các đối tác sở hữu hệ sinh thái hoàn chỉnh và nền tảng dữ liệu lớn nhằm nâng cao hiệu quả khai thác và cá nhân hóa dịch vụ. song song, công ty sẽ tích cực phối hợp cùng chính phủ và ngân hàng mẹ trong việc thúc đẩy tài chính toàn diện, cung cấp các sản phẩm tài chính minh bạch, hợp pháp và có trách nhiệm, góp phần đáp ứng nhu cầu tiếp cận vốn của nhóm khách hàng dưới chuẩn một cách bền vững. đồng thời, fe credit cũng tiếp tục đẩy mạnh hợp tác toàn diện từ sản phẩm, công nghệ đến thương hiệu với hệ sinh thái vpbank, qua đó hướng đến mục tiêu gia tăng nhận diện thương hiệu, mở rộng độ phủ thị trường và mang giá trị thịnh vượng cho hàng triệu khách hàng việt nam. đơn vị dẫn đầu về phát hành thẻ mới; đơn vị dẫn đầu về tăng trưởng số lượng thẻ kích hoạt tích lũy; đơn vị dẫn đầu về tốc độ tăng trưởng doanh số giao dịch thẻ công ty uy tín ngành tài chính cho nhóm công ty tài chính năm thứ hai có lãi liên tiếp, lợi nhuận trước thuế 611 tỷ đồng tổng doanh thu tỷ đồng 16.455 triệu khách hàng phát sinh khoản vay hoặc thẻ >2,4 tình hình hoạt động trong năm 2025 giải vàng hạng mục “o2o/new retail/innovative & new tech sales channels” / giải đồng tại hạng mục “real-time marketing” mma smarties vietnam 2025 chuyển đổi số không chỉ là động lực tăng trưởng mà là nền tảng để fe credit thực hiện sứ mệnh tài chính toàn diện. sau năm 2025 xây dựng nền móng, năm 2026 là thời điểm chúng tôi tăng tốc chiến lược, mở rộng khả năng tiếp cận tài chính tiêu dùng cho các thế hệ khách hàng m",BCTN 2025 (cache),48,,2026-10-05
VPBank,O1,,,"iệc tăng vốn điều lệ lên 1.900 tỷ đồng đã đưa opes trở thành một trong bốn công ty bảo hiểm phi nhân thọ có vốn điều lệ lớn nhất thị trường, tạo nền tảng vững chắc cho chiến lược tăng trưởng dài hạn. doanh thu phí bảo hiểm gốc đạt 4.833 tỷ đồng, tăng trưởng 84% so với năm trước, trong khi lợi nhuận trước thuế đạt 638 tỷ đồng, tăng 35%. kết quả này giúp opes tăng 5 bậc lên vị trí thứ 6 về thị phần bảo hiểm phi nhân thọ, đồng thời góp mặt trong bảng xếp hạng top 10 các công ty bảo hiểm phi nhân thọ uy tín nhất việt nam và top 500 doanh nghiệp lớn nhất việt nam cả về doanh thu, tăng trưởng, lợi nhuận theo báo cáo của vietnam report. bên cạnh các chỉ số kinh doanh nổi bật, năm 2025 cũng ghi nhiều dấu ấn quan trọng trong chiến lược công nghệ, phát triển sản phẩm và vận hành của opes. năng lực dẫn dắt thị trường bảo hiểm số cũng được thể nhiện thông qua việc hoàn thành dự án tự động hóa vận hành giai đoạn 1. trọng tâm của dự án là tính năng fasttrack, giải pháp tự động hóa bồi thường xe cơ giới bằng trí tuệ nhân tạo (ai), giúp giảm 20% thời lượng xử lý hồ sơ. nhờ việc tinh gọn bộ máy và tối ưu quy trình vận hành, opes đã tiếp nhận và xử lý khoảng 36.200 hồ sơ bồi thường cùng gần 14.000 giao dịch sau phát hành hợp đồng bảo hiểm, nhưng thời gian xử lý trung bình giảm 18% so với 2024. đáng chú ý, với đội ngũ chưa tới 140 nhân sự, opes phục vụ tới hơn 12 triệu khách hàng, duy trì tỷ lệ hài lòng trên 95% và đạt năng suất vận hành 40,5 tỷ đồng doanh thu mỗi nhân sự, tăng 57% so với năm 2024, cao hơn 10 lần so với mặt bằng thị trường ngành. song song với đổi mới công nghệ, chiến lược kinh doanh và phát triển sản phẩm của opes trong năm qua cũng được triển khai theo hướng tập trung và hiệu quả hơn. doanh nghiệp khai thác sâu các lợi thế từ hệ sinh thái mở rộng khác biệt của vpbank, đồng thời mở rộng hợp tác ra ngoài với nhiều đối tác lớn trong lĩnh vực ngân hàng, tài chính, tiêu dùng và công nghệ. bằng cách tích hợp trực tiếp các giải pháp bảo hiểm vào luồng giao dịch của các đối tác, opes đã cá nhân hóa trải nghiệm người dùng, biến bảo hiểm thành một phần tất yếu trong hành trình mua sắm và chi tiêu của khách hàng. opes cũng tích cực đồng hành cùng các sự kiện quy mô lớn giúp gia tăng đáng kể mức độ nhận diện và uy tín thương hiệu. opes tham gia ngày không tiền mặt 2025 cùng hệ sinh thái, góp phần thúc đẩy mục tiêu phát triển kinh tế số, với hơn 500.000 lượt tiếp cận trên đa kênh truyền thông và hệ sinh thái nâng tầm thương hiệu khoảng 2.000 lượt khách tham quan gian hàng. đồng thời, opes phối hợp với vpbank và msig triển khai chiến dịch ra mắt sản phẩm vpbank o.life+, thu hút hơn 1 triệu lượt tương tác & tiếp cận trên các nền tảng truyền thông. nhờ đó, opes liên tục xuất hiện trong bảng xếp hạng top 10 thương hiệu bảo hiểm phi nhân thọ & fintech phổ biến nhất trên mạng xã hội (theo reputa). với vai trò nhà tài trợ bảo hiểm cho các sự kiện thể thao lớn của vpbank, opes đã củng cố uy tín thương hiệu trong các mô hình hợp tác b2b2c và kênh khách hàng trực tiếp. song song, doanh nghiệp mở rộng kết nối với các nền tảng tiêu dùng số như be và cộng đồng người dùng trẻ thông qua các sự kiện esports, chương trình tri ân đối tác và nhiều hoạt động truyền thông tương tác, từng bước đưa sản phẩm bảo hiểm tích hợp vào các dịch vụ hằng ngày của khách hàng, từ di chuyển, lao động dịch vụ đến tiêu dùng số. tình hình hoạt động trong năm 2025",BCTN 2025 (cache),49,,2026-10-05
VPBank,O2,,,"g kênh bán hàng số và gia tăng quy mô tín dụng và (iii) hiện đại hóa quy trình thông qua tự động hóa và ứng dụng công nghệ tiên tiến, qua đó nâng cao hiệu quả vận hành, cải thiện trải nghiệm khách hàng và tăng cường kiểm soát rủi ro (đặc biệt tiên phong trong số hóa quy trình giải ngân). • đặc biệt, trong phân khúc khách hàng doanh nghiệp, vpbank áp dụng cách tiếp cận quản trị rủi ro chi tiết và chủ động, phù hợp với mức độ phức tạp của hoạt động kinh doanh. việc thẩm định tín dụng được thực hiện trên cơ sở từng khách hàng, kết hợ",BCTN 2025 (cache),20,,2026-10-05
VPBank,O2,,,"àng không chỉ nâng cao chất lượng danh mục mà còn tối ưu giá trị vòng đời khách hàng, tạo đà tăng tốc cho giai đoạn bứt phá năm 2026. tín dụng tăng trưởng bền vững huy động vốn vượt trội, củng cố nền tảng tài chính một khác biệt nổi bật của năm 2025 là tốc độ số hóa quy trình. nhiều sản phẩm tín chấp được tư vấn – phê duyệt 100% trực tuyến; thời gian xử lý yêu cầu (tat) với khoản vay bất động sản giảm 65%; tat với khoản vay ô tô duy trì trong vòng 1 ngày. vpbank tiếp tục giữ vững vị thế số 1 thị trường về cho vay ô tô mới và vay t",BCTN 2025 (cache),26,,2026-10-05
VPBank,O2,,,"ong toàn hệ sinh thái, cib góp phần đa dạng hóa danh mục dịch vụ và tạo ra giá trị bền vững cho cả khách hàng và vpbank. trước hết, khối sẽ đẩy mạnh số hóa và ứng dụng công nghệ thông qua việc tăng cường ứng dụng các giải pháp công nghệ mới, đặc biệt là ai và tự động hóa quy trình, nhằm tối ưu hiệu quả vận hành, nâng cao chất lượng quản trị và ra quyết định. qua đó, có thể tập trung nguồn lực cho các hoạt động kinh doanh cốt lõi, chăm sóc khách hàng và quản trị rủi ro tín dụng. đồng thời, cib tiếp tục phát huy vai trò là một trong nhữn",BCTN 2025 (cache),32,,2026-10-05
VPBank,O2,,,"trợ thương mại tiên tiến như bao thanh toán miễn truy đòi và kinh doanh bộ chứng từ theo lc. bên cạnh đó, fdi-tb ghi nhận bước tiến quan trọng trong việc tích hợp giải pháp quản lý dòng tiền và tài trợ chuỗi cung ứng, hỗ trợ khách hàng tối ưu hóa dòng tiền và tự động hóa quy trình tài chính. năng lực số hóa tiếp tục được nâng cao thông qua việc cải tiến nền tảng ngân hàng trực tuyến và ứng dụng ai trong hỗ trợ khách hàng. năm 2025, vpbank duy trì vị thế là một trong những ngân hàng lưu ký hàng đầu tại việt nam. ngân hàng đã chủ động nâ",BCTN 2025 (cache),34,,2026-10-05
VPBank,O2,,,"ai trên toàn hệ thống. việc chia sẻ và sử dụng thông tin được chuẩn hóa phù hợp theo quy định, qua đó nâng cao chất lượng xử lý và hạn chế trùng lặp trong quá trình tương tác. về công nghệ, dcd tiếp tục mở rộng và tích hợp sâu các giải pháp ai và gen ai trong tự động hóa quy trình nghiệp vụ, phân tích dữ liệu và phát triển công cụ hỗ trợ xử lý nợ. thông qua việc cá nhân hóa phương thức tương tác theo từng phân khúc khách hàng, ngân hàng hướng tới nâng cao hiệu suất, năng lực quản trị và xây dựng nền tảng thu hồi nợ hiện đại, bền vững. ",BCTN 2025 (cache),37,,2026-10-05
VPBank,O2,,,"ồng thời, hệ sinh thái ezgenai đã phục vụ nhiều mảng nghiệp vụ, bao gồm ezchatbot cho phép các đơn vị chủ động tạo và quản lý chatbot; ezcollection nhằm hỗ trợ thu hồi nợ ai – đòn bẩy nâng hiệu quả vận hành qua chatbot và callbot; ezagent để xây dựng ai agent tự động hóa quy trình; ezdata agent hỗ trợ tra cứu, phân tích và trực quan hóa dữ liệu; ezpolicy hỗ trợ xử lý văn bản pháp lý và quy định nội bộ và ezcode hỗ trợ phát triển phần mềm từ xây dựng tài liệu đến sinh mã và kịch bản kiểm thử. nhờ triển khai đồng bộ ai và các nền tảng số",BCTN 2025 (cache),42,,2026-10-05
VPBank,O2,,,"i vietnam digital awards 2025 do hội truyền thông số việt nam phối hợp cùng tạp chí điện tử viettimes tổ chức. thành tựu này không chỉ khẳng định vị thế tiên phong của ngân hàng trong kỷ nguyên trí tuệ nhân tạo, mà còn ghi nhận những nỗ lực bứt phá trong việc số hóa quy trình làm việc và kiến tạo môi trường làm việc thông minh cho đội ngũ nhân sự. kiến trúc kho dữ liệu và triển khai các hệ thống báo cáo điều hành trọng yếu. những nỗ lực này không chỉ nâng cao năng lực mà còn bảo đảm việc các hoạt động dữ liệu được thực hiện trên m",BCTN 2025 (cache),43,,2026-10-05
VPBank,O2,,,"hượng lưu được nghiên cứu và phát triển hoàn toàn nội bộ, nền tảng ai hội thoại (conver­ sational ai platform - caip) cùng hệ sinh thái ứng dụng ezgenai đã trở thành trụ cột trong lộ trình ứng dụng ai tại vpbank, góp phần nâng cao mức độ tự động hóa, thúc đẩy số hóa quy trình và định hình cách tiếp cận ai an toàn, hiệu quả trong hoạt động ngân hàng. caip là giải pháp được triển khai trên hạ tầng điện toán đám mây riêng biệt, có khả năng tích hợp linh hoạt các mô hình llm từ những nhà cung cấp hàng đầu như aws, microsoft và google,",BCTN 2025 (cache),46,,2026-10-05
VPBank,O3,,,"ố) và commercial card (thẻ doanh nghiệp); xây dựng hệ sinh thái merchant (đối tác chấp nhận thanh toán) và dịch vụ acquiring (chấp nhận thanh toán thẻ) hiện đại; đồng thời số hóa trải nghiệm quản trị và vận các giải thưởng tiêu biểu năm 2025 trở thành đối tác vận hành số của doanh nghiệp hành doanh nghiệp thông qua nền tảng neobiz. trong chiến lược ấy, dữ liệu và công nghệ, đặc biệt là ai, được xác định là nền tảng xuyên suốt. sme hướng đến ứng dụng dữ liệu giao dịch, phân tích hành vi và ai để dự đoán nhu cầu, cá nhân hóa gi",BCTN 2025 (cache),31,,2026-10-05
VPBank,O3,,,"hiệp 2025 visa vietnam client forum 2025 chúng tôi nhìn thấy một thế hệ sme mới – am hiểu công nghệ, đề cao hiệu quả và kỳ vọng những giải pháp thông minh, tích hợp. trước bối cảnh đó, vp­ bank sme chuyển dịch từ mô hình cung cấp sản phẩm sang vai trò đối tác vận hành số, nơi dữ liệu, nền tảng và trí tuệ nhân tạo được kết nối để hỗ trợ doanh nghiệp tối ưu dòng tiền, quản trị hiệu quả và tăng tốc ra quyết định. với neobiz làm trung tâm và sức mạnh từ hệ sinh thái vpbank, chúng tôi tin rằng sự cộng hưởng giữa công nghệ và con n",BCTN 2025 (cache),31,,2026-10-05
VPBank,O3,,,"kiểm soát hiệu quả chi phí và duy trì tỷ lệ cir trong nhóm dẫn đầu thị trường, phản ánh năng lực quản trị vận hành vượt trội. trong năm 2025, vpbank tiếp tục khẳng định định hướng tự chủ công nghệ thông qua việc nâng cấp toàn diện nền tảng hạ tầng và năng lực vận hành số. ngân hàng đẩy mạnh triển khai dự án cloud, hoàn tất việc dịch chuyển các ứng dụng trọng yếu nhằm nâng cao tính sẵn sàng, khả năng mở rộng và tính linh hoạt của hệ thống. song song, chiến lược ứng dụng ai được tích hợp sâu vào các giải pháp công nghệ mới, góp",BCTN 2025 (cache),64,,2026-10-05
VPBank,H1,,,"động chia sẻ tài liệu, kinh nghiệm thực tiễn và các thông lệ quốc tế, đặc biệt trong lĩnh vực quản lý rủi ro bên thứ ba, smbc đã hỗ trợ vpbank xây dựng và hoàn thiện khung quản lý rủi ro bên thứ ba một cách bài bản và nhất quán. song song đó, các chương trình đào tạo (workshop) và hội thảo chuyên đề với sự tham gia của smbc đã góp phần nâng cao năng lực chuyên môn cho đội ngũ, tăng cường trao đổi thực tiễn và từng bước tiệm cận các chuẩn mực quản trị rủi ro quốc tế, tạo nền tảng cho việc triển khai hiệu quả trong toàn hệ thống. năm 2026, cùng với định hướng chuyển đổi số và ứng dụng công nghệ mạnh mẽ của vpbank, việc nâng cao năng lực giám sát rủi ro, phát hiện và cảnh báo sớm các rủi ro được ưu tiên hàng đầu. trong đó, việc ứng dụng công nghệ trong hoạt động quản trị rủi ro được kỳ vọng sẽ giúp ngân hàng chủ động đối với các",BCTN 2025 (cache),22,,2026-10-05
VPBank,H1,,,"thanh toán miễn truy đòi và kinh doanh bộ chứng từ theo lc. bên cạnh đó, fdi-tb ghi nhận bước tiến quan trọng trong việc tích hợp giải pháp quản lý dòng tiền và tài trợ chuỗi cung ứng, hỗ trợ khách hàng tối ưu hóa dòng tiền và tự động hóa quy trình tài chính. năng lực số hóa tiếp tục được nâng cao thông qua việc cải tiến nền tảng ngân hàng trực tuyến và ứng dụng ai trong hỗ trợ khách hàng. năm 2025, vpbank duy trì vị thế là một trong những ngân hàng lưu ký hàng đầu tại việt nam. ngân hàng đã chủ động nâng cấp hệ thống và hoàn",BCTN 2025 (cache),34,,2026-10-05
VPBank,H1,,,"n khai 6 dịch vụ dùng chung tại gpbank, vpbanks và fe credit, đặt những nền móng đầu tiên cho việc hình thành các chuẩn mực công nghệ thống nhất. đồng thời, nhằm tăng cường năng lực ứng phó sự cố an ninh mạng, các chương trình an ninh bảo mật, kết hợp tư vấn, đào tạo, chia sẻ nền tảng và hỗ trợ kỹ thuật đã được mở rộng tới các công ty con. hóa nền tảng công nghệ dùng chung, rút ngắn thời gian đưa sản phẩm ra thị trường và sẵn sàng cho các mô hình kinh doanh mới; • chuyển đổi số thế hệ mới: hiện đại hóa các nền tảng ngân hàng số, mở dụng dịch vụ giá trị gia tăng như wealthtech, số hóa nghiệp vụ cốt lõi nhằm xây dựng nền tảng số hiện đại, nâng cao trải nghiệm khách hàng, gia tăng hiệu quả vận hành và tạo nền móng công nghệ cho giai đoạn tiếp theo; • triển khai dịch vụ công nghệ thông tin cho tập đoàn: triển khai hệ thống công nghệ cốt lõi, chuẩn hóa khung quản trị công nghệ và thúc đẩy tái sử dụng nền tảng, dữ liệu và dịch vụ nhằm tối ưu nguồn lực, đảm bảo sự thống nhất trên toàn hệ sinh thái. tình hình hoạt động trong năm 2025 năm 2025, it đẩy mạnh ứng dụng ai, đặc biệt là genai, vào các hoạt động trọng yếu nhằm thúc đẩy chuyển đổi số và nâng cao hiệu quả vận hành. nổi bật là nền tảng ai đàm thoại (conversational ai platform – caip) được phát triển nội bộ, cho phép xử lý ngôn ngữ tự nhiên trên kiến trúc đa đám mây của các hãng công nghệ lớn như aws, microsoft và google. đồng thời, hệ sinh thái ezgenai đã phục vụ nhiều mảng nghiệp vụ, bao gồm ezchatbot cho phép các đơn vị chủ động tạo và quản lý chatbot; ezcollection nhằm hỗ trợ thu hồi nợ ai – đòn bẩy nâng hiệu quả vận hành qua chatbot và callbot; ezagent để xây dựng ai agent tự động hóa quy trình; ezdata agent hỗ trợ tra cứu, phân tích và trực quan hóa dữ liệu; ezpolicy hỗ trợ xử lý văn bản pháp lý và quy định nội bộ và ezcode hỗ trợ phát triển phần mềm từ xây dựng tài liệu đến sinh mã và kịch bản kiểm thử. nhờ triển khai đồng bộ ai và các nền tảng số, vpbank cải thiện hiệu quả vận hành rõ nét: thời gian hỗ trợ khách hàng rút ngắn từ khoảng 15 phút xuống còn 6 - 10 giây, tỷ lệ tự phục vụ vượt 95% và năng suất của nhân viên tăng 20–30%. tỷ lệ tự phục vụ >95% năng suất nhân viên tăng 20-30% các giải thưởng tiêu biểu trong năm 2025 tình hình hoạt động trong năm 2025 doanh nghiệp chuyển đổi số xuất sắc giải thưởng chuyển đổi số việt nam 2025 chuyển đổi số red hat apac innovation awards 2025 giải thưởng dự án đổi mới sáng tạo temenos connect vietnam 2025 khẳng định vị thế tiên phong trong chuyển đổi số, ứng dụng công nghệ ai, genai và big data, vpbank đang định hình tương lai ngân hàng số với nền tảng công nghệ hiện đại, tự động hóa thông minh và quản trị rủi ro tối ưu, mang đến trải nghiệm vượt trội cho khách hàng. bước sang năm 2026, it tiếp tục dẫn dắt c",BCTN 2025 (cache),42,,2026-10-05
VPBank,H1,,,"g mức độ gắn kết và tối ưu hóa giá trị mang lại cho khách hàng trên toàn hệ sinh thái. đồng thời, ngân hàng tận dụng các nền tảng công nghệ dùng chung, ứng dụng ai và phân tích dữ liệu, kết hợp với mô hình vận hành tập trung nhằm tinh giản chi phí, tăng cường năng lực số hóa và nâng cao trải nghiệm khách hàng. yếu tố này được kỳ vọng là nền tảng quan trọng giúp gpbank thúc đẩy chuyển đổi số một cách toàn diện và bền vững.",BCTN 2025 (cache),54,,2026-10-05
VPBank,H2,,," ro tín dụng và thu hồi nợ, hội đồng quản lý rủi ro thị trường); quản lý tài sản (hội đồng quản lý tài sản nợ - tài sản có, hội đồng quản lý vốn); quản lý/phê duyệt tín dụng; phát triển sản phẩm; công nghệ thông tin (hội đồng chiến lược, công nghệ, dữ liệu và đổi mới sáng tạo,... tham mưu cho tổng giám đốc trong việc quản lý và ra quyết định cho các hoạt động kinh doanh của ngân hàng. cơ cấu bộ máy quản lý mô hình quản trị của vpbank bao gồm đại hội đồng cổ đông, hội đồng quản trị, ban kiểm soát và tổng giám đốc theo như quy định ",BCTN 2025 (cache),14,,2026-10-05
VPBank,H2,,,"anh, cib xác định 6 định hướng trọng tâm: đẩy mạnh số hóa và ứng dụng công nghệ; tiếp tục giữ vai trò quan trọng trong huy động vốn; phát triển tài chính xanh và các giải pháp esg; khẳng định vị thế trong thu xếp vốn và đồng tài trợ dự án quy mô lớn; thúc đẩy đổi mới sáng tạo và hợp lực hệ sinh thái; gia tăng giá trị cho khách hàng. khối khách hàng doanh nghiệp lớn và đầu tư (cib) kiên định với chiến lược nhưng linh hoạt trong điều hành, trong năm 2025, cib không ngừng mở rộng giải pháp tài chính toàn diện, khai thác sức mạnh hệ s",BCTN 2025 (cache),32,,2026-10-05
VPBank,H2,,,"ớc sang năm 2026, it tiếp tục dẫn dắt các dự án chiến lược, bám sát xu hướng công nghệ tiên tiến hàng đầu thế giới, tạo nền tảng vững chắc cho sự phát triển bền vững của vpbank và hệ sinh thái. nhằm bảo đảm đồng bộ giữa mục tiêu kinh doanh, quản trị rủi ro và đổi mới sáng tạo, khối đã xây dựng kế hoạch hành động năm 2026 xuyên suốt theo 4 trụ cột chiến lược. • ổn định chất lượng dịch vụ công nghệ: ổn định vận hành công nghệ thông tin quy mô lớn, tăng cường năng lực an ninh thông tin và an ninh mạng, nhằm bảo đảm hoạt động an toàn,",BCTN 2025 (cache),42,,2026-10-05
VPBank,H2,,,"vụ >95% năng suất nhân viên tăng 20-30% các giải thưởng tiêu biểu trong năm 2025 tình hình hoạt động trong năm 2025 doanh nghiệp chuyển đổi số xuất sắc giải thưởng chuyển đổi số việt nam 2025 chuyển đổi số red hat apac innovation awards 2025 giải thưởng dự án đổi mới sáng tạo temenos connect vietnam 2025 khẳng định vị thế tiên phong trong chuyển đổi số, ứng dụng công nghệ ai, genai và big data, vpbank đang định hình tương lai ngân hàng số với nền tảng công nghệ hiện đại, tự động hóa thông minh và quản trị rủi ro tối ưu, mang đến t",BCTN 2025 (cache),42,,2026-10-05
VPBank,H2,,,"b, sme, dcd... vpbank cũng xây dựng lộ trình phát triển nguồn nhân lực kế cận gắn với nhu cầu dài hạn của hệ sinh thái, đặc biệt chú trọng đến đội ngũ nhân tài trẻ, thông qua các chương trình tuyển dụng và đào tạo như sme trainee, vpbank young talents, vpbank hackathon 2025. trong đó, vpbank young talents 2025 thu hút hơn 3.000 ứng viên, tuyển dụng gần 200 tài năng trẻ cho ngân hàng. triển khai từ năm 2023, vpbank hackathon – sân chơi thi đấu công nghệ và chương trình tuyển dụng độc đáo của vpbank – đã trở thành sân chơi độ",BCTN 2025 (cache),44,,2026-10-05
VPBank,H2,,,"i trẻ, thông qua các chương trình tuyển dụng và đào tạo như sme trainee, vpbank young talents, vpbank hackathon 2025. trong đó, vpbank young talents 2025 thu hút hơn 3.000 ứng viên, tuyển dụng gần 200 tài năng trẻ cho ngân hàng. triển khai từ năm 2023, vpbank hackathon – sân chơi thi đấu công nghệ và chương trình tuyển dụng độc đáo của vpbank – đã trở thành sân chơi độc đáo, thu hút các tài năng công nghệ trẻ, xuất sắc cho ngân hàng. riêng trong năm 2025, chương trình đã tuyển dụng 134 tài năng công nghệ cho it và eda. cam ",BCTN 2025 (cache),44,,2026-10-05
VPBank,H2,,,"hần tư nhân cả về quy mô, chất lượng tài sản và năng lực sinh lời. song song, ngân hàng tiếp tục kiến tạo nền tảng quản trị và hạ tầng công nghệ vượt trội đạt chuẩn quốc tế, đảm bảo kiểm soát chặt chẽ các chỉ số chất lượng trọng yếu, thúc đẩy các chương trình đổi mới sáng tạo và ứng dụng công nghệ tiên tiến. bên cạnh các trụ cột kinh doanh cốt lõi, ngân hàng khai thác các động lực tăng trưởng mới trong lĩnh vực bảo hiểm nhân thọ, quản lý quỹ, tài định hướng hoạt động hđqt năm 2026 chỉ tiêu (tỷ đồng, %) kế hoạch 2026 thực tế 2025 %",BCTN 2025 (cache),74,,2026-10-05
VPBank,H2,,,"ng pháp xếp hạng nội bộ (internal rating- based – irb) theo thông tư 14 với ngân hàng nhà nước việt nam. vpbank trở thành ngân hàng đầu tiên tại việt nam phát hành thành công 300 triệu usd trái phiếu bền vững trên thị trường quốc tế. tổ chức vpbank technology hackathon 2025 - senior track - sân chơi dành riêng cho ứng viên đã có từ hai năm kinh nghiệm trở lên trong lĩnh vực công nghệ thông tin hoặc khoa học dữ liệu. 10/2025 gpbank chính thức công bố nhận diện thương hiệu mới, đánh dấu bước chuyển mình quan trọng trong hành ",BCTN 2025 (cache),109,,2026-10-05
VPBank,D1,,,"t của khách hàng, hình thành thói quen sử dụng đa dịch vụ và tạo nền tảng cho hoạt động bán chéo trong toàn hệ sinh thái. bên cạnh đó, sme tăng cường phối hợp với ứng dụng tài chính smartsme by vpbank để tiếp cận nhóm khách hàng đã có phê duyệt trước dựa trên nền tảng dữ liệu và năng lực phân tích tập trung. cách tiếp cận này giúp rút ngắn thời gian tiếp cận vốn, nâng cao hiệu quả bán hàng và cải thiện trải nghiệm tổng thể của doanh nghiệp, đồng thời tối ưu chi phí vận hành cho ngân hàng. tình hình hoạt động trong năm 2025 tình hì",BCTN 2025 (cache),31,,2026-10-05
VPBank,D1,,,"g công nghệ và tự động hóa, thúc đẩy đa kênh xử lý tài sản bảo đảm và phát triển năng lực đội ngũ nhằm nâng cao năng suất lao động. dcd tập trung đẩy mạnh ứng dụng ai theo lộ trình nhằm nâng cao hiệu suất vận hành và tăng tính nhất quán trong tác nghiệp. trên nền tảng dữ liệu, khối từng bước triển khai các mô hình ai tối ưu hóa để lựa chọn cách tiếp cận phù hợp cho từng nhóm khách hàng, phân bổ nguồn lực hiệu quả và cải thiện trải nghiệm trên các kênh số. song song, dcd tiếp tục tự động hóa các khâu phù hợp trong quy trình nhằm rú",BCTN 2025 (cache),37,,2026-10-05
VPBank,D1,,,"i các đơn vị thành viên. eda giữ vai trò định hướng, điều phối và chia sẻ những bài học kinh nghiệm có thể dùng chung giữa các thành viên. dựa trên nền tảng đó, eda trực tiếp đồng hành cùng các đơn vị thành viên trong việc đánh giá hiện trạng, tư vấn kiến tạo nền tảng dữ liệu số tăng tốc ứng dụng ai và genai trong kinh doanh và vận hành cộng hưởng sức mạnh, kiến tạo thịnh vượng sang nền tảng điện toán đám mây. tiến trình chuyển đổi giúp từng bước thay thế các kiến trúc cũ, giảm sự phụ thuộc vào thiết bị vật lý và tối ưu hóa chi ph",BCTN 2025 (cache),43,,2026-10-05
VPBank,D1,,,"ong việc nâng cao hiệu suất vận hành và tối ưu hóa chi phí trên toàn ngân hàng với trọng tâm là việc phát triển và đưa vào vận hành nền tảng quản lý, phân tích dữ liệu thế hệ mới trên hạ tầng điện toán đám mây của amazon. nền tảng này không chỉ giúp quy hoạch kho dữ liệu tập trung, đảm bảo tính chuẩn hóa và minh bạch, mà còn đẩy nhanh tốc độ triển khai các sáng kiến dữ liệu, hỗ trợ trực tiếp cho công tác điều hành và nâng cao chất lượng ra quyết định của ngân hàng. thực hiện lộ trình hiện đại hóa, khối tập trung dịch chuyển c",BCTN 2025 (cache),43,,2026-10-05
VPBank,D1,,,"s tổ chức. thành tựu này không chỉ khẳng định vị thế tiên phong của ngân hàng trong kỷ nguyên trí tuệ nhân tạo, mà còn ghi nhận những nỗ lực bứt phá trong việc số hóa quy trình làm việc và kiến tạo môi trường làm việc thông minh cho đội ngũ nhân sự. kiến trúc kho dữ liệu và triển khai các hệ thống báo cáo điều hành trọng yếu. những nỗ lực này không chỉ nâng cao năng lực mà còn bảo đảm việc các hoạt động dữ liệu được thực hiện trên một hành lang tuân thủ nghiêm ngặt, đáp ứng các tiêu chuẩn bảo mật và quy định pháp luật, hướng ",BCTN 2025 (cache),43,,2026-10-05
VPBank,D1,,,"ặc biệt là thế hệ gen z và nhóm khách hàng dưới chuẩn ngân hàng. fe credit tiếp tục đồng hành cùng hệ sinh thái vpbank, đẩy mạnh các hoạt động phát triển đối tác chiến lược, mở rộng kênh hợp tác. trong đó, ưu tiên các đối tác sở hữu hệ sinh thái hoàn chỉnh và nền tảng dữ liệu lớn nhằm nâng cao hiệu quả khai thác và cá nhân hóa dịch vụ. song song, công ty sẽ tích cực phối hợp cùng chính phủ và ngân hàng mẹ trong việc thúc đẩy tài chính toàn diện, cung cấp các sản phẩm tài chính minh bạch, hợp pháp và có trách nhiệm, góp phần đáp ứn",BCTN 2025 (cache),48,,2026-10-05
VPBank,D2,,," đó, việc ứng dụng công nghệ trong hoạt động quản trị rủi ro được kỳ vọng sẽ giúp ngân hàng chủ động đối với các rủi ro mới nổi, như rủi ro gian lận trong ngân hàng số, rủi ro từ bên thứ ba và rủi ro phát sinh trong quá trình chuyển đổi công nghệ. về công tác quản trị dữ liệu, vpbank dự kiến tiếp tục hoàn thành việc chuẩn hóa dữ liệu tổn thất để đáp ứng yêu cầu tính vốn cho rủi ro hoạt động theo basel iii và các thông tư của nhnn. là rủi ro do các quy trình nội bộ quy định không đầy đủ hoặc có sai sót, do yếu tố con người, do các ",BCTN 2025 (cache),22,,2026-10-05
VPBank,D2,,," động ghi nhận trong năm 2025, đồng thời không phát sinh tác động trọng yếu đến hoạt động kinh doanh. song song, vpbank xây dựng lộ trình áp dụng phương pháp đo lường tiêu chuẩn (sma) theo basel iii sửa đổi và hoàn thành các sáng kiến trọng điểm nhằm nâng cao chất lượng dữ liệu tổn thất, bao gồm: (i) cơ chế, công cụ làm sạch dữ liệu và (ii) cơ chế, công cụ liên kết dữ liệu. những cơ chế, công cụ trên là nền tảng cho việc phân tích nâng cao và cung cấp báo cáo chuyên sâu phục vụ công tác điều hành và nâng cấp hệ thống quản trị rủi ro",BCTN 2025 (cache),22,,2026-10-05
VPBank,D2,,,"t triển dữ liệu tăng trưởng mạnh mẽ, năng lực đáp ứng của eda vẫn ghi nhận bước tiến lớn khi thời gian triển khai dữ liệu được rút ngắn đáng kể. bên cạnh đó, eda cũng kiện toàn chính sách và hạ tầng dữ liệu để sẵn sàng đáp ứng các quy định pháp lý mới nhất về quản trị dữ liệu và bảo vệ thông tin cá nhân. thúc đẩy hàng loạt các dịch vụ được nhúng năng lực của genai trong hoạt động ngân hàng như tự động soạn thảo tờ trình, đọc và trích xuất tài liệu thông minh, tự động hóa các bước phân tích dữ liệu, hệ thống trợ lý ảo cho các vị tr",BCTN 2025 (cache),43,,2026-10-05
VPBank,D2,,,"ai co-worker trực tiếp hỗ trợ đội ngũ nhân sự nâng cao năng suất hằng ngày. bên cạnh đó, với ưu thế hội tụ đội ngũ chuyên môn cao và hạ tầng hiện đại, eda khẳng định vị thế là trung tâm năng lực xuất sắc (coe) – đơn vị dẫn dắt các lĩnh vực: kiến trúc dữ liệu, quản trị dữ liệu và trí tuệ nhân tạo. trong vai trò này, khối thiết lập bộ quy chuẩn và phương pháp luận thống nhất bám sát chiến lược và tầm nhìn của tập đoàn, đảm bảo mọi sáng kiến ai và dữ liệu toàn hệ thống được triển khai xuyên suốt, quản trị đồng bộ, an toàn và hiệu quả",BCTN 2025 (cache),43,,2026-10-05
VPBank,D2,,," chatbot hr-buddy để tra cứu các chính sách và thông tin nhân sự; trợ lý học tập genie hỗ trợ tiếp cận nhanh kiến thức đào tạo; các giải pháp cv robot, cv parsing và cv matching giúp tự động hóa xử lý và sàng lọc hồ sơ, rút ngắn thời gian tuyển dụng, nâng cao chất lượng dữ liệu và giảm đáng kể công việc thủ công. tình hình hoạt động trong năm 2025 trong công tác quản trị tập đoàn, hr giữ vai trò nòng cốt trong việc xây dựng và hoàn thiện khung cơ chế, chính sách quản trị nguồn nhân lực thống nhất trên toàn hệ sinh thái. đồng thời, t",BCTN 2025 (cache),44,,2026-10-05
VPBank,D2,,,"agentic ai trong các nghiệp vụ cốt lõi để tối ưu nguồn lực, nâng cao tốc độ xử lý dữ liệu và hỗ trợ tăng trưởng kinh doanh, cải thiện trải nghiệm khách hàng. cùng với đó, gpbank tiếp tục đầu tư nâng cao năng lực hạ tầng công nghệ thông tin, an ninh thông tin, quản trị dữ liệu và điện toán đám mây. ngân hàng đặt mục tiêu triển khai thành công hệ thống newcore, hạ tầng và các nền tảng công nghệ trọng yếu, kết hợp với các giải pháp số hóa điều hành nhằm cung cấp sản phẩm, dịch vụ đa kênh một cách đồng bộ. cuối cùng, gpbank sẽ tập tru",BCTN 2025 (cache),54,,2026-10-05
VPBank,D3,,,"chủ động rà soát và hoàn thiện một số trụ cột vận hành then chốt, từ cấu trúc chi phí vốn, năng suất lao động đến trải nghiệm khách hàng. ngân hàng sẽ tiếp tục dành nguồn lực trọng tâm cho việc ứng dụng sâu rộng các công nghệ mới như trí tuệ nhân tạo (genai), phân tích dữ liệu lớn và số hóa toàn diện quy trình vận hành nhằm tinh gọn tổ chức, nâng cao hiệu suất, thông điệp thông điệp thông điệp chủ tịch hội đồng quản trị và tổng giám đốc đồng thời tiếp tục đầu tư vào chính sách phúc lợi và phát triển nghề nghiệp, qua đó phát huy tối",BCTN 2025 (cache),5,,2026-10-05
VPBank,D3,,,"quản lý rủi ro tín dụng và thu hồi nợ, hội đồng quản lý rủi ro thị trường); quản lý tài sản (hội đồng quản lý tài sản nợ - tài sản có, hội đồng quản lý vốn); quản lý/phê duyệt tín dụng; phát triển sản phẩm; công nghệ thông tin (hội đồng chiến lược, công nghệ, dữ liệu và đổi mới sáng tạo,... tham mưu cho tổng giám đốc trong việc quản lý và ra quyết định cho các hoạt động kinh doanh của ngân hàng. cơ cấu bộ máy quản lý mô hình quản trị của vpbank bao gồm đại hội đồng cổ đông, hội đồng quản trị, ban kiểm soát và tổng giám đốc theo như quy định tại điều 40 của luật các tctd năm 2024. đại hội đồng cổ đông là cơ quan có thẩm quyền cao nhất của ngân hàng. đại hội đồng cổ đông có quyền bầu, bãi nhiệm, miễn nhiệm các thành viên hội đồng quản trị và ban kiểm soát. hội đồng quản trị chịu trách nhiệm xây dựng chiến lược, định hướng hoạt động của ngân hàng; triển khai các công tác quản trị, đưa ra quyết định thực hiện quyền và nghĩa vụ của ngân hàng ngoại trừ những vấn đề thuộc thẩm quyền của đại hội đồng cổ đông. hội đồng quản trị có hai ủy ban trực thuộc giúp việc là ủy ban nhân sự và ủy ban quản lý rủi ro. mô hình quản trị thông tin chung thông tin chung 27 bá",BCTN 2025 (cache),14,,2026-10-05
VPBank,D3,,,hính khối ngân hàng giao dịch và ầu tư trực tiếp nước ngoài khối truyền thông & tiếp thị khối công nghệ thông tin khối pháp chế & kiểm soát tuân thủ khối tài chính khối tín dụng khối quản trị rủi ro khối vận hành khối quản trị nguồn nhân lực khối quản trị và phân tích dữ liệu phó tgđ thường trực phụ trách phía nam - giám ốc khối khách hàng cá nhân kiêm phụ trách iều hành khối thu hồi và xử lý nợ phó tgđ thường trực & gđ iều hành cao cấp hội ồng tín dụng hội ồng xử lý nợ hội ồng quản lý tài sản nợ và có hội ồng tuân thủ hội ,BCTN 2025 (cache),15,,2026-10-05
VPBank,D3,,,"dạng hóa nguồn dữ liệu bên ngoài phục vụ đánh giá tín dụng và chấm điểm rủi ro; (ii) ứng dụng ai và ml trong toàn bộ vòng đời tín dụng, từ thẩm định, phê duyệt, giải ngân đến giám sát sau giải ngân và (iii) cập nhật kịp thời các chính sách tín dụng trên cơ sở phân tích dữ liệu, phù hợp với đặc thù từng sản phẩm, nhằm đảm bảo tăng trưởng danh mục đi đôi với kiểm soát rủi ro hiệu quả. • đối với phân khúc sme và khách hàng doanh nghiệp, vpbank đã: (i) duy trì nâng cấp hệ thống chấm điểm tín dụng nhằm nâng cao năng lực đo lường rủi ro,",BCTN 2025 (cache),20,,2026-10-05
VPBank,D3,,," nợ được xác định là một trọng tâm xuyên suốt vòng đời quản lý rủi ro tín dụng, với các chiến lược thu hồi được xây dựng phù hợp theo từng phân khúc khách hàng: • đối với phân khúc khách hàng cá nhân: với sự hỗ trợ của hệ thống c-score, ngân hàng ứng dụng ai, phân tích dữ liệu và các công cụ giao tiếp số như phản hồi tự động bằng giọng nói (interactive voice message), nhắc nợ tự động, chatbot… nhằm khuyến khích khách hàng thực hiện nghĩa vụ trả nợ đúng hạn, đồng thời nâng cao trải nghiệm khách hàng. tình hình quản trị rủi ro trong ",BCTN 2025 (cache),20,,2026-10-05
VPBank,D3,,," chuyển đổi số gắn với quản trị rủi ro chủ động và phân khúc hóa, cụ thể như sau: • đối với phân khúc khách hàng cá nhân, vpbank đã: (i) triển khai hợp tác với các đối tác chiến lược nhằm cung cấp các giải pháp ứng dụng công nghệ, mở rộng và đa dạng hóa nguồn dữ liệu bên ngoài phục vụ đánh giá tín dụng và chấm điểm rủi ro; (ii) ứng dụng ai và ml trong toàn bộ vòng đời tín dụng, từ thẩm định, phê duyệt, giải ngân đến giám sát sau giải ngân và (iii) cập nhật kịp thời các chính sách tín dụng trên cơ sở phân tích dữ liệu, phù hợp với đặc thù từng sản phẩm, nhằm đảm bảo tăng trưởng danh mục đi đôi với kiểm soát rủi ro hiệu quả. • đối với phân khúc sme và khách hàng doanh nghiệp, vpbank đã: (i) duy trì nâng cấp hệ thống chấm điểm tín dụng nhằm nâng cao năng lực đo lường rủi ro, hỗ trợ ra quyết định tín dụng, nhận diện sớm rủi ro và tăng cường công tác giám sát; (ii) thúc đẩy mô hình ngân hàng mở và hợp tác số hóa với các đối tác như smartsme, 3ts, … nhằm mở rộng kênh bán hàng số và gia tăng quy mô tín dụng và (iii) hiện đại hóa quy trình thông qua tự độ",BCTN 2025 (cache),20,,2026-10-05
VPBank,D3,,,"ệu quả vận hành. các sáng kiến trọng điểm liên quan đến tuân thủ pháp lý, hạ tầng công nghệ và định hướng dài hạn được triển khai đúng kế hoạch, bao gồm tái chứng nhận pci-dss, tái đánh giá iso 27001, tăng cường an ninh điện toán đám mây, tuân thủ luật bảo vệ dữ liệu cá nhân và xây dựng chiến lược an ninh thông tin mới cho giai đoạn 2026 - 2028 với sự hỗ trợ từ các đối tác quốc tế của ngân hàng trong lĩnh vực này. công tác đánh giá rủi ro, phối hợp giữa các đơn vị trong toàn hệ thống và tuân thủ được đẩy mạnh trên phạm vi toàn tập đoàn, cho phép nhận diện sớm các rủi ro và triển khai kịp thời các biện pháp khắc phục. với sự hỗ trợ của smbc, vpbank đã tổ chức diễn tập phản ứng sự cố an ninh thông tin với sự tham gia trực tiếp của ban lãnh đạo. chương trình tập trung nâng cao nhận thức của ban lãnh đạo về các mối đe dọa an ninh mạng, xu hướng tấn công mới, đồng thời thực hành quy trình phối hợp ứng phó sự cố một cách bài bản và hiệu quả, qua đó tăng cường năng lực chỉ đạo, ra quyết định và khả năng sẵn sàng của toàn tập đoàn. vpbank tiếp tục mở rộng quản trị và hỗ trợ an ninh thông tin tới các công ty thành viên, đồng thời tăng cường cơ chế phối hợp, triển khai các năng lực cốt lõi như giám sát an ninh mạng, quản lý truy cập và đào tạo nhận ",BCTN 2025 (cache),23,,2026-10-05
VPBank,D3,,," 2025 là năm vpbank đẩy mạnh chiến lược phủ phân khúc từ private - vpbank private, affluent – vpbank diamond đến mass affluent – vpbank prime và hộ kinh doanh - commcredit, hướng tới mô hình “ngân hàng phục vụ mọi nhóm khách hàng” với trải nghiệm nhất quán và cá nhân hóa. ngân hàng không dừng ở việc cung cấp các sản phẩm tài chính mà luôn tiên phong cung cấp các giải pháp toàn diện cho khách hàng mọi phân khúc. một trong những dấu mốc chiến lược của năm là việc vpbank chính thức ra mắt mô hình private banking - dịch vụ tài ch",BCTN 2025 (cache),27,,2026-10-05
ACB,C1,,," ở mức b. áp dụng chuẩn mực kế toán ifrs; được xác nhận icaap theo chuẩn quốc tế. fitch ratings tiếp tục nâng xếp hạng tín nhiệm của acb lên mức bb- và giữ nguyên cho tới hiện tại (cuối năm 2025). ra mắt thương hiệu và ứng dụng acb one (14.02), thành lập khối ngân hàng số. lần đầu công bố báo cáo phát triển bền vững riêng (27.10); gia nhập nhóm ngân hàng có lợi nhuận trước thuế trên 20.000 tỷ đồng. fiinratings – tổ chức xếp hạng tín nhiệm độc lập uy tín tại việt nam (s&p global ratings chính thức sở hữu 43,4% cổ phần vào tháng",BCTN 2025 (cache),8,,2026-10-05
ACB,C1,,,", acms (quản lý quan hệ khách hàng). moody’s tiếp tục nâng xếp hạng của acb lên mức ba3 và giữ nguyên cho tới hiện tại (cuối năm 2025). khởi động chiến lược đổi mới acb 2019–2024, tập trung vào số hóa và trải nghiệm khách hàng. cải tiến acb online, giới thiệu mobile banking app. chuyển niêm yết sang hose; ký kết độc quyền bảo hiểm nhân thọ với sun life việt nam; fichratings nâng xếp hạng tín nhiệm acb lên mức b+ sau 9 năm duy trì ở mức b. áp dụng chuẩn mực kế toán ifrs; được xác nhận icaap theo chuẩn quốc tế. fitch ratings tiếp ",BCTN 2025 (cache),8,,2026-10-05
ACB,C1,,,"an kiểm toán nội bộ ban kiểm soát ban điều hành khối khách hàng cá nhân khối khách hàng doanh nghiệp khối thị trường tài chính khối quản lý rủi ro khối vận hành khối quản trị nguồn nhân lực khối quản trị hành chánh khối công nghệ thông tin khối tài chính khối ngân hàng số 1.5. mô hình quản trị và bộ máy quản lý 1.5.1. mô hình quản trị 1.5.2. cơ cấu bộ máy quản lý - mô hình quản trị của acb gồm có: đhđcđ, hđqt, bks, và tổng giám đốc (theo khoản 1 điều 29 điều lệ acb.) - người đại diện theo pháp luật là tổng giám đốc (theo khoản",BCTN 2025 (cache),11,,2026-10-05
ACB,C1,,,"23 22 báo cáo thường niên 2025 về chúng tôi 1.6. các dấu ấn tiêu biểu năm 2025 tổ chức thành công đại hội cổ đông thường niên 2025 ngày 08.4.2025 liên tục đổi mới sản phẩm – đáp ứng nhu cầu đa dạng bứt phá về mảng thẻ và dịch vụ số cải thiện rõ nét về chất lượng quản trị công ty khẳng định vị thế doanh nghiệp hàng đầu việt nam chiến lược phát triển đến 2030 hợp tác chiến lược thúc đẩy đổi mới và số hóa, và tiên phong trong thanh toán số nâng chất hoạt động phát triển bền vững ra mắt thẻ",BCTN 2025 (cache),13,,2026-10-05
ACB,C1,,,"ình mô hình vận hành và tối ưu hiệu suất: xây dựng mô hình tổ chức linh hoạt, tận dụng công nghệ để tối ưu chi phí. tăng trưởng bền vững và đa dạng hóa doanh thu: duy trì vị thế mảng bán lẻ, phát triển mảng khách hàng doanh nghiệp, mở rộng hệ sinh thái và các dịch vụ số. củng cố nền tảng quản trị rủi ro và esg: phát triển bền vững, đáp ứng tiêu chuẩn quốc tế về quản trị và tài chính xanh. phát triển nguồn nhân lực và văn hóa đổi mới: thu hút và phát triển nhân tài, xây dựng môi trường sáng tạo và hiệu suất cao.",BCTN 2025 (cache),14,,2026-10-05
ACB,C1,,,"s) hỗ trợ ngân hàng chủ động phát hiện, ngăn chặn và ứng phó với các mối đe dọa mạng ngày càng tinh vi. công tác rà soát lỗ hổng kỹ thuật và kiểm thử an ninh được thực hiện định kỳ theo quy định của pháp luật. song song đó, hệ thống cảnh báo tự động trên kênh ngân hàng số giúp giảm thiểu rủi ro gian lận, hỗ trợ bảo vệ khách hàng trước các hành vi lừa đảo trực tuyến. khả năng phục hồi hệ thống được cải thiện thông qua củng cố hạ tầng dự phòng, sao lưu dữ liệu và diễn tập khôi phục sau thảm họa (drp) theo các tình huống sát thực",BCTN 2025 (cache),19,,2026-10-05
ACB,C1,,,"o hoạt động là rủi ro do các quy trình nội bộ quy định không đầy đủ hoặc có sai sót, do yếu tố con người, do các lỗi, sự cố của hệ thống công nghệ thông tin (bao gồm nhưng không giới hạn ở các vấn đề gián đoạn hệ thống, tấn công mạng, rò rỉ dữ liệu, gián đoạn dịch vụ số, khôi phục sau thảm họa, và các vấn đề liên quan đến bảo mật thông tin), hoặc do các yếu tố bên ngoài làm tổn thất về tài chính, tác động tiêu cực phi tài chính đối với ngân hàng. rủi ro hoạt động không bao gồm rủi ro danh tiếng và rủi ro chiến lược. năm 2025",BCTN 2025 (cache),19,,2026-10-05
ACB,C1,,,"ròn đến hai số thập phân): 0,00%6. 2.2.1.b phân công nhiệm vụ ban điều hành stt thành viên nhiệm vụ chính7 1 từ tiến phát, tổng giám đốc • điều hành chung hoạt động của ngân hàng. • chỉ đạo hoạt động của khối khách hàng cá nhân, khối công nghệ thông tin, khối ngân hàng số, phòng phân tích tín dụng, phòng pháp chế, phòng quản trị truyền thông và thương hiệu, phòng sáng tạo, và văn phòng tổng giám đốc. 2 bùi tấn tài, phó tổng giám đốc thường trực • điều hành hoạt động của ngân hàng theo ủy quyền của tổng giám đốc khi tổng giám đ",BCTN 2025 (cache),33,,2026-10-05
ACB,C2,,,"triển khai giúp nâng tầm trải nghiệm khách hàng trên nền tảng số ai chatbot thế hệ mới của acb ứng dụng nlp, triển khai trên acb one và website, đóng vai trò trợ lý tra cứu và hỗ trợ giao dịch bằng ngôn ngữ tự nhiên. hệ thống ai chatbot mới đã phục vụ 90.000+ người dùng, thời gian phản hồi 2–4 giây, độ chính xác 96%, giúp tiết kiệm 9.100 giờ làm việc mỗi tháng cho trung tâm dịch vụ khách hàng. • ai phát huy vai trò tăng cường rào chắn rủi ro acb đã ứng dụng các công nghệ thị giác máy tính (computer vision), xử lý ngôn ngữ tự nhiên (nlp), nhận diện ký tự quang học (ocr) và giải pháp phòng chống rủi ro gian lận chứng từ (fdd) để tự động hóa đọc – hiểu hàng triệu dữ liệu mỗi ngày từ đó hỗ trợ mạnh mẽ hoạt động quản lý rủi ro, tạo lớp phòng vệ vững chắc cho nghiệp vụ tín dụng và vận hành. các công nghệ này đã giúp xử lý 25.000+ chứng từ với độ chính xác >95% và quét 4 triệu hồ sơ/năm nhằm phát hiện chỉnh sửa, giả mạo. • acb ask nâng cao hiệu quả quản trị và năng suất nhân sự acb ask là trợ lý ảo thông minh ứng dụng llm & generative ai, đóng vai trò là trợ lý tri thức nội bộ hỗ trợ nhân viên tra cứu quy định, quy trình, thông tin sản phẩm và tự động hóa báo cáo từ đó tăng tốc độ ra quyết định, nâng cao tính nhất quán trong vận hành. giải pháp này đã giúp giảm 60–70% thời gian tra cứu tài liệu và tiết kiệm 8.500 giờ làm việc/năm cho nhân sự hội sở thông qua việc tự động hóa tới 95% thời gian thực hiện báo cáo. trên nền tảng những kết quả đã đạt được trong năm 2025, acb sẽ tiếp tục kiên định với chiến lược đầu tư ai có trọng tâm trong các năm tới với 4 hành động sau: định hướng 2026: • nâng cao năng lực đội ngũ, nhằm hiện thực hóa tầm nhìn trở thành ngân hàng thông minh, nơi công nghệ cộng hưởng và nâng tầm năng lực con người. • tiên phong triển khai các công nghệ ai thế hệ mới như ai tác nhân (agentic ai), từng bước nâng cấp các giải pháp từ vai trò hỗ trợ sang tham gia chủ động vào các quy trình nghiệp vụ. • hoàn thiện các giải pháp trọng yếu: như voicebot, paste-to-pay (thanh toán siêu tốc từ văn bản), và mở rộng ứng dụng công nghệ ai trong tư vấn quản lý gia sản (wealth management). • củng cố khung quản trị ai (ai governance) bảo đảm việc ứng dụng ai được thực hiện một cách minh bạch, an toàn và có trách nhiệm.",BCTN 2025 (cache),27,,2026-10-05
ACB,S1,,,"ng. • chất lượng tài sản tiếp tục được kiểm soát chặt chẽ, với tỷ lệ nợ xấu (nhóm 3 đến 5 trên tổng dư nợ cho vay khách hàng) hợp nhất ở mức 0,97%, và thuộc tốp 3 tổ chức tín dụng có tỷ lệ nợ xấu thấp nhất hệ thống. năm 2025, acb bước vào xây dựng và thực thi chiến lược toàn hàng acb giai đoạn 2025-2030, với tuyên ngôn là “trở thành tập đoàn tài chính hiệu quả, mang giải pháp cá nhân hóa toàn diện đến từng khách hàng, thông qua trải nghiệm liền mạch trên nền tảng tích hợp, dẫn dắt bởi công nghệ, dữ liệu 1: báo cáo số 01/bc-ctk ngày 05.01.2026 về tình hình kinh tế - xã hội quý iv và năm 2025. và trí tuệ nhân tạo.” một trong các mục tiêu chủ yếu là tỷ suất lợi nhuận trên vốn chủ sở hữu (roe) của giai đoạn này là > 20%. ngay trong năm đầu tiên triển khai, acb đã chủ động cụ thể hóa việc thực thi chiến lược thông qua 5 bước đi lớn, chia làm 21 sáng kiến chiến lược, cho cả giai đoạn 5 năm này. công tác hoàn thiện cơ cấu tổ chức và phát triển nguồn nhân lực cũng được triển khai đồng bộ, nhằm bảo đảm năng lực thực thi chiến lược một cách có hiệu quả. việc ứng dụng công nghệ, dữ liệu và các giải pháp trí tuệ nhân tạo trong hoạt động vận hành, quản lý rủi ro, nâng cao trải nghiệm khách hàng, v.v. cũng tiếp tục được đẩy mạnh. một chủ trương lớn nhằm đa dạng hóa dịch vụ và nguồn thu tương lai cho acb mà hội đồng quản trị đã trình đại hội đồng cổ đông thông qua, đó là thành lập công ty con hoạt động trong lĩnh vực bảo hiểm phi nhân thọ. dự án này sẽ được xúc tiến khi có đầy đủ giấy phép. năm 2025 cũng là cột mốc quan trọng khi acb xây dựng xong chiến lược phát triển bền vững giai đoạn 2025–2030 và triển khai mô hình phát triển bền vững theo hướng hợp tác với các đối tác uy tín để tạo giá trị chung (creating shared value – csv) trong ba lĩnh vực ưu tiên là sức khỏe, giáo dục và môi trường, thông qua các chương trình dài hạn và có mục tiêu rõ ràng và cụ thể. mô hình này thể hiện quan điểm của acb là chiến lược kinh doanh dài hạn không tách rời khỏi trách nhiệm xã hội và bảo vệ môi trường sống. nỗ lực của acb trong việc nâng cao chất lượng quản trị, kiểm soát và điều hành, mà chủ yếu là nâng cao kết quả hoạt động, kiểm soát tốt rủi ro, và thực hiện trách nhiệm công bố thông tin với tinh thần minh bạch, tiếp tục được thị trường ghi nhận. năm 2025 ",BCTN 2025 (cache),4,,2026-10-05
ACB,S1,,,"13 12 báo cáo thường niên 2025 về chúng tôi 2011 2012 2013 2014 2016 2018 2019 2020 2021 2022 2023 2024 2025 2015 ban hành chiến lược 2011–2015 và khánh thành trung tâm dữ liệu dạng mô- đun theo chuẩn quốc tế tại công viên phần mềm quang trung. sự cố tháng 8 ảnh hưởng lớn đến huy động và kinh doanh vàng; acb nhanh chóng ổn định hoạt động. khởi động chương trình “gần lại o” – dự án môi trường giảm rác thải nhựa. nâng cấp hệ thống core banking lên dna; khởi động chương trình thường niên “hành trình tôi yêu cuộc sống” với hoạt động hiến máu và chăm sóc sức khỏe cộng đồng. triển khai dịch vụ ngân hàng giao dịch, dịch vụ ngân hàng ưu tiên. đưa vào vận hành một loạt hệ thống mới như: dms (quản lý nợ), solar csr và gopaperless (số hóa nghiệp vụ vận hành), acms (quản lý quan hệ khách hàng). moody’s tiếp tục nâng xếp hạng của acb lên mức ba3 và giữ nguyên cho tới hiện tại (cuối năm 2025). khởi động chiến lược đổi mới acb 2019–2024, tập trung vào số hóa và trải nghiệm khách hàng. cải tiến acb online, giới thiệu mobile banking app. chuyển niêm yết sang hose; ký kết độc quyền bảo hiểm nhân thọ với sun life việt nam; fichratings nâng xếp hạng tín nhiệm acb lên mức b+ sau 9 năm duy trì ở mức b. áp dụng chuẩn mực kế toán ifrs; được xác nhận icaap theo chuẩn quốc tế. fitch ratings tiếp tục nâng xếp hạng tín nhiệm của acb lên mức bb- và giữ nguyên cho tới hiện tại (cuối năm 2025). ra mắt thương hiệu và ứng dụng acb one (14.02), thành lập khối ngân hàng số. lần đầu công bố báo cáo phát triển bền vững riêng (27.10); gia nhập nhóm ngân hàng có lợi nhuận trước thuế trên 20.000 tỷ đồng. fiinratings – tổ chức xếp hạng tín nhiệm độc lập uy tín tại việt nam (s&p global ratings chính thức sở hữu 43,4% cổ phần vào tháng 11.2025) – xếp hạng tín nhiệm dài hạn nhà phát hành acb ở mức aa+ (ổn định), mức cao nhất trong nhóm ngân hàng việt nam. fitchratings nâng triển vọng của acb từ “ổn định” lên “tích cực”. tổng tài sản vượt mốc 1 triệu tỷ đồng. tỷ lệ nợ xấu (nhóm 3 đến 5) trên tổng dư nợ cho vay khách hàng hợp nhất ở mức 0,97%, thuộc nhóm thấp nhất trong ngành. 2025 cũng là năm thứ 10 liên tiếp acb có mặt trong tốp 50 công ty niêm yết tốt nhất việt nam và là năm thứ 9 liên tiếp acb được forbes việt nam vinh danh trong tốp 50 doanh nghiệp kinh doanh hiệu quả nhất việt nam. ban hành chiến lược 2025–2030. ra mắt bộ nhận diện thương hiệu mới; moody’s nâng xếp hạng tín nhiệm acb từ b3 lên b2. đổi mới công nghệ và quản trị rủi ro (2011–2018) chuyển đổi số và phát triển bền vững (2019–2025)",BCTN 2025 (cache),8,,2026-10-05
ACB,S1,,,"19 18 báo cáo thường niên 2025 về chúng tôi ủy ban quản lý rủi ro ủy ban nhân sự ủy ban đầu tư ủy ban chiến lược hội đồng xử lý rủi ro ủy ban phát triển bền vững đại hội đồng cổ đông hội đồng alco hội đồng quản lý vốn hội đồng rủi ro hội đồng mua, bán nợ hội đồng xử lý nợ hội đồng kinh doanh hội đồng sản phẩm hội đồng đào tạo hội đồng phê duyệt tín dụng hội đồng thẩm định tài sản hội đồng giám sát quản trị dữ liệu hội đồng phê duyệt cơ cấu nợ hội đồng phê duyệt trái phiếu doanh nghiệp các hội đồng nhóm giám đốc vùng phòng quản lý nợ phòng pháp chế phòng sáng tạo phòng phân tích tín dụng phòng dữ liệu và phân tích văn phòng tổng giám đốc phòng đối ngoại phòng thẩm định tài sản văn phòng đại diện tại hà nội văn phòng quản lý chuyển đổi trung tâm phê duyệt tín dụng tập trung phòng quản trị truyền thông và thương hiệu 8 vùng, 98 cụm, 389 chi nhánh và phòng giao dịch các ủy ban và hội đồng được thành lập theo quy định của pháp luật các ủy ban và hội đồng được thành lập theo nhu cầu của ngân hàng chú thích: các ủy ban/hội đồng văn phòng hđqt hội đồng quản trị ban kiểm toán nội bộ ban kiểm soát ban điều hành khối khách hàng cá nhân khối khách hàng doanh nghiệp khối thị trường tài chính khối quản lý rủi ro khối vận hành khối quản trị nguồn nhân lực khối quản trị hành chánh khối công nghệ thông tin khối tài chính khối ngân hàng số 1.5. mô hình quản trị và bộ máy quản lý 1.5.1. mô hình quản trị 1.5.2. cơ cấu bộ máy quản lý - mô hình quản trị của acb gồm có: đhđcđ, hđqt, bks, và tổng giám đốc (theo khoản 1 điều 29 điều lệ acb.) - người đại diện theo pháp luật là tổng giám đốc (theo khoản",BCTN 2025 (cache),11,,2026-10-05
ACB,S1,,," năm 2025 tổ chức thành công đại hội cổ đông thường niên 2025 ngày 08.4.2025 liên tục đổi mới sản phẩm – đáp ứng nhu cầu đa dạng bứt phá về mảng thẻ và dịch vụ số cải thiện rõ nét về chất lượng quản trị công ty khẳng định vị thế doanh nghiệp hàng đầu việt nam chiến lược phát triển đến 2030 hợp tác chiến lược thúc đẩy đổi mới và số hóa, và tiên phong trong thanh toán số nâng chất hoạt động phát triển bền vững ra mắt thẻ cho phép khách hàng chuyển đổi linh hoạt giữa thẻ ghi nợ và tín dụng (tháng 7.2025); chứng chỉ tiền gửi linh hoạt trên acb one (cuối tháng 10.2025), và gói tín dụng “ngôi nhà đầu tiên” được vinh danh tại bca awards. (4 giải về leadership giành cho ngân hàng dẫn đầu về doanh số, 2 giải về digital innovation) tại hội nghị visa việt nam 2025 nhờ các sản phẩm như visa flex và thẻ lotusmiles pay. 6 visa flex đầu tiên tại đông nam á 2025 là năm acb có những bước tiến vững chắc trong công tác quản trị công ty như: trở thành ngân hàng đầu tiên phát hành song song báo cáo thường niên và báo cáo bền vững tại đhđcđ thường niên; vào tốp 10 báo cáo thường niên ngành tài chính (vlca); vào nhóm acgs20 do viod và ubcknn công bố (20 doanh nghiệp việt tiên phong, cam kết nâng chuẩn quản trị để trở thành “tài sản đáng đầu tư của asean”, tức đạt tiêu chuẩn thuộc nhóm các doanh nghiệp tốt, minh bạch, đủ sức thu hút vốn quốc tế). 2025 là năm thứ 10 liên tiếp acb có mặt trong tốp 50 công ty niêm yết tốt nhất việt nam và năm thứ 9 liên tiếp acb được forbes việt nam vinh danh trong tốp 50 doanh nghiệp kinh doanh hiệu quả nhất việt nam. hđqt phê duyệt định hướng phát triển đến 2030 với các mục tiêu tài chính chủ yếu là acb đã ký kết văn bản hợp tác chiến lược với đhqg-hcm (tháng 5.2025) và viettel (tháng 7.2025) nhằm phát triển hệ sinh thái đổi mới sáng tạo, hỗ trợ tài chính cho sinh viên & fintech, cùng các giải pháp số hóa cho ngành giáo dục và doanh nghiệp nhỏ và hộ kinh doanh theo quyết định số 3389/qđ- btc ngày 6.10.2025 của bộ tài chính về xóa bỏ thuế khoán. tại sự kiện “ngày không tiền mặt 2025”, gian hàng acb thu hút hơn 120.000 khách hàng tới trải nghiệm, hơn 10.000 lượt xem livestream, và đạt giải “gian hàng trải nghiệm ấn tượng nhất”. năm 202",BCTN 2025 (cache),13,,2026-10-05
ACB,S1,,,"25 24 báo cáo thường niên 2025 về chúng tôi 1.7. định hướng phát triển 1.7.1. chiến lược phát triển trung và dài hạn và các mục tiêu chính của chiến lược kết thúc giai đoạn 2019 – 2024 acb đã đạt được mục tiêu cam kết với cổ đông: nằm trong nhóm 3 ngân hàng có tỷ suất sinh lời cao nhất, duy trì roe > 20%, tỷ lệ nợ xấu < 1%. trước những thay đổi quan trọng về công nghệ, hành vi khách hàng, cạnh tranh trong ngành gia tăng, acb tiếp tục hành trình kiến tạo các năng lực mới để duy trì và phát triển năng lực cạnh tranh giúp đạt được các cột mốc mới trong giai đoạn 5 năm tiếp theo. các mục tiêu chính của chiến lược 2025-2030 bao gồm: tỷ suất roe >20%; tỷ lệ casa >30%; tỷ lệ thu thuần phí >20%. định hướng chiến lược nâng cao năng lực số hóa và đẩy mạnh các hoạt động ngân hàng dựa trên trí tuệ nhân tạo (ai-driven banking): tập trung vào dữ liệu, trí tuệ nhân tạo và nền tảng số nâng cao việc cá nhân hóa trải nghiệm cho người dùng. tái định hình mô hình vận hành và tối ưu hiệu suất: xây dựng mô hình tổ chức linh hoạt, tận dụng công nghệ để tối ưu chi phí. tăng trưởng bền vững và đa dạng hóa doanh thu: duy trì vị thế mảng bán lẻ, phát triển mảng khách hàng doanh nghiệp, mở rộng hệ sinh thái và các dịch vụ số. củng cố nền tảng quản trị rủi ro và esg: phát triển bền vững, đáp ứng tiêu chuẩn quốc tế về quản trị và tài chính xanh. phát triển nguồn nhân lực và văn hóa đổi mới: thu hút và phát triển nhân tài, xây dựng môi trường sáng tạo và hiệu suất cao.",BCTN 2025 (cache),14,,2026-10-05
ACB,S1,,,"dụng xanh và xã hội. » thực hiện các sáng kiến tiết kiệm/giảm các yếu tố đầu vào chủ yếu và kế hoạch giảm tiêu thụ. » chuyển đổi năng lượng sử dụng hướng đến giảm phát thải. • xã hội và cộng đồng: » rà soát và thúc đẩy đa dạng, công bằng, hòa nhập (dei) trong chiến lược phát triển nguồn nhân lực. » đào tạo và nâng cao nhận thức về ptbv/ esg cho người lao động. » triển khai chiến lược csr giai đoạn 2025- 2030 theo hướng tạo giá trị chung. ec1 ec2 tăng trưởng hoạt động kinh doanh và đóng góp giá trị bền vững cho nền kinh tế. tăng trưởng hoạt động kinh doanh thúc đẩy tài chính bền vững và đóng góp giá trị bền vững cho nền kinh tế và các bên hữu quan (econ) kinh tế bền vững e1 e2 giảm phát thải hướng đến net zero và các hoạt động có tác động tích cực đối với môi trường. đẩy mạnh tài chính xanh quản lý rủi ro môi trường và khí hậu e3 giảm phát thải khí nhà kính và sử dụng hiệu quả nguồn tài nguyên (e) môi trường bền vững s1 s2 mang lại lợi ích bền vững cho khách hàng, người lao động và cộng đồng. lấy khách hàng làm trọng tâm phát triển nguồn nhân lực và đảm bảo phúc lợi người lao động. s3 thực thi trách nhiệm xã hội s4 mua sắm có trách nhiệm (s) xã hội bền vững g1 g2 xây dựng mô hình quản trị hướng tới phát triển bền vững. áp dụng chuẩn mực tiên tiến trong quản trị công ty chuyển đổi số, áp dụng trí tuệ nhân tạo an toàn và có trách nhiệm quản lý rủi ro toàn diện (bao gồm rủi ro an ninh mạng) g3 (g) quản trị bền vững tầm nhìn và mục tiêu phát triển bền vững tầm nhìn chiến lược ptbv 2025-2030 tầm nhìn chiến lược toàn hàng 2025 - 2030 tạo giá trị bền vững cho các bên hữu quan thông qua việc quản lý rủi ro và cơ hội về môi trường, xã hội và quản trị. thúc đẩy chuyển đổi số, phát triển nền tảng dữ liệu và công nghệ",BCTN 2025 (cache),15,,2026-10-05
ACB,S1,,," ro 1.8.1. hệ thống quản lý rủi ro 1.8.1.a khung quản lý rủi ro 1.8.1.b hệ thống quy định, giới hạn, chỉ số an toàn ngân hàng thiết lập khung quản lý rủi ro để quản lý các loại rủi ro phát sinh trong hoạt động ngân hàng, tuân thủ quy định của nhnn, khẩu vị và chiến lược rủi ro của ngân hàng. khung quản lý rủi ro bao gồm các nguyên tắc, tuyên bố khẩu vị rủi ro, hạn mức rủi ro, cấu trúc quản trị và mô hình vận hành, cùng hệ thống chính sách, quy định và hướng dẫn áp dụng cho tất cả các loại rủi ro tùy theo tính trọng yếu. khung giúp định vị trách nhiệm và chuẩn hóa cách thức quản trị trên toàn hệ thống, là cơ sở để xây dựng và vận hành các quy trình, công cụ nhận diện, đo lường, giám sát và kiểm soát rủi ro. nhờ đó, hệ thống quy định, giới hạn và các chỉ số an toàn, công cụ, hệ thống công nghệ thông tin phục vụ quản lý rủi ro của acb được liên tục nâng cấp, hoàn thiện nhằm đảm bảo tuân thủ các quy định của nhnn, các chuẩn mực quốc tế và thực hiện quản lý rủi ro một cách chủ động và triệt để. ngân hàng duy trì hệ thống chính sách, quy định, quy trình, hướng dẫn quản lý rủi ro thống nhất trên toàn hệ thống, được rà soát định kỳ để phù hợp với quy định của pháp luật và chiến lược quản lý rủi ro của acb trong từng thời kỳ. các giới hạn được triển khai thành các khẩu vị rủi ro và hạn mức – được thiết kế đa tầng, phù hợp với từng nghiệp vụ, đi kèm ngưỡng cảnh báo sớm, giúp chủ động kiểm soát rủi ro theo chiến lược đã được đề ra. bên cạnh các chỉ số an toàn do nhnn quy định, acb bổ sung các tỷ lệ an toàn theo chuẩn mực quốc tế basel, ecb,v.v. được triển khai phù hợp với đặc điểm danh mục và nghiệp vụ acb. các mô hình, công cụ định lượng và định tính được triển khai đồng bộ, bao gồm chấm điểm tín dụng, mô hình dự phòng tổn thất kỳ vọng, kiểm tra sức chịu đựng (stress testing), khung icaap/ilaap, hệ chỉ số rủi ro trọng yếu (kris), cùng cơ chế “phê duyệt theo rủi ro” và quản lý ngoại lệ minh bạch. các quy trình nhận diện–đo lường–giám sát–kiểm soát được áp dụng nhất quán cho mọi loại rủi ro trọng yếu, tích hợp vào vòng đời sản phẩm và hoạt động của ngân hàng. cơ chế rà soát định kỳ, kiểm soát sau giao dịch/triển khai, cùng hệ thống giới hạn và ngưỡng cảnh báo sớm bảo đảm các quyết định kinh doanh tuân thủ khẩu vị rủi ro, phù hợp yêu cầu pháp lý và chuẩn mực quản trị nội bộ. hệ thống dữ liệu và công nghệ cho rủi ro liên tục phát triển theo hướng chuẩn hóa, cùng với việc phát triển các hệ thống – chương trình phần mềm hỗ trợ, cho phép theo dõi các giới hạn và chỉ số an toàn, cung cấp dashboard cảnh báo và báo cáo quản trị đa chiều. kho dữ liệu tập trung hỗ trợ cung cấp dữ liệu cho việc mô hình hóa, phân tích xu hướng, kiểm định mô hình, kiểm soát và truy vết dữ liệu. việc số hóa quy trình rủi ro và tự động hóa kiểm soát giúp nâng cao tốc độ xử lý, giảm sai sót, gia tăng tính chủ động và hiệu quả trong quản trị rủi ro trên toàn ngân hàng. ngân hàng duy trì phương pháp tiếp cận nhất quán, bảo đảm các quyết định kinh doanh tuân thủ ",BCTN 2025 (cache),16,,2026-10-05
ACB,S1,,,"eo quy định nhnn và nội bộ, nhằm kiểm soát mức độ rủi ro trong phạm vi cho phép. ngân hàng thực hiện kiểm tra sức chịu đựng rủi ro thị trường định kỳ để đánh giá tác động của các kịch bản biến động bất lợi và làm cơ sở điều chỉnh hạn mức, biện pháp quản lý và chiến lược kinh doanh. rủi ro hoạt động là rủi ro do các quy trình nội bộ quy định không đầy đủ hoặc có sai sót, do yếu tố con người, do các lỗi, sự cố của hệ thống công nghệ thông tin (bao gồm nhưng không giới hạn ở các vấn đề gián đoạn hệ thống, tấn công mạng, rò rỉ dữ liệu, gián đoạn dịch vụ số, khôi phục sau thảm họa, và các vấn đề liên quan đến bảo mật thông tin), hoặc do các yếu tố bên ngoài làm tổn thất về tài chính, tác động tiêu cực phi tài chính đối với ngân hàng. rủi ro hoạt động không bao gồm rủi ro danh tiếng và rủi ro chiến lược. năm 2025, acb đẩy mạnh quản lý rủi ro công nghệ thông tin trong bối cảnh rủi ro từ môi trường thông tin số gia tăng theo hướng phòng ngừa và kiểm soát xuyên suốt vòng đời hệ thống. nhiều chính sách và quy trình được cập nhật, bao gồm thủ tục phát triển phần mềm, thủ tục quản lý sự thay đổi, quản lý và cập nhật bản vá, và quy định quản lý rủi ro cntt. việc đánh giá rủi ro được thực hiện đối với các hệ thống trọng yếu, giúp phát hiện sớm điểm yếu và đề xuất biện pháp kiểm soát phù hợp. hoạt động giám sát an toàn thông tin được tăng cường với việc vận hành trung tâm điều hành an ninh mạng 24/7. hệ thống áp dụng đồng bộ nhiều giải pháp công nghệ tiên tiến như hệ thống quản lý và phân tích sự kiện an ninh thông tin (security information and event management, thường gọi tắt là siem), nền tảng tự động hóa và điều phối ứng phó sự cố an ninh (security orchestration, automation and response, thường gọi tắt là soar), hệ thống phát hiện và ngăn chặn xâm nhập (intrusion detection system / intrusion prevention system, thường gọi tắt là ids/ips), tường lửa ứng dụng web (web application firewall, thường gọi tắt là waf), giải pháp phát hiện và phản ứng mở rộng (extended detection and response, thường gọi tắt là xdr) và hệ thống phòng, chống tấn công từ chối dịch vụ phân tán (distributed denial of service, thường gọi tắt ddos) hỗ trợ ngân hàng chủ động phát hiện, ngăn chặn và ứng phó với các mối đe dọa mạng ngày càng tinh vi. công tác rà soát lỗ hổng kỹ thuật và kiểm thử an ninh được thực hiện định kỳ theo quy định của pháp luật. song song đó, hệ thống cảnh báo tự động trên kênh ngân hàng số giúp giảm thiểu rủi ro gian lận, hỗ trợ bảo vệ khách hàng trước các hành vi lừa đảo trực tuyến. khả năng phục hồi hệ thống được cải thiện thông qua củng cố hạ tầng dự phòng, sao lưu dữ liệu và diễn tập khôi phục sau thảm họa (drp) theo các tình huống sát thực",BCTN 2025 (cache),19,,2026-10-05
ACB,S2,,,"19 18 báo cáo thường niên 2025 về chúng tôi ủy ban quản lý rủi ro ủy ban nhân sự ủy ban đầu tư ủy ban chiến lược hội đồng xử lý rủi ro ủy ban phát triển bền vững đại hội đồng cổ đông hội đồng alco hội đồng quản lý vốn hội đồng rủi ro hội đồng mua, bán nợ hội đồng xử lý nợ hội đồng kinh doanh hội đồng sản phẩm hội đồng đào tạo hội đồng phê duyệt tín dụng hội đồng thẩm định tài sản hội đồng giám sát quản trị dữ liệu hội đồng phê duyệt cơ cấu nợ hội đồng phê duyệt trái phiếu doanh nghiệp các hội đồng nhóm giám đốc vùng phòng quản lý nợ phòng pháp chế phòng sáng tạo phòng phân tích tín dụng phòng dữ liệu và phân tích văn phòng tổng giám đốc phòng đối ngoại phòng thẩm định tài sản văn phòng đại diện tại hà nội văn phòng quản lý chuyển đổi trung tâm phê duyệt tín dụng tập trung phòng quản trị truyền thông và thương hiệu 8 vùng, 98 cụm, 389 chi nhánh và phòng giao dịch các ủy ban và hội đồng được thành lập theo quy định của pháp luật các ủy ban và hội đồng được thành lập theo nhu cầu của ngân hàng chú thích: các ủy ban/hội đồng văn phòng hđqt hội đồng quản trị ban kiểm toán nội bộ ban kiểm soát ban điều hành khối khách hàng cá nhân khối khách hàng doanh nghiệp khối thị trường tài chính khối quản lý rủi ro khối vận hành khối quản trị nguồn nhân lực khối quản trị hành chánh khối công nghệ thông tin khối tài chính khối ngân hàng số 1.5. mô hình quản trị và bộ máy quản lý 1.5.1. mô hình quản trị 1.5.2. cơ cấu bộ máy quản lý - mô hình quản trị của acb gồm có: đhđcđ, hđqt, bks, và tổng giám đốc (theo khoản 1 điều 29 điều lệ acb.) - người đại diện ",BCTN 2025 (cache),11,,2026-10-05
ACB,S2,,,"à một cấu phần chiến lược trong lộ trình nâng cao năng lực cạnh tranh và hiệu quả hoạt động dài hạn của ngân hàng. điểm nhấn năm 2025 giảm rủi ro • thị giác máy tính (computer vision) • xử lí ngôn ngữ tự nhiên (nlp) • phòng chống gian lận chứng từ ( fdd) giảm chi phí • acb ask • copilot & chatgpt enterprise tăng trải nghiệm khách hàng tăng hiệu quả kinh doanh • genai khcn • genai khdn • ai được triển khai xuyên suốt các lĩnh vực trọng yếu agentic ai prediction ai narrow ai generative ai ocr & fdd computer vision big data platform dẫn dắt bởi công nghệ, dữ liệu và trí tuệ nhân tạo gia tăng hiệu quả kinh doanh tối ưu chi phí và hiệu quả vận hành tăng cường kiểm soát rủi ro kinh doanh dịch vụ và trải nghiệm khách hàng tuân thủ và quản trị rủi ro vận hành và năng suất nhân sự các lĩnh vực trọng yếu giá trị mang lại • ai chuyển mình từ vai trò hỗ trợ vận hành sang động lực tạo doanh thu trực tiếp năm 2025, acb đã đưa vào vận hành bộ đôi giải pháp genai dành cho khách hàng cá nhân (khcn) và khách hàng doanh nghiệp (khdn). trợ lý ảo đóng vai trò như một chuyên gia tư vấn số, hỗ trợ đội ngũ kinh doanh tổng hợp thông tin, phân tích nhu cầu và đề xuất gói sản phẩm chỉ trong vài phút, qua đó nâng cao hiệu quả khai thác khách hàng. trợ lý ảo one – genai khdn: có tỷ lệ áp dụng đạt 97% toàn hệ thống. genai khdn đã hỗ trợ chuyển đổi thành công 26.000+ khách hàng doanh nghiệp, đóng góp 128 tỷ đồng thu nhập từ lãi và phí. là giải pháp ứng dụng công nghệ genai đầu tiên ra mắt trên thị trường ngân hàng việt nam, đạt giải thưởng “ngân hàng có sản phẩm dịch vụ sáng tạo tiêu biểu” tại vietnam outstanding banking awards 2025. trợ lý ảo one – genai khcn: sau 3 tháng vận hành, tỷ lệ chuyển đổi bán chéo đạt >65%, hỗ ",BCTN 2025 (cache),26,,2026-10-05
ACB,S2,,,"giúp giảm 60–70% thời gian tra cứu tài liệu và tiết kiệm 8.500 giờ làm việc/năm cho nhân sự hội sở thông qua việc tự động hóa tới 95% thời gian thực hiện báo cáo. trên nền tảng những kết quả đã đạt được trong năm 2025, acb sẽ tiếp tục kiên định với chiến lược đầu tư ai có trọng tâm trong các năm tới với 4 hành động sau: định hướng 2026: • nâng cao năng lực đội ngũ, nhằm hiện thực hóa tầm nhìn trở thành ngân hàng thông minh, nơi công nghệ cộng hưởng và nâng tầm năng lực con người. • tiên phong triển khai các công nghệ ai thế hệ mới như ai tác nhân (agentic ai), từng bước nâng cấp các giải pháp từ vai trò hỗ trợ sang tham gia chủ động vào các quy trình nghiệp vụ. • hoàn thiện các giải pháp trọng yếu: như voicebot, paste-to-pay (thanh toán siêu tốc từ văn bản), và mở rộng ứng dụng công nghệ ai trong tư vấn quản lý gia sản (wealth management). • củng cố khung quản trị ai (ai governance) bảo đảm việc ứng dụng ai được thực hiện một cách minh bạch, an toàn và có trách nhiệm.",BCTN 2025 (cache),27,,2026-10-05
ACB,S2,,,"67 66 báo cáo thường niên 2025 tình hình hoạt động trong năm 2.3. tình hình đầu tư, tình hình thực hiện các dự án năm 2025, acb đã thực hiện một số khoản đầu tư, góp vốn mang tính chiến lược nhằm tăng cường vốn cho các công ty con giúp mở rộng quy mô hoạt động, nâng cao hiệu quả kinh doanh và năng lực quản trị rủi ro, góp phần tạo dựng bước đà vững chắc cho hành trình chuyển đổi theo tầm nhìn 2025–2030 trở thành tập đoàn tài chính hiệu quả. • acbs: acb đã thực hiện tăng vốn đầu tư tại công ty con acbs từ 7.000 tỷ đồng lên 11.000 tỷ đồng. việc bổ sung nguồn vốn nhằm nâng cao năng lực tài chính cho acbs, thúc đẩy hoạt động cho vay ký quỹ (margin), mở rộng hoạt động tự doanh, đầu tư nâng cấp hệ thống công nghệ giao dịch, cũng như gia tăng khả năng cạnh tranh của mảng môi giới chứng khoán. đây là bước đi chiến lược giúp acbs cải thiện hiệu quả vận hành, đa dạng hóa các sản phẩm tài chính và nâng cao chất lượng dịch vụ khách hàng, đồng thời gia tăng đóng góp vào doan",BCTN 2025 (cache),35,,2026-10-05
ACB,S2,,,"âng cấp hệ thống giao dịch nhằm kết nối hệ thống ứng dụng giải pháp cơ sở dữ liệu đám mây oracle exadata cloud@customer krx 09 mà hose thông báo đưa vào vận hành từ 05.05.2025, nâng cao năng lực xử lý, tính ổn định và an toàn hệ thống. ra mắt trợ lý phân tích đầu tư đánh dấu bước đột phá trong ứng dụng genai vào tư vấn và phân tích đầu tư để đưa ra phân tích chuyên sâu, chắt lọc kinh nghiệm của đội ngũ chuyên gia phân tích và tư vấn của acbs. cho hệ thống giao dịch lõi và được vận hành ngay tại trung tâm dữ liệu của acbs. số lượng giải thưởng tài chính – chứng khoán trong nước và quốc tế mà acbs được vinh danh trong năm 20259. ai – smarty thành tựu nổi bật năm 2025. định hướng hoạt động năm 2026: • hoàn thành mục tiêu lợi nhuận năm 2026: 1.800 tỷ đồng. • đa dạng hóa nguồn huy động trong và ngoài nước, nâng cao tính chủ động và linh hoạt về vốn. • phát triển hệ sinh thái giao dịch số với chính sách phí và lãi suất margin linh hoạt, hệ thống giao dịch ổn định, cá nhân hóa trải nghiệm và ứng dụng ai smarty hỗ trợ tư vấn, phân tích đầu tư 24/7. • đẩy mạnh chuyển dịch sang mô hình tư vấn đầu tư và quản lý gia sản, phát triển mạnh mảng khách hàng ưu tiên với chính sách margin ổn định, lãi suất cạnh tranh cho khách hàng có nav trên 20 tỷ đồng, đội ngũ quản lý danh mục chuyên sâu và các sản phẩm tài chính tích hợp tiền gửi, tín dụng và chứng khoán. • triển khai các sản phẩm mới như giao dịch trái phiếu doanh nghiệp, giải pháp quản lý gia sản. • tiếp tục tự động hóa quy trình và nâng cấp hệ thống theo các chuẩn mực, sản phẩm mới của cơ quan quản lý. 2.3.2.b công ty tnhh quản lý nợ và khai thác tài sản ngân hàng á châu (acba) 8: tỷ lệ nợ xấu của acbs: tổng nợ xấu đã trích lập dự phòng/tổng dư nợ cho vay. 9: (1) the most customer centric company, bởi tạp chí international finance; (2) tốp 10 thương hiệu mạnh asean 2025, bởi diễn đàn hợp tác kinh tế việt nam - asean 2025; (3) ceo nguyễn đức hoàn - nhà lãnh đạo tiêu biểu asean 2025, bởi diễn đàn hợp tác kinh tế việt nam - asean 2025; (4) tốp 10 công ty uy tín ngành tài chính, bởi vietnam report; (5) dịch vụ môi giới tài chính tiêu biểu và sản phẩm công nghệ & chuyển đổi số tiêu biểu, bởi báo tài chính đầu tư và cộng đồng cố vấn tài chính việt nam (vwa); (6) doanh nghiệp xuất sắc châu á (corporate excellence award), bởi apea; (7) doanh nghiệp phát triển nhanh (fast enterprise award), bởi apea; (8) tốp 10 thành vi",BCTN 2025 (cache),37,,2026-10-05
ACB,S2,,," lệ. với mức vốn điều lệ mới 1.050 tỷ đồng, acbc trở thành công ty quản lý quỹ có vốn điều lệ lớn nhất trên thị trường, tạo nền tảng tài chính vững chắc cho các hoạt động kinh doanh trong giai đoạn tới. số lượng quỹ mở mới được mở bán ra công chúng (ipo), quỹ đầu tư tăng trưởng ổn định acbc và quỹ đầu tư tăng trưởng chủ động acbc qua đó mở rộng hệ sinh thái sản phẩm đầu tư, đa dạng hóa danh mục dịch vụ và gia tăng mức độ nhận diện thương hiệu trên thị trường quản lý quỹ. thành tựu nổi bật năm 2025. 1.000 tỷ đồng >68% tăng trưởng doanh thu từ hoạt động kinh doanh cốt lõi so với cùng kỳ năm 2024, phản ánh khả năng triển khai chiến lược kinh doanh phù hợp với bối cảnh thị trường. ~10% tăng trưởng của giá trị danh mục đầu tư ủy thác quản lý, cho thấy mức độ tín nhiệm ngày càng gia tăng của khách hàng, đồng thời khẳng định năng lực tạo lập giá trị bền vững cho nhà đầu tư. trọng tâm năm 2026: • acbc đặt một số mục tiêu trọng yếu về tài chính và hiệu quả hoạt động năm 2026 như sau: » lợi nhuận trước thuế: 55 tỷ đồng » tỷ lệ tổng chi phí/tổng doanh thu: 38% » tổng giá trị tài sản quản lý: 5.000 tỷ đồng • phát triển và mở rộng quy mô các quỹ mở hiện hữu. • thành lập thêm các quỹ mới, đa dạng hóa sản phẩm đầu tư và nâng cao chất lượng quản lý quỹ theo hướng minh bạch, tuân thủ và hiệu quả. • đẩy mạnh hoạt động quản lý danh mục đầu tư, hướng tới tối ưu hóa lợi nhuận đi đôi với kiểm soát rủi ro, đáp ứng ngày càng tốt hơn nhu cầu của khách hàng và nhà đầu tư. • hiện đại hóa toàn diện hệ thống công nghệ và kênh thông tin, nâng cao hiệu quả vận hành, chất lượng quản lý quỹ và mức độ minh bạch trong công bố thông tin.",BCTN 2025 (cache),40,,2026-10-05
ACB,S2,,," càng gia tăng của khách hàng, đồng thời khẳng định năng lực tạo lập giá trị bền vững cho nhà đầu tư. trọng tâm năm 2026: • acbc đặt một số mục tiêu trọng yếu về tài chính và hiệu quả hoạt động năm 2026 như sau: » lợi nhuận trước thuế: 55 tỷ đồng » tỷ lệ tổng chi phí/tổng doanh thu: 38% » tổng giá trị tài sản quản lý: 5.000 tỷ đồng • phát triển và mở rộng quy mô các quỹ mở hiện hữu. • thành lập thêm các quỹ mới, đa dạng hóa sản phẩm đầu tư và nâng cao chất lượng quản lý quỹ theo hướng minh bạch, tuân thủ và hiệu quả. • đẩy mạnh hoạt động quản lý danh mục đầu tư, hướng tới tối ưu hóa lợi nhuận đi đôi với kiểm soát rủi ro, đáp ứng ngày càng tốt hơn nhu cầu của khách hàng và nhà đầu tư. • hiện đại hóa toàn diện hệ thống công nghệ và kênh thông tin, nâng cao hiệu quả vận hành, chất lượng quản lý quỹ và mức độ minh bạch trong công bố thông tin.",BCTN 2025 (cache),40,,2026-10-05
ACB,S2,,,"hát triển bền vững theo các chuẩn mực quốc tế. • đạt một số kết quả khả quan trong công tác chuyển đổi số theo định hướng lấy khách hàng làm trung tâm, ứng dụng công nghệ và trí tuệ nhân tạo (ai/genai) nhằm nâng cao trải nghiệm, tăng hiệu quả kinh doanh, giảm chi phí và kiểm soát rủi ro như đã đề cập ở mục 2.1.3.a hoạt động chuyển đổi số. • gia tăng gắn kết khách hàng trên nền tảng số: năm 2025, acb không ngừng củng cố nền tảng an toàn nhiều lớp, nâng cao mức độ cá nhân hóa và tăng cường tương tác trên kênh số, đồng thời mở rộng các tiện ích thiết thực thông qua hệ sinh thái du lịch – giải trí và chương trình acb rewards. kết quả năm 2025 so với năm 2024: trên 98% giao dịch được thực hiện qua kênh số, trong đó hơn 90% thông qua ứng dụng acb one (mobile app); số lượng giao dịch trực tuyến tăng 30%; số lượng khách hàng mới đến từ kênh số tăng 91% với trên 70% khách hàng mới phát sinh giao dịch ngay trong năm; số lượng khách hàng giao dịch trực tuyến bình quân tháng tăng 12,5%; số lượng tài khoản tiền gửi trực tuyến có kỳ hạn tăng 45%; và số lượng khách hàng gửi tiền trực tuyến tăng 25%. những kết quả này không chỉ cho thấy mức độ gắn kết ngày càng tăng của khách hàng mà còn đóng góp thiết thực vào việc tối ưu hóa chi phí, nâng cao hiệu suất vận hành và củng cố lợi thế cạnh tranh của acb trong dài hạn. • chính thức khởi động chiến lược giai đoạn 2025–2030 với tuyên ngôn “trở thành tập đoàn tài chính hiệu quả, mang giải pháp cá nhân hóa toàn diện đến từng khách hàng, thông qua trải nghiệm liền mạch trên nền tảng tích hợp, được dẫn dắt bởi công nghệ, dữ liệu và trí tuệ nhân tạo”. đây là định hướng xuyên suốt cho hành trình phát triển 05 năm, được cụ thể hóa cho 4 phân khúc khách hàng trọng tâm. trong khuôn khổ chiến lược này, acb đã đề ra hơn 20 sáng kiến chiến lược và tính đến cuối năm 2025 đang thực th",BCTN 2025 (cache),49,,2026-10-05
ACB,S3,,,"c rủi ro truyền thống, rủi ro công nghệ, cùng với các rủi ro mới nổi (rủi ro mô hình, rủi ro môi trường - xã hội, rủi ro số,...) ngày càng đan xen và lan tỏa nhanh. trọng tâm bao gồm: tích hợp quản trị rủi ro ngay từ khâu thiết kế các mô hình kinh doanh trong hệ sinh thái số, bảo đảm rủi ro được quản lý đồng thời với việc mở rộng quy mô và đa dạng hóa dịch vụ; phục vụ việc đẩy mạnh hoạt động kinh doanh hiện tại và thúc đẩy thành công của các sáng kiến chiến lược của ngân hàng trong dài hạn. nâng cao năng lực giám sát, cảnh báo sớ",BCTN 2025 (cache),18,,2026-10-05
ACB,S3,,,"ý nợ và khai thác tài sản ngân hàng á châu (acba) 8: tỷ lệ nợ xấu của acbs: tổng nợ xấu đã trích lập dự phòng/tổng dư nợ cho vay. 9: (1) the most customer centric company, bởi tạp chí international finance; (2) tốp 10 thương hiệu mạnh asean 2025, bởi diễn đàn hợp tác kinh tế việt nam - asean 2025; (3) ceo nguyễn đức hoàn - nhà lãnh đạo tiêu biểu asean 2025, bởi diễn đàn hợp tác kinh tế việt nam - asean 2025; (4) tốp 10 công ty uy tín ngành tài chính, bởi vietnam report; (5) dịch vụ môi giới tài chính tiêu biểu và sản phẩm công nghệ & chuyển đổi số tiêu biểu, bởi báo tài chính đầu tư và cộng đồng cố vấn tài chính việt nam (vwa); (6) doanh nghiệp xuất sắc châu á (corporate excellence award), bởi apea; (7) doanh nghiệp phát triển nhanh (fast enterprise award), bởi apea; (8) tốp 10 thành vi",BCTN 2025 (cache),37,,2026-10-05
ACB,S3,,,"từ việc sử dụng giấy: • ban hành các quy định nội bộ về sử dụng phương tiện công vụ hiệu quả như không sử dụng xe công cho mục đích cá nhân, phải đăng ký lịch trình di chuyển. • lắp đặt hệ thống định vị trên xe nhằm theo dõi và tối ưu hóa lộ trình vận hành. • hợp tác với dhl sử dụng dịch vụ gogreen plus giúp giảm phát thải trong chuyển phát nhanh thông qua việc sử dụng nhiên liệu hàng không bền vững. • lắp đặt và vận hành hệ thống chiếu sáng tiết kiệm năng lượng, đèn cảm ứng tự động, điều hòa thông minh; khuyến khích sử dụng các thiết bị văn phòng có hiệu suất năng lượng cao. • lắp đặt kính hộp hai lớp cách nhiệt tại các tòa nhà nhằm giảm hấp thụ nhiệt từ bên ngoài và hạn chế thất thoát nhiệt từ bên trong, góp phần nâng cao hiệu quả sử dụng năng lượng trong vận hành. • kiểm soát nhiệt độ vận hành của hệ thống điều hòa không khí ở ngưỡng phù hợp với điều kiện thời tiết và nhu cầu sử dụng. • quản lý việc sử dụng thiết bị điện theo khung thời gian vận hành, tăng cường kiểm tra, tắt các thiết bị không cần thiết và giảm chiếu sáng tại các khu vực ít sử dụng. • đẩy mạnh truyền thông nội bộ, khuyến khích nhân viên áp dụng các thực hành tiết kiệm điện và đề xuất các sáng kiến cải tiến hiệu quả năng lượng trong hoạt động vận hành. • đẩy mạnh số hóa quy trình và giảm sử dụng giấy thông qua triển khai chữ ký số (e-signature), phê duyệt điện tử, giao dịch tại quầy không giấy, sao kê điện tử và lưu trữ hồ sơ số (go paperless). • tinh giản mẫu biểu và quy trình vận hành thông qua các chương trình green csr cho khách hàng doanh nghiệp và green teller. • trong vận hành tín dụng, kết nối dữ liệu và tự động hóa quy trình từ giải ngân đến thanh lý khoản vay; ứng dụng công nghệ ocr và rpa trong kiểm tra, lưu trữ chứng từ và tinh giản mẫu biểu. • triển khai truyền thông đối ngoại nhằm lan tỏa thông điệp sử dụng năng lượng tiết kiệm và hiệu quả tới khách hàng và đối tác của ngân hàng. bên cạnh đó, acb cũng tiếp tục đẩy mạnh việc mua s",BCTN 2025 (cache),107,,2026-10-05
ACB,S3,,,"18 vốn tài trợ, ủy thác đầu tư, cho vay tổ chức tín dụng chịu rủi ro 31.12. 2024 triệu vnd 28.008 15.832 vốn nhận từ ngân hàng hợp tác quốc tế nhật bản bằng đồng việt nam (i) 12.176 vốn nhận từ ngân hàng hợp tác quốc tế nhật bản bằng ngoại tệ (ii) 31.12.2025 triệu vnd 19.079 8.320 10.759 vốn nhận từ ngân hàng hợp tác quốc tế nhật bản (“jbic”) được chính phủ nhật bản tài trợ thông qua jbic. vốn nhận từ các quỹ này được dùng để cho vay các doanh nghiệp vừa và nhỏ với thời hạn tối đa là mười năm cho các khoản vay trung, dài hạn và một năm cho khoản vay ngắn hạn theo thỏa ước vay ký giữa nhnn và ngân hàng. (i) các số dư của vốn nhận từ jbic bằng đồng việt nam chịu lãi suất trong năm 2025 từ 3,61%/năm đến 3,76%/năm (năm 2024: từ 3,11%/năm đến 3,83%/năm). (ii) các số dư của vốn nhận từ jbic bằng ngoại tệ chịu lãi suất trong năm 2025 là 1,91%/năm (năm 2024: 1,91%/năm). 19 phát hành giấy tờ có giá 39.850.000 5.370.000 4.720.000 2.430.000 73.249.767 5.400.000 290.000 2.000.000 133.309.767 39.849.045 5.369.637 4.715.768 2.420.205 73.249.767 5.400.000 290.000 2.000.000 133.294.422 giá trị ghi sổ triệu vnd 31.12.2025 mệnh giá triệu vnd trái phiếu trái phiếu kỳ hạn từ một năm đến hai năm trái phiếu kỳ hạn ba năm trái phiếu kỳ hạn năm năm chứng chỉ tiền gửi trái phiếu kỳ hạn mười năm chứng chỉ tiền gửi kỳ hạn dưới một năm chứng chỉ tiền gửi kỳ hạn từ một năm đến hai năm chứng chỉ tiền gửi kỳ hạn ba năm chứng chỉ tiền gửi kỳ hạn năm năm (i) bao gồm trong khoản thu nhập chưa thực hiện tại ngày 31 tháng 12 năm 2025 là 5.666.666 triệu vnd (31.12.2024: 6.233.333 triệu vnd) khoản phí hỗ trợ chưa thực hiện liên quan đến hoạt động đại lý bảo hiểm của ngân hàng. 20 các khoản phải trả và công nợ khác (ii) quỹ khen thưởng, phúc lợi 31.12.2025 triệu vnd 31.12.2024 triệu vnd các khoản phải trả nội bộ các khoản phải trả cho bên ngoài 1.280.584 5.125.200 376.277 220.289 1.674.127 271.632 14.969.111 6.235.417 847.298 1.480.612 941.203 6.924.447 385.590 2.582.875 2.174.750 790.590 2.914.186 659.331 5.667.622 817.424 1.541.280 15.891.976 các khoản phải nộp ngân sách nhà nước (thuyết minh 37) phải trả khác thu nhập chưa thực hiện (i) quỹ khen thưởng, phúc lợi (ii) quỹ phát triển khoa học và công nghệ (iii) 400.000 (1.249) 847.298 448.547 100.000 847.298 (129.874) 817.424 năm 2025 triệu vnd năm 2024 triệu vnd trích lập trong năm (thuyết minh 21.1) số dư đầu năm sử dụng trong năm số dư cuối năm 37.400.000 2.070.000 3.820.000 2.430.000 37.399.160 2.069.789 3",BCTN 2025 (cache),146,,2026-10-05
ACB,S3,,,"17 vốn tài trợ, ủy thác đầu tư, cho vay tổ chức tín dụng chịu rủi ro 31.12.2025 triệu vnd 31.12.2024 triệu vnd 28.008 19.079 15.832 vốn nhận từ ngân hàng hợp tác quốc tế nhật bản bằng đồng việt nam (i) 8.320 12.176 vốn nhận từ ngân hàng hợp tác quốc tế nhật bản bằng ngoại tệ (ii) 10.759 vốn nhận từ ngân hàng hợp tác quốc tế nhật bản (“jbic”) được chính phủ nhật bản tài trợ thông qua jbic. vốn nhận từ các quỹ này được dùng để cho vay các doanh nghiệp vừa và nhỏ với thời hạn tối đa là mười năm cho các khoản vay trung, dài hạn và một năm cho khoản vay ngắn hạn theo thỏa ước vay ký giữa nhnn và ngân hàng. (i) các số dư của vốn nhận từ jbic bằng đồng việt nam chịu lãi suất trong năm 2025 từ 3,61%/năm đến 3,76%/năm (năm 2024: 3,11%/năm đến 3,83%/năm). (ii) các số dư của vốn nhận từ jbic bằng ngoại tệ chịu lãi suất trong năm 2025 là 1,91%/năm (năm 2024: 1,91%/năm). 18 phát hành giấy tờ có giá giá trị ghi sổ triệu vnd 31.12.2025 mệnh giá triệu vnd trái phiếu 39.650.000 trái phiếu kỳ hạn từ một năm đến hai năm 39.649.045 5.370.000 trái phiếu kỳ hạn ba năm 5.369.637 4.720.000 trái phiếu kỳ hạn năm năm 4.715.768 chứng chỉ tiền gửi 2.430.000 trái phiếu kỳ hạn mười năm 2.418.374 73.280.100 chứng chỉ tiền gửi kỳ hạn dưới một năm 73.280.100 5.400.000 chứng chỉ tiền gửi kỳ hạn từ một năm đến hai năm 5.400.000 290.000 chứng chỉ tiền gửi kỳ hạn ba năm 290.000 2.000.000 chứng chỉ tiền gửi kỳ hạn năm năm 2.000.000 133.140.100 133.122.924 (i) bao gồm trong khoản thu nhập chưa thực hiện tại ngày 31 tháng 12 năm 2025 là 5.666.666 triệu vnd (31.12.2024: 6.233.333 triệu vnd) khoản phí hỗ trợ chưa thực hiện liên quan đến hoạt động đại lý bảo hiểm của ngân hàng. 19 các khoản phải trả và công nợ khác trái phiếu giá trị ghi sổ triệu vnd 31.12.2024 mệnh giá triệu vnd 37.400.000 trái phiếu kỳ hạn từ một năm đến hai năm 37.399.160 2.070.000 trái phiếu kỳ hạn ba năm 2.069.789 3.820.000 trái phiếu kỳ hạn năm năm 3.814.587 2.430.000 trái phiếu kỳ hạn mười năm 2.414.619 chứng chỉ tiền gửi 55.950.000 chứng chỉ tiền gửi kỳ hạn dưới một năm 55.950.000 101.670.000 101.648.155 31.12.2025 triệu vnd 31.12.2024 triệu vnd 1.239.037 các khoản phải trả nội bộ 889.692 4.788.899 các khoản phải trả cho bên ngoài 6.056.420 ▪ chuyển tiền phải trả 376.277 385.590 ▪ các khoản phải nộp ngân sách nhà nước (thuyết minh 35) 2.518.354 1.966.826 ▪ tiền giữ hộ và đợi thanh toán 220.289 790.590 ▪ các khoản chờ thanh toán 1.673.979 2.913.414 thu nhập chưa thực hiện (i) 6.235.417 5.667.622 quỹ khen thưởng, phúc lợi (ii) 847.237 817.363 quỹ phát triển khoa học và công nghệ (iii) 1.480.612 1.541.280 14.591.202 14.972.377 (ii) quỹ khen thưởng, phúc lợi 31.12.2025 triệu vnd 31.12.2024 triệu vnd 400.000 trích lập trong năm (thuyết minh 20.1) 100.000 số dư đầu năm 448.486 847.237 (1.249) sử dụng trong năm (129.874) 847.237 số dư cuố",BCTN 2025 (cache),189,,2026-10-05
ACB,T2,,,". acb duy trì tuân thủ đầy đủ quy định của pháp luật và hướng dẫn về quản trị công ty do các cơ quan quản lý nhà nước ban hành, bao gồm nhưng không giới hạn ở các quy định sau (bao gồm các văn bản sửa đổi, bổ sung, hoặc hướng dẫn thi hành): • luật các tổ chức tín dụng số 32/2024/ qh15; • luật chứng khoán số 54/2019/qh14; • luật doanh nghiệp số 59/2020/qh14; • nghị định số 155/2020/nđ-cp và nghị định số 245/2025/nđ-cp sửa đổi, bổ sung một số điều của nghị định số 155/2020/nđ-cp quy định chi tiết thi hành một số điều của luật c",BCTN 2025 (cache),80,,2026-10-05
ACB,T2,,,"nh lệch giữa mệnh giá của cổ phiếu mua lại và giá trị khoản thanh toán bao gồm các chi phí liên quan trực tiếp, trừ đi thuế, được ghi nhận vào thặng dư vốn cổ phần. cho năm tài chính kết thúc ngày 31 tháng 12 năm 2024 (cc) các quỹ dự trữ theo luật các tổ chức tín dụng số 32/2024/qh15 do quốc hội việt nam ban hành ngày 18 tháng 1 năm 2024 (“luật các tctd 2024”) và nghị định số 93/2017/nđ-cp do chính phủ việt nam ban hành ngày 7 tháng 8 năm 2017 (“nghị định 93”), ngân hàng phải trích lập các quỹ như sau trước khi phân phối lợi ",BCTN 2025 (cache),134,,2026-10-05
ACB,T2,,,"ều chỉnh giảm vốn điều lệ, ngoại trừ một số trường hợp theo quy định. chênh lệch giữa mệnh giá của cổ phiếu mua lại và giá trị khoản thanh toán bao gồm các chi phí liên quan trực tiếp, trừ đi thuế, được ghi nhận vào thặng dư vốn cổ phần. theo luật các tổ chức tín dụng số 32/2024/qh15 do quốc hội việt nam ban hành ngày 18 tháng 1 năm 2024 (“luật các tctd 2024”) và nghị định số 93/2017/nđ-cp do chính phủ việt nam ban hành ngày 7 tháng 8 năm 2017 (“nghị định 93”), ngân hàng phải trích lập các quỹ như sau trước khi phân phối lợi ",BCTN 2025 (cache),180,,2026-10-05
ACB,T3,,,"n tài chính hiệu quả, mang giải pháp cá nhân hóa toàn diện đến từng khách hàng, thông qua trải nghiệm liền mạch trên nền tảng tích hợp, dẫn dắt bởi công nghệ, dữ liệu 1: báo cáo số 01/bc-ctk ngày 05.01.2026 về tình hình kinh tế - xã hội quý iv và năm 2025. và trí tuệ nhân tạo.” một trong các mục tiêu chủ yếu là tỷ suất lợi nhuận trên vốn chủ sở hữu (roe) của giai đoạn này là > 20%. ngay trong năm đầu tiên triển khai, acb đã chủ động cụ thể hóa việc thực thi chiến lược thông qua 5 bước đi lớn, chia làm 21 sáng kiến chiến lược, cho ",BCTN 2025 (cache),4,,2026-10-05
ACB,T3,,,"1 sáng kiến chiến lược, cho cả giai đoạn 5 năm này. công tác hoàn thiện cơ cấu tổ chức và phát triển nguồn nhân lực cũng được triển khai đồng bộ, nhằm bảo đảm năng lực thực thi chiến lược một cách có hiệu quả. việc ứng dụng công nghệ, dữ liệu và các giải pháp trí tuệ nhân tạo trong hoạt động vận hành, quản lý rủi ro, nâng cao trải nghiệm khách hàng, v.v. cũng tiếp tục được đẩy mạnh. một chủ trương lớn nhằm đa dạng hóa dịch vụ và nguồn thu tương lai cho acb mà hội đồng quản trị đã trình đại hội đồng cổ đông thông qua, đó là thành l",BCTN 2025 (cache),4,,2026-10-05
ACB,T3,,,"n – sứ mệnh – giá trị cốt lõi tầm nhìn và sứ mệnh giá trị cốt lõi 5 giá trị cốt lõi trở thành tập đoàn tài chính hiệu quả, mang giải pháp cá nhân hóa đến từng khách hàng thông qua trải nghiệm liền mạch trên nền tảng tích hợp, dẫn dắt bởi công nghệ, dữ liệu và trí tuệ nhân tạo. chính trực – cẩn trọng – cách tân – hiệu quả – hài hòa chính trực chúng tôi đề cao sự trung thực, xử lý vấn đề một cách thẳng thắn và minh bạch, không khoan nhượng với sự không trung thực. cẩn trọng chúng tôi đề cao sự tuân thủ quy định của pháp luật và quy ",BCTN 2025 (cache),9,,2026-10-05
ACB,T3,,,"được các cột mốc mới trong giai đoạn 5 năm tiếp theo. các mục tiêu chính của chiến lược 2025-2030 bao gồm: tỷ suất roe >20%; tỷ lệ casa >30%; tỷ lệ thu thuần phí >20%. định hướng chiến lược nâng cao năng lực số hóa và đẩy mạnh các hoạt động ngân hàng dựa trên trí tuệ nhân tạo (ai-driven banking): tập trung vào dữ liệu, trí tuệ nhân tạo và nền tảng số nâng cao việc cá nhân hóa trải nghiệm cho người dùng. tái định hình mô hình vận hành và tối ưu hiệu suất: xây dựng mô hình tổ chức linh hoạt, tận dụng công nghệ để tối ưu chi phí. tăn",BCTN 2025 (cache),14,,2026-10-05
ACB,T3,,," tiêu chính của chiến lược 2025-2030 bao gồm: tỷ suất roe >20%; tỷ lệ casa >30%; tỷ lệ thu thuần phí >20%. định hướng chiến lược nâng cao năng lực số hóa và đẩy mạnh các hoạt động ngân hàng dựa trên trí tuệ nhân tạo (ai-driven banking): tập trung vào dữ liệu, trí tuệ nhân tạo và nền tảng số nâng cao việc cá nhân hóa trải nghiệm cho người dùng. tái định hình mô hình vận hành và tối ưu hiệu suất: xây dựng mô hình tổ chức linh hoạt, tận dụng công nghệ để tối ưu chi phí. tăng trưởng bền vững và đa dạng hóa doanh thu: duy trì vị thế mả",BCTN 2025 (cache),14,,2026-10-05
ACB,T3,,,"ới trong giai đoạn 5 năm tiếp theo. các mục tiêu chính của chiến lược 2025-2030 bao gồm: tỷ suất roe >20%; tỷ lệ casa >30%; tỷ lệ thu thuần phí >20%. định hướng chiến lược nâng cao năng lực số hóa và đẩy mạnh các hoạt động ngân hàng dựa trên trí tuệ nhân tạo (ai-driven banking): tập trung vào dữ liệu, trí tuệ nhân tạo và nền tảng số nâng cao việc cá nhân hóa trải nghiệm cho người dùng. tái định hình mô hình vận hành và tối ưu hiệu suất: xây dựng mô hình tổ chức linh hoạt, tận dụng công nghệ để tối ưu chi phí. tăng tr",BCTN 2025 (cache),14,,2026-10-05
ACB,T3,,," nhân lực và đảm bảo phúc lợi người lao động. s3 thực thi trách nhiệm xã hội s4 mua sắm có trách nhiệm (s) xã hội bền vững g1 g2 xây dựng mô hình quản trị hướng tới phát triển bền vững. áp dụng chuẩn mực tiên tiến trong quản trị công ty chuyển đổi số, áp dụng trí tuệ nhân tạo an toàn và có trách nhiệm quản lý rủi ro toàn diện (bao gồm rủi ro an ninh mạng) g3 (g) quản trị bền vững tầm nhìn và mục tiêu phát triển bền vững tầm nhìn chiến lược ptbv 2025-2030 tầm nhìn chiến lược toàn hàng 2025 - 2030 tạo giá trị bền vững cho các bên hữ",BCTN 2025 (cache),15,,2026-10-05
ACB,T3,,,"nguyên, vật liệu đầu vào. o chuyển đổi năng lượng sử dụng hướng đến giảm phát thải. o đảm bảo sử dụng dữ liệu có trách nhiệm, quản lý dữ liệu an toàn và bảo mật, tuân thủ các quy định về bảo mật thông tin; tăng cường nâng cao nhận thức về qlrr an ninh mạng và trí tuệ nhân tạo.",BCTN 2025 (cache),22,,2026-10-05
ACB,O1,,,"acb có 389 chi nhánh (cn) và phòng giao dịch (pgd) hoạt động tại 50 tỉnh, thành trong cả nước, số lượng tăng 01 đơn vị so với cuối năm 2024 sau khi mở chi nhánh đầu tiên tại ninh bình. - các địa bàn (theo địa giới hành chính áp dụng từ 01.7.2025) chiếm trên 10% doanh thu trong 02 năm gần nhất gồm tp. hồ chí minh, hà nội và miền trung - tây nguyên. về mặt tổng thể, cấu trúc địa bàn kinh doanh năm 2025 cho thấy tp. hồ chí minh giữ vai trò động lực tăng trưởng chính, trong khi các vùng vệ tinh và khu vực ngoài trung tâm tiếp tục tạo ra tăng trưởng đồng đều, góp phần củng cố nền tảng mở rộng bền vững của acb trên toàn quốc. 01 trụ sở chính 442 nguyễn thị minh khai, phường bàn cờ, tp.hồ chí minh 1 văn phòng đại diện tại hà nội 389 cn & pgd (291 phòng giao dịch+ 98 chi nhánh) tp. hồ chí minh hà nội miền bắc (hiện diện: 7/14 tỉnh thành) miền trung và tây nguyên (11/11) đông nam bộ (2/2) tây nam bộ (5/5) • số lượng cn+pgd: 157 điểm • chiếm tỷ lệ: 40,36% • số lượng pos: 3.650 • số lượng cn+pgd: 55 điểm • chiếm tỷ lệ: 14,14% • số lượng pos: 641 • số lượng cn+pgd: 74 điểm • chiếm tỷ lệ: 19,02% • số lượng pos: 983 • số lượng cn+pgd: 22 điểm • chiếm tỷ lệ: 5,66% • số lượng pos: 257 • số lượng cn+pgd: 40 điểm • chiếm tỷ lệ: 10,28% • số lượng pos: 765 • số lượng cn+pgd: 41 điểm • chiếm tỷ lệ: 10,54% • số lượng pos: 270 • chưa hiện diện: tuyên quang, cao bằng, lai châu, điện biên, lạng sơn, sơn la, lào cai.",BCTN 2025 (cache),10,,2026-10-05
ACB,O1,,," mức độ tập trung dư nợ và duy trì chất lượng danh mục tín dụng phù hợp với khẩu vị rủi ro của ngân hàng. - rủi ro tập trung trong hoạt động tự doanh: thông qua các hạn mức tập trung giao dịch cho đối tác giao dịch, sản phẩm giao dịch, loại tiền tệ trên cơ sở tỷ trọng số dư của đối tác giao dịch, sản phẩm giao dịch, loại tiền tệ so với tổng số dư giao dịch tự doanh. giới hạn rủi ro ngân hàng thiết lập các giới hạn rủi ro theo khách hàng, nhóm khách hàng có liên quan, ngành nghề, lĩnh vực kinh tế, mục đích sử dụng vốn, tài sản bảo đảm và loại tiền tệ, trên cơ sở khẩu vị rủi ro đã được phê duyệt và t",BCTN 2025 (cache),20,,2026-10-05
ACB,O1,,,"nh (hkd) với việc đạt mốc 1,2 triệu hkd – nằm trong nhóm lớn nhất thị trường, nhờ triển khai hệ sinh thái “đồng minh thông thái” và kết nối toàn quốc với hệ thống thuế. • chiến lược mới về sản phẩm và mở rộng kênh pos phát huy hiệu quả với số lượng pos tăng 33% với xu hướng tăng trưởng đồng đều toàn hệ thống. tăng trưởng pos mới đạt 385%, thu nhập phí tăng 68%. • doanh số chuyển tiền nước ngoài đạt mốc 2 tỷ usd, tăng 34% so với 2024. • gói vay “ngôi nhà đầu tiên” được vinh danh tại bca awards (vccorp) với giải thưởng “giải pháp tín dụng sáng tạo”, thu hút 3.700 khách hàng, dư nợ 8.744 tỷ đồng. • ra mắt thành công một loạt tính năng, sản phẩm hoặc nền tảng mới như: tính năng bán ngoại tệ trên acb one, smart pos – nền tảng tất cả trong một (all-in- one), sản phẩm chứng chỉ tiền gửi – kênh đầu tư tích sản số mới; sản phẩm thấu chi tín chấp trực tuyến. 2: 6 giải thưởng từ visa: ngân hàng dẫn đầu về tổng doanh số giao dịch thẻ 2025; ngân hàng dẫn đầu về doanh số giao dịch xuyên biên giới 2025; ngân hàng dẫn đầu về doanh số và tăng trưởng thẻ doanh nghiệp 2025; đối tác tiên phong phát triển giải pháp số mới tại việt nam trong năm 2025; thẻ white label ngành hàng không đổi mới sáng tạo tại việt nam 2025. 3: 3 giải thưởng từ jcb: ngân hàng dẫn đầu về phát hành thẻ mới 2024; ngân hàng dẫn đầu về thẻ tích lũy 2024; ngân hàng dẫn đầu tỷ lệ kích hoạt thẻ tín dụng 2024. định hướng năm 2026: • tăng trưởng giá trị giao dịch & tệp khách hàng chất lượng đối với nhóm khách hàng ưu tiên thông qua mở rộng các giải pháp đầu tư và nâng cấp bộ ưu đãi. • tiếp tục đẩy mạnh số hóa và tự động hóa: mở rộng phê duyệt tự động, áp dụng voicebot, smart underwriting. • đẩy mạnh cá nhân hóa: cá nhân hóa giải pháp dành cho người giàu – hộ kinh doanh – người trẻ, cá nhân hóa ưu đãi lãi suất theo dòng tiền và hành vi giao dịch. • mở rộng hợp ",BCTN 2025 (cache),28,,2026-10-05
ACB,O1,,,"55 54 báo cáo thường niên 2025 báo cáo và đánh giá của ban điều hành • tăng trưởng vượt bậc mảng fdi: dư nợ tăng 158%; huy động fdi tăng 33%, đến từ các tập đoàn lớn ngành thiết bị điện, điện tử, gỗ và doanh nghiệp đa quốc gia. • 90% doanh nghiệp giao dịch qua kênh trực tuyến; giá trị giao dịch nội địa trực tuyến tăng 27%; khách hàng thực hiện thanh toán quốc tế trực tuyến tăng gấp 2 lần. • triển khai mô hình cung cấp dịch vụ tài chính toàn diện nhu cầu (từ tín dụng đến giao dịch và quản trị dòng tiền) và chuyên biệt hóa giải pháp theo ngành cho các ngành trọng điểm như: thi công xây lắp, dược – thiết bị y tế. • khẳng định vai trò đồng hành mạnh mẽ cùng các hiệp hội và cộng đồng các doanh nghiệp như vasep, huba, vitas….đặc biệt là 02 sự kiện: “hội nghị ngành dệt may và chuỗi cung ứng: giải pháp trong biến động” tại tp.hcm (09/10/2025), “hội nghị ngành nông sản và thủy sản” tại cần thơ (16.12.2025). định hướng 2026: • ứng dụng dữ liệu & genai để tăng trưởng kinh doanh, nâng cao độ chính xác trong xác định nhu cầu doanh nghiệp, tăng hiệu suất bán hàng và tỷ lệ chuyển đổi khách hàng. • tiếp tục đẩy mạnh cá thể hóa giải pháp theo hành vi khách hàng để tăng trải nghiệm, hiệu suất và hiệu quả. • đối với phân khúc sme: chuyển đổi mô hình kinh doanh từ “ngân hàng cung cấp dịch vụ” sang “nền tảng số hỗ trợ toàn diện sme”. • đối với nhóm khách hàng quy mô vừa và lớn: tập trung vào những lĩnh vực đóng vai trò quan trọng trong phát triển kinh tế – hạ tầng thông qua việc nâng cao năng lực thẩm định và xây dựng các giải pháp tài chính phù hợp với đặc thù dự á",BCTN 2025 (cache),29,,2026-10-05
ACB,O1,,,"ịch hội đồng thành viên công ty acbs. • trình độ học vấn: tốt nghiệp cử nhân khoa học ngành vật lý lý thuyết của trường đại học tổng hợp tp. hồ chí minh. • tỷ lệ sở hữu cổ phần có quyền biểu quyết (bao gồm sở hữu gián tiếp, làm tròn đến hai số thập phân): 0,00%6. • tuổi: 71. • tham gia vào ban điều hành acb từ ngày 11.8.2011. • ngày bổ nhiệm phó tổng giám đốc lần đầu: 11.8.2011. • kinh nghiệm ngành tài chính ngân hàng: 32 năm. • kinh nghiệm tại acb: 32 năm (từ năm 1993). bà đã trải qua các vị trí sau: trưởng phòng phòng tín dụng, giám đốc sở giao dịch (nay là chi nhánh tp. hồ chí minh) từ năm 2002 đến năm 2011. • trình độ học vấn: tốt nghiệp cử nhân ngành ngân hàng của trường đại học kinh tế tp. hồ chí minh. • tỷ lệ sở hữu cổ phần có quyền biểu quyết (bao gồm sở hữu gián tiếp, làm tròn đến hai số thập phân): không sở hữu6. nguyễn khắc nguyện nguyễn thị tuyết vân ông phó tổng giám đốc bà phó tổng giám đốc • tuổi: 60. • tham gia vào ban điều hành acb từ ngày 26.01.2015. • ngày bổ nhiệm phó tổng giám đốc lần đầu: 26.01.2015. • kinh nghiệm ngành tài chính ngân hàng: 41 năm. • kinh nghiệm tại acb: 17 năm (từ năm 2008). bà đã trải qua các vị trí sau: giám đốc khối phát triển kinh doanh, giám đốc đối ngoại. trước đó, bà công tác tại ngân hàng nhà nước – chi nhánh tp. hồ chí minh. • trình độ học vấn: tốt nghiệp cử nhân kinh tế của trường đại học ngân hàng tp. hồ chí minh và cử nhân ngành luật kinh tế của trường đại học luật tp. hồ chí minh. • tỷ lệ sở hữu cổ phần có quyền biểu quyết (bao gồm sở hữu gián tiếp, làm tròn đến hai số thập phân): 0,00%6. • tuổi: 45. • tham gia vào ban điều hành acb từ ngày 15.01.2022. • ngày bổ nhiệm phó tổng giám đốc lần đầu: 15.01.2022. • kinh nghiệm ngành tài chính ngân hàng: 16 năm. • kinh nghiệm tại acb: 16 năm (từ năm 2006 đến năm 2009 và từ năm 2012 đến nay). ông đã trải qua các vị trí sau: giám đốc truyền thông nội bộ, giám đốc quản trị truyền thông và thương hiệu, phó giám đốc khối quản trị nguồn nhân lực, giám đốc trung tâm học tập, và giám đốc khối quản trị nguồn nhân lực. • trình độ học vấn: tốt nghiệp cử nhân tài chính, tiền tệ, ngân hàng của trường đại học kinh tế tp. hồ chí minh, và thạc sĩ kinh doanh quốc tế của trường đại học curtin, úc. • tỷ lệ sở hữu cổ phần có quyền biểu quyết (bao gồm sở hữu gián tiếp, làm tròn đến hai số thập phân): 0,01%6. 6: tỷ lệ sở hữu các chứng khoán khác do công ty phát hành: không áp dụng do acb không phát hành chứng khoán khác. 6: tỷ lệ sở hữu các chứng khoán khác do công ty phát hành: không áp dụng do acb không phát hành chứng khoán khác.",BCTN 2025 (cache),32,,2026-10-05
ACB,O1,,," năm 20259. ai – smarty thành tựu nổi bật năm 2025. định hướng hoạt động năm 2026: • hoàn thành mục tiêu lợi nhuận năm 2026: 1.800 tỷ đồng. • đa dạng hóa nguồn huy động trong và ngoài nước, nâng cao tính chủ động và linh hoạt về vốn. • phát triển hệ sinh thái giao dịch số với chính sách phí và lãi suất margin linh hoạt, hệ thống giao dịch ổn định, cá nhân hóa trải nghiệm và ứng dụng ai smarty hỗ trợ tư vấn, phân tích đầu tư 24/7. • đẩy mạnh chuyển dịch sang mô hình tư vấn đầu tư và quản lý gia sản, phát triển mạnh mảng khách h",BCTN 2025 (cache),37,,2026-10-05
ACB,O1,,,"83 82 báo cáo thường niên 2025 tình hình hoạt động trong năm stt thời điểm tăng vốn giá trị tăng trong kỳ (tỷ đồng) giá trị sau khi tăng (tỷ đồng) hình thức tăng vốn ii cổ phiếu niêm yết 10 06.2007 330 1.430 trả cổ tức năm 2006 bằng cổ phiếu (30%) 11 04.2007 1.100 2.530 chuyển đổi trái phiếu chuyển đổi phát hành tháng 10.2006 (2/3) 12 04.2007 100 2.630 chào bán riêng lẻ. đối tượng: cổ đông hiện hữu 13 06.2008 1.472 4.102 trả cổ tức bằng cổ phiếu năm 2007 (55%); và phát hành 25 tỷ cổ phiếu thưởng cho cán bộ nhân viên 14 06.2008 1.704 5.806 phát hành cổ phiếu thưởng từ nguồn thặng dư vốn (36,636%) 15 10.2008 550 6.356 chuyển đổi trái phiếu chuyển đổi phát hành tháng 10.2006 (1/3) 16 09.2009 1.350 7.706 chuyển đổi trái phiếu chuyển đổi phát hành tháng 2.2008. 17 11.2009 108 7.814 phát hành cổ phiếu thưởng từ quỹ dự trữ bổ sung vđl (1,41%) 2.5.4. giao dịch cổ phiếu quỹ không phát sinh vì acb không sở hữu cổ phiếu quỹ từ ngày 01.4.2020. 2.5.5. chứng khoán khác không phát sinh vì acb không phát hành chứng khoán vốn khác trong năm 2025. stt thời điểm tăng vốn giá trị tăng trong kỳ (tỷ đồng) giá trị sau khi tăng (tỷ đồng) hình thức tăng vốn 18 2010 1.563 9.377 chào bán riêng lẻ. đối tượng: cổ đông hiện hữu đơn vị cấp: chủ tịch ubcknn. giấy chứng nhận chào bán cổ phiếu ra công chúng số 735/ubck-gcn ngày 17.11.2010. 19 06.2017 896 10.273 trả cổ tức năm 2015 bằng cổ phiếu (10%) 20 07.2018 986 11.259 trả cổ tức năm 2016 bằng cổ phiếu (10%) 21 01.2019 1.627 12.886 trả cổ tức năm 2017 bằng cổ phiếu (15%) 22 11.2019 3.741 16.627 trả cổ tức năm 20",BCTN 2025 (cache),43,,2026-10-05
ACB,O1,,,"87 86 báo cáo thường niên 2025 tình hình hoạt động trong năm 2.7. vị thế acb trên thị trường #1 #2 #3 dẫn đầu trong nhóm ngân hàng tư nhân với quy mô hơn 408 nghìn tỷ đồng, tăng trưởng 13% so với đầu năm. đứng thứ 2 trong nhóm ngân hàng tư nhân với quy mô hơn 455 nghìn tỷ đồng, tăng trưởng tích cực bất chấp những thách thức từ môi trường kinh doanh. (nhóm 3 đến 5 trên tổng dư nợ cho vay khách hàng) nằm trong tốp 3 tổ chức tín dụng có tỷ lệ nợ xấu thấp nhất hệ thống, ở mức 0,97%. acb dẫn đầu về với loạt giải thưởng từ visa10: “ngân hàng dẫn đầu về tổng doanh số giao dịch thẻ 2025”, “ngân hàng dẫn đầu về doanh số giao dịch xuyên biên giới 2025”, “ngân hàng dẫn đầu về doanh số giao dịch trên thẻ ghi nợ 2025”, “ngân hàng dẫn đầu về doanh số và tăng trưởng thẻ doanh nghiệp 2025”. tín dụng mảng bán lẻ thẻ visa tại việt nam tổng doanh số giao dịch huy động tiền gửi khách hàng mảng bán lẻ tỷ lệ nợ xấu 2.8. báo cáo tác động liên quan đến môi trường và xã hội 2.8.1. báo cáo tác động liên quan đến môi trường và xã hội của acb10 xin xem chương 6 báo cáo phát triển bền vững và ấn phẩm báo cáo phát ",BCTN 2025 (cache),45,,2026-10-05
ACB,O2,,," hỗ trợ, cho phép theo dõi các giới hạn và chỉ số an toàn, cung cấp dashboard cảnh báo và báo cáo quản trị đa chiều. kho dữ liệu tập trung hỗ trợ cung cấp dữ liệu cho việc mô hình hóa, phân tích xu hướng, kiểm định mô hình, kiểm soát và truy vết dữ liệu. việc số hóa quy trình rủi ro và tự động hóa kiểm soát giúp nâng cao tốc độ xử lý, giảm sai sót, gia tăng tính chủ động và hiệu quả trong quản trị rủi ro trên toàn ngân hàng. ngân hàng duy trì phương pháp tiếp cận nhất quán, bảo đảm các quyết định kinh doanh tuân thủ khẩu vị rủi ro",BCTN 2025 (cache),16,,2026-10-05
ACB,O2,,,"h tranh cho khách hàng có nav trên 20 tỷ đồng, đội ngũ quản lý danh mục chuyên sâu và các sản phẩm tài chính tích hợp tiền gửi, tín dụng và chứng khoán. • triển khai các sản phẩm mới như giao dịch trái phiếu doanh nghiệp, giải pháp quản lý gia sản. • tiếp tục tự động hóa quy trình và nâng cấp hệ thống theo các chuẩn mực, sản phẩm mới của cơ quan quản lý. 2.3.2.b công ty tnhh quản lý nợ và khai thác tài sản ngân hàng á châu (acba) 8: tỷ lệ nợ xấu của acbs: tổng nợ xấu đã trích lập dự phòng/tổng dư nợ cho vay. 9: (1) the most customer ce",BCTN 2025 (cache),37,,2026-10-05
ACB,O2,,,"ện tử, giao dịch tại quầy không giấy, sao kê điện tử và lưu trữ hồ sơ số (go paperless). • tinh giản mẫu biểu và quy trình vận hành thông qua các chương trình green csr cho khách hàng doanh nghiệp và green teller. • trong vận hành tín dụng, kết nối dữ liệu và tự động hóa quy trình từ giải ngân đến thanh lý khoản vay; ứng dụng công nghệ ocr và rpa trong kiểm tra, lưu trữ chứng từ và tinh giản mẫu biểu. • triển khai truyền thông đối ngoại nhằm lan tỏa thông điệp sử dụng năng lượng tiết kiệm và hiệu quả tới khách hàng và đối tác của ngân ",BCTN 2025 (cache),107,,2026-10-05
ACB,O2,,," các thiết bị không cần thiết và giảm chiếu sáng tại các khu vực ít sử dụng. • đẩy mạnh truyền thông nội bộ, khuyến khích nhân viên áp dụng các thực hành tiết kiệm điện và đề xuất các sáng kiến cải tiến hiệu quả năng lượng trong hoạt động vận hành. • đẩy mạnh số hóa quy trình và giảm sử dụng giấy thông qua triển khai chữ ký số (e-signature), phê duyệt điện tử, giao dịch tại quầy không giấy, sao kê điện tử và lưu trữ hồ sơ số (go paperless). • tinh giản mẫu biểu và quy trình vận hành thông qua các chương trình green csr cho khách h",BCTN 2025 (cache),107,,2026-10-05
ACB,O2,,,"s). • tinh giản mẫu biểu và quy trình vận hành thông qua các chương trình green csr cho khách hàng doanh nghiệp và green teller. • trong vận hành tín dụng, kết nối dữ liệu và tự động hóa quy trình từ giải ngân đến thanh lý khoản vay; ứng dụng công nghệ ocr và rpa trong kiểm tra, lưu trữ chứng từ và tinh giản mẫu biểu. • triển khai truyền thông đối ngoại nhằm lan tỏa thông điệp sử dụng năng lượng tiết kiệm và hiệu quả tới khách hàng và đối tác của ngân hàng. bên cạnh đó, acb cũng tiếp tục đẩy mạnh việc mua sắm, sử dụng",BCTN 2025 (cache),107,,2026-10-05
ACB,O3,,,"động chương trình thường niên “hành trình tôi yêu cuộc sống” với hoạt động hiến máu và chăm sóc sức khỏe cộng đồng. triển khai dịch vụ ngân hàng giao dịch, dịch vụ ngân hàng ưu tiên. đưa vào vận hành một loạt hệ thống mới như: dms (quản lý nợ), solar csr và gopaperless (số hóa nghiệp vụ vận hành), acms (quản lý quan hệ khách hàng). moody’s tiếp tục nâng xếp hạng của acb lên mức ba3 và giữ nguyên cho tới hiện tại (cuối năm 2025). khởi động chiến lược đổi mới acb 2019–2024, tập trung vào số hóa và trải nghiệm khách hàng. cải ",BCTN 2025 (cache),8,,2026-10-05
ACB,O3,,,"ề xuất các sáng kiến cải tiến hiệu quả năng lượng trong hoạt động vận hành. • đẩy mạnh số hóa quy trình và giảm sử dụng giấy thông qua triển khai chữ ký số (e-signature), phê duyệt điện tử, giao dịch tại quầy không giấy, sao kê điện tử và lưu trữ hồ sơ số (go paperless). • tinh giản mẫu biểu và quy trình vận hành thông qua các chương trình green csr cho khách hàng doanh nghiệp và green teller. • trong vận hành tín dụng, kết nối dữ liệu và tự động hóa quy trình từ giải ngân đến thanh lý khoản vay; ứng dụng công nghệ ocr và r",BCTN 2025 (cache),107,,2026-10-05
ACB,O3,,,"nhân viên áp dụng các thực hành tiết kiệm điện và đề xuất các sáng kiến cải tiến hiệu quả năng lượng trong hoạt động vận hành. • đẩy mạnh số hóa quy trình và giảm sử dụng giấy thông qua triển khai chữ ký số (e-signature), phê duyệt điện tử, giao dịch tại quầy không giấy, sao kê điện tử và lưu trữ hồ sơ số (go paperless). • tinh giản mẫu biểu và quy trình vận hành thông qua các chương trình green csr cho khách hàng doanh nghiệp và green teller. • trong vận hành tín dụng, kết nối dữ liệu và tự động hóa quy trình từ giải ngân đ",BCTN 2025 (cache),107,,2026-10-05
ACB,O3,,,"k tương đương tương đương 1. các dự án hạn chế sử dụng giấy - giải pháp ứng dụng chữ ký số (e-signature) vào quy trình tín dụng. - các dự án số hóa vận hành (vd: chữ ký điện tử; giải ngân qua kênh số; green transactions). - chuyển đổi hạn chế sử dụng giấy (go paperless). - chữ ký số pháp lý trong hồ sơ nhân sự - hệ thống thực hiện tạm ứng, thanh toán chi phí hoạt động e-payment và hệ thống lưu trữ chứng từ kế toán edo. - chương trình ngoại lệ lãi suất huy động (er). 225.888,74 kg giấy 124.238,80 kg co2 eq 2. thảm tái chế sử",BCTN 2025 (cache),108,,2026-10-05
ACB,H1,,,"ực mới để duy trì và phát triển năng lực cạnh tranh giúp đạt được các cột mốc mới trong giai đoạn 5 năm tiếp theo. các mục tiêu chính của chiến lược 2025-2030 bao gồm: tỷ suất roe >20%; tỷ lệ casa >30%; tỷ lệ thu thuần phí >20%. định hướng chiến lược nâng cao năng lực số hóa và đẩy mạnh các hoạt động ngân hàng dựa trên trí tuệ nhân tạo (ai-driven banking): tập trung vào dữ liệu, trí tuệ nhân tạo và nền tảng số nâng cao việc cá nhân hóa trải nghiệm cho người dùng. tái định hình mô hình vận hành và tối ưu hiệu suất: xây dựng mô",BCTN 2025 (cache),14,,2026-10-05
ACB,H1,,,"g kiến tiết kiệm/giảm các yếu tố đầu vào chủ yếu và kế hoạch giảm tiêu thụ. » chuyển đổi năng lượng sử dụng hướng đến giảm phát thải. • xã hội và cộng đồng: » rà soát và thúc đẩy đa dạng, công bằng, hòa nhập (dei) trong chiến lược phát triển nguồn nhân lực. » đào tạo và nâng cao nhận thức về ptbv/ esg cho người lao động. » triển khai chiến lược csr giai đoạn 2025- 2030 theo hướng tạo giá trị chung. ec1 ec2 tăng trưởng hoạt động kinh doanh và đóng góp giá trị bền vững cho nền kinh tế. tăng trưởng hoạt động kinh doanh thúc đẩy tài chính bền vững và đóng góp giá trị bền vững cho nền kinh tế và các bên hữu quan (econ) kinh tế bền vững e1 e2 giảm phát thải hướng đến net zero và các hoạt động có tác động tích cực đối với môi trường. đẩy mạnh tài chính xanh quản lý rủi ro môi trường và khí hậu e3 giảm phát thải khí nhà kính và sử dụng hiệu quả nguồn tài nguyên (e) môi trường bền vững s1 s2 mang lại lợi ích bền vững cho khách hàng, người lao động và cộng đồng. lấy khách hàng làm trọng tâm phát triển nguồn nhân lực và đảm bảo phúc lợi người lao động. s3 thực thi trách nhiệm xã hội s4 mua sắm có trách nhiệm (s) xã hội bền vững g1 g2 xây dựng mô hình quản trị hướng tới phát triển bền vững. áp dụng chuẩn mực tiên tiến trong quản trị công ty chuyển đổi số, áp dụng trí tuệ nhân tạo an toàn và có trách nhiệm quản lý rủi ro toàn diện (bao gồm rủi ro an ninh mạng) g3 (g) quản trị bền vững tầm nhìn và mục tiêu phát triển bền vững tầm nhìn chiến lược ptbv 2025-2030 tầm nhìn chiến lược toàn hàng 2025 - 2030 tạo giá trị bền vững cho các bên hữu quan thông qua việc quản lý rủi ro và cơ hội về môi trường, xã hội và quản trị. thúc đẩy chuyển đổi số, phát triển nền tảng dữ liệu và công nghệ",BCTN 2025 (cache),15,,2026-10-05
ACB,H1,,," tín dụng. trong vận hành nội bộ, acb đặt quản lý rủi ro xã hội trong khuôn khổ quản trị nguồn nhân lực bền vững, đảm bảo môi trường làm việc an toàn, công bằng, tôn trọng sự đa dạng và phát triển nghề nghiệp. các chính sách minh bạch về tuyển dụng, đánh giá, đào tạo và chăm sóc sức khỏe tinh thần giúp giảm rủi ro và nâng cao hiệu suất. ngân hàng cũng chú trọng đạo đức kinh doanh, bảo vệ khách hàng, minh bạch thông tin, bảo mật dữ liệu và phòng chống gian lận, đặc biệt trong bối cảnh chuyển đổi số. trong hoạt động cấp tín dụng: trong hoạt động vận hành nội bộ: o cập nhật khung tài chính bền vững theo các quy định mới của pháp luật việt nam và thông lệ quốc tế. o thúc đẩy nhận diện và phân loại các khoản vay xanh, khoản vay bền vững, thông qua các hướng",BCTN 2025 (cache),22,,2026-10-05
ACB,H1,,,"5–2030. » ổn định lực lượng lao động và củng cố đội ngũ quản lý: theo dõi chặt chẽ biến động nhân sự toàn hệ thống; triển khai bổ nhiệm, tái bổ nhiệm và kiện toàn đội ngũ quản lý. » tăng cường phát triển năng lực lãnh đạo: giám sát triển khai các chương trình đào tạo gắn với chiến lược, nổi bật là hoàn thiện khung năng lực lõi cho lãnh đạo hội sở và mở rộng đào tạo về chuyển đổi số, ai, quản lý rủi ro và năng lực kinh doanh. » quản trị hiệu quả nhân sự và chi phí: theo dõi hiệu quả sử dụng nguồn lực, kết quả hoàn thành mục tiêu của lực lượng kinh doanh; giám sát việc triển khai các chính sách lương, thưởng, phúc lợi và quản lý chi phí n",BCTN 2025 (cache),70,,2026-10-05
ACB,H2,,," 50 doanh nghiệp kinh doanh hiệu quả nhất việt nam. hđqt phê duyệt định hướng phát triển đến 2030 với các mục tiêu tài chính chủ yếu là acb đã ký kết văn bản hợp tác chiến lược với đhqg-hcm (tháng 5.2025) và viettel (tháng 7.2025) nhằm phát triển hệ sinh thái đổi mới sáng tạo, hỗ trợ tài chính cho sinh viên & fintech, cùng các giải pháp số hóa cho ngành giáo dục và doanh nghiệp nhỏ và hộ kinh doanh theo quyết định số 3389/qđ- btc ngày 6.10.2025 của bộ tài chính về xóa bỏ thuế khoán. tại sự kiện “ngày không tiền mặt 2025”, gian hàn",BCTN 2025 (cache),13,,2026-10-05
ACB,H2,,, giao dịch thẻ 2025; ngân hàng dẫn đầu về doanh số giao dịch xuyên biên giới 2025; ngân hàng dẫn đầu về doanh số và tăng trưởng thẻ doanh nghiệp 2025; đối tác tiên phong phát triển giải pháp số mới tại việt nam trong năm 2025; thẻ white label ngành hàng không đổi mới sáng tạo tại việt nam 2025. 3: 3 giải thưởng từ jcb: ngân hàng dẫn đầu về phát hành thẻ mới 2024; ngân hàng dẫn đầu về thẻ tích lũy 2024; ngân hàng dẫn đầu tỷ lệ kích hoạt thẻ tín dụng 2024. định hướng năm 2026: • tăng trưởng giá trị giao dịch & tệp khách hàng chất lư,BCTN 2025 (cache),28,,2026-10-05
ACB,H2,,,h số giao dịch trên thẻ ghi nợ 2025 visa 10 ngân hàng dẫn đầu về doanh số và tăng trưởng thẻ doanh nghiệp 2025 visa 11 acb - đối tác tiên phong triển khai giải pháp số mới tại việt nam trong năm 2025 visa 12 giải thưởng ra mắt thẻ white label ngành hàng không đổi mới sáng tạo tại việt nam 2025 visa 13 ngân hàng thương mại tốt nhất việt nam international finance magazine 14 ngân hàng có ứng dụng ngân hàng số sáng tạo nhất việt nam 2025 international finance magazine giải thưởng trong nước 1 tốp 50 doanh nghiệp tiêu biểu có thương h,BCTN 2025 (cache),44,,2026-10-05
ACB,D1,,,"h thái acb – acbs – acba – acbl – acbc; nhận huân chương lao động hạng nhì. 2008 cũng là năm acb mở thêm nhiều chi nhánh - phòng giao dịch nhất trong lịch sử với 73 đơn vị. vận hành hệ thống core banking tcbs, kết nối toàn bộ chi nhánh và phòng giao dịch trên nền tảng dữ liệu tập trung. triển khai dịch vụ ngân hàng điện tử. áp dụng iso 9001:2000 cho các quy trình cốt lõi, khẳng định cam kết chất lượng dịch vụ thành lập acba. giai đoạn tiên phong (1996–2004) hiện đại hóa và mở rộng quy mô cũng như hệ sinh thái (2005–2010)",BCTN 2025 (cache),7,,2026-10-05
ACB,D1,,,"à mục tiêu phát triển bền vững tầm nhìn chiến lược ptbv 2025-2030 tầm nhìn chiến lược toàn hàng 2025 - 2030 tạo giá trị bền vững cho các bên hữu quan thông qua việc quản lý rủi ro và cơ hội về môi trường, xã hội và quản trị. thúc đẩy chuyển đổi số, phát triển nền tảng dữ liệu và công nghệ",BCTN 2025 (cache),15,,2026-10-05
ACB,D1,,,"ệ thống dữ liệu và công nghệ cho rủi ro liên tục phát triển theo hướng chuẩn hóa, cùng với việc phát triển các hệ thống – chương trình phần mềm hỗ trợ, cho phép theo dõi các giới hạn và chỉ số an toàn, cung cấp dashboard cảnh báo và báo cáo quản trị đa chiều. kho dữ liệu tập trung hỗ trợ cung cấp dữ liệu cho việc mô hình hóa, phân tích xu hướng, kiểm định mô hình, kiểm soát và truy vết dữ liệu. việc số hóa quy trình rủi ro và tự động hóa kiểm soát giúp nâng cao tốc độ xử lý, giảm sai sót, gia tăng tính chủ động và hiệu quả tr",BCTN 2025 (cache),16,,2026-10-05
ACB,D1,,,"i phí • acb ask • copilot & chatgpt enterprise tăng trải nghiệm khách hàng tăng hiệu quả kinh doanh • genai khcn • genai khdn • ai được triển khai xuyên suốt các lĩnh vực trọng yếu agentic ai prediction ai narrow ai generative ai ocr & fdd computer vision big data platform dẫn dắt bởi công nghệ, dữ liệu và trí tuệ nhân tạo gia tăng hiệu quả kinh doanh tối ưu chi phí và hiệu quả vận hành tăng cường kiểm soát rủi ro kinh doanh dịch vụ và trải nghiệm khách hàng tuân thủ và quản trị rủi ro vận hành và năng suất nhân sự các lĩnh vực",BCTN 2025 (cache),26,,2026-10-05
ACB,D2,,," phát triển bền vững đại hội đồng cổ đông hội đồng alco hội đồng quản lý vốn hội đồng rủi ro hội đồng mua, bán nợ hội đồng xử lý nợ hội đồng kinh doanh hội đồng sản phẩm hội đồng đào tạo hội đồng phê duyệt tín dụng hội đồng thẩm định tài sản hội đồng giám sát quản trị dữ liệu hội đồng phê duyệt cơ cấu nợ hội đồng phê duyệt trái phiếu doanh nghiệp các hội đồng nhóm giám đốc vùng phòng quản lý nợ phòng pháp chế phòng sáng tạo phòng phân tích tín dụng phòng dữ liệu và phân tích văn phòng tổng giám đốc phòng đối ngoại phòng thẩm định ",BCTN 2025 (cache),11,,2026-10-05
ACB,D2,,,"triển khai các biện pháp phòng chống thất thoát dữ liệu (dlp) tại nhiều điểm rủi ro cao, góp phần giảm thiểu nguy cơ rò rỉ thông tin. công tác bảo vệ dữ liệu được triển khai sâu rộng. bộ phận bảo vệ dữ liệu được kiện toàn và thực hiện đào tạo toàn hệ thống về bảo mật dữ liệu cá nhân, nhận diện nguy cơ phishing, ransomware và các rủi ro an toàn thông tin khác. các hoạt động đánh giá tuân thủ và diễn tập khẩn cấp được tổ chức định kỳ nhằm nâng cao ý thức và kỷ luật bảo mật. năm 2025, nhiều kịch bản diễn tập đảm bảo hoạt động liên t",BCTN 2025 (cache),19,,2026-10-05
ACB,D2,,,"n trọng sự đa dạng và phát triển nghề nghiệp. các chính sách minh bạch về tuyển dụng, đánh giá, đào tạo và chăm sóc sức khỏe tinh thần giúp giảm rủi ro và nâng cao hiệu suất. ngân hàng cũng chú trọng đạo đức kinh doanh, bảo vệ khách hàng, minh bạch thông tin, bảo mật dữ liệu và phòng chống gian lận, đặc biệt trong bối cảnh chuyển đổi số. trong hoạt động cấp tín dụng: trong hoạt động vận hành nội bộ: o cập nhật khung tài chính bền vững theo các quy định mới của pháp luật việt nam và thông lệ quốc tế. o thúc đẩy nhận diện và phân l",BCTN 2025 (cache),22,,2026-10-05
ACB,D2,,," theo dõi tác động môi trường và xã hội từ khoản tín dụng. o tiếp tục thực hiện các kế hoạch, sáng kiến tiết kiệm/ giảm thiểu các tài nguyên, vật liệu đầu vào. o chuyển đổi năng lượng sử dụng hướng đến giảm phát thải. o đảm bảo sử dụng dữ liệu có trách nhiệm, quản lý dữ liệu an toàn và bảo mật, tuân thủ các quy định về bảo mật thông tin; tăng cường nâng cao nhận thức về qlrr an ninh mạng và trí tuệ nhân tạo.",BCTN 2025 (cache),22,,2026-10-05
ACB,D3,,," hàng) hợp nhất ở mức 0,97%, và thuộc tốp 3 tổ chức tín dụng có tỷ lệ nợ xấu thấp nhất hệ thống. năm 2025, acb bước vào xây dựng và thực thi chiến lược toàn hàng acb giai đoạn 2025-2030, với tuyên ngôn là “trở thành tập đoàn tài chính hiệu quả, mang giải pháp cá nhân hóa toàn diện đến từng khách hàng, thông qua trải nghiệm liền mạch trên nền tảng tích hợp, dẫn dắt bởi công nghệ, dữ liệu 1: báo cáo số 01/bc-ctk ngày 05.01.2026 về tình hình kinh tế - xã hội quý iv và năm 2025. và trí tuệ nhân tạo.” một trong các mục tiêu chủ yế",BCTN 2025 (cache),4,,2026-10-05
ACB,D3,,,"15 14 báo cáo thường niên 2025 về chúng tôi 1.3. tầm nhìn – sứ mệnh – giá trị cốt lõi tầm nhìn và sứ mệnh giá trị cốt lõi 5 giá trị cốt lõi trở thành tập đoàn tài chính hiệu quả, mang giải pháp cá nhân hóa đến từng khách hàng thông qua trải nghiệm liền mạch trên nền tảng tích hợp, dẫn dắt bởi công nghệ, dữ liệu và trí tuệ nhân tạo. chính trực – cẩn trọng – cách tân – hiệu quả – hài hòa chính trực chúng tôi đề cao sự trung thực, xử lý vấn đề một cách thẳng thắn ",BCTN 2025 (cache),9,,2026-10-05
ACB,D3,,,"tỷ suất roe >20%; tỷ lệ casa >30%; tỷ lệ thu thuần phí >20%. định hướng chiến lược nâng cao năng lực số hóa và đẩy mạnh các hoạt động ngân hàng dựa trên trí tuệ nhân tạo (ai-driven banking): tập trung vào dữ liệu, trí tuệ nhân tạo và nền tảng số nâng cao việc cá nhân hóa trải nghiệm cho người dùng. tái định hình mô hình vận hành và tối ưu hiệu suất: xây dựng mô hình tổ chức linh hoạt, tận dụng công nghệ để tối ưu chi phí. tăng trưởng bền vững và đa dạng hóa doanh thu: duy trì vị thế mảng bán lẻ, phát triển mảng khách hàng doa",BCTN 2025 (cache),14,,2026-10-05
ACB,D3,,,"y vai trò tăng cường rào chắn rủi ro acb đã ứng dụng các công nghệ thị giác máy tính (computer vision), xử lý ngôn ngữ tự nhiên (nlp), nhận diện ký tự quang học (ocr) và giải pháp phòng chống rủi ro gian lận chứng từ (fdd) để tự động hóa đọc – hiểu hàng triệu dữ liệu mỗi ngày từ đó hỗ trợ mạnh mẽ hoạt động quản lý rủi ro, tạo lớp phòng vệ vững chắc cho nghiệp vụ tín dụng và vận hành. các công nghệ này đã giúp xử lý 25.000+ chứng từ với độ chính xác >95% và quét 4 triệu hồ sơ/năm nhằm phát hiện chỉnh sửa, giả mạo. • acb ask nâng cao hiệu quả quản trị và năng suất nhân sự acb ask là trợ lý ảo thông minh ứng dụng llm & generative ai, đóng vai trò là trợ lý tri thức nội bộ hỗ trợ nhân viên tra cứu quy định, quy trình, thông tin sản phẩm và tự động hóa báo cáo từ đó tăng tốc độ ra quyết định, nâng cao tính nhất quán trong vận hành. giải pháp này đã giúp giảm 60–70% thời gian tra cứu tài liệu và tiết kiệm 8.500 giờ làm việc/năm cho nhân sự hội sở thông qua việc tự động hóa tới 95% thời gian thực hiện báo cáo. trên nền tảng những kết quả đã đạt đượ",BCTN 2025 (cache),27,,2026-10-05
ACB,D3,,," giá trị giao dịch & tệp khách hàng chất lượng đối với nhóm khách hàng ưu tiên thông qua mở rộng các giải pháp đầu tư và nâng cấp bộ ưu đãi. • tiếp tục đẩy mạnh số hóa và tự động hóa: mở rộng phê duyệt tự động, áp dụng voicebot, smart underwriting. • đẩy mạnh cá nhân hóa: cá nhân hóa giải pháp dành cho người giàu – hộ kinh doanh – người trẻ, cá nhân hóa ưu đãi lãi suất theo dòng tiền và hành vi giao dịch. • mở rộng hợp tác với cơ quan thuế và các đối tác dịch vụ của hkd. 2.1.3.c hoạt động của khối khdn năm 2025, khối khdn tiế",BCTN 2025 (cache),28,,2026-10-05
ACB,D3,,," dịch & tệp khách hàng chất lượng đối với nhóm khách hàng ưu tiên thông qua mở rộng các giải pháp đầu tư và nâng cấp bộ ưu đãi. • tiếp tục đẩy mạnh số hóa và tự động hóa: mở rộng phê duyệt tự động, áp dụng voicebot, smart underwriting. • đẩy mạnh cá nhân hóa: cá nhân hóa giải pháp dành cho người giàu – hộ kinh doanh – người trẻ, cá nhân hóa ưu đãi lãi suất theo dòng tiền và hành vi giao dịch. • mở rộng hợp tác với cơ quan thuế và các đối tác dịch vụ của hkd. 2.1.3.c hoạt động của khối khdn năm 2025, khối khdn tiếp tục duy trì",BCTN 2025 (cache),28,,2026-10-05
ACB,D3,,," qua mở rộng các giải pháp đầu tư và nâng cấp bộ ưu đãi. • tiếp tục đẩy mạnh số hóa và tự động hóa: mở rộng phê duyệt tự động, áp dụng voicebot, smart underwriting. • đẩy mạnh cá nhân hóa: cá nhân hóa giải pháp dành cho người giàu – hộ kinh doanh – người trẻ, cá nhân hóa ưu đãi lãi suất theo dòng tiền và hành vi giao dịch. • mở rộng hợp tác với cơ quan thuế và các đối tác dịch vụ của hkd. 2.1.3.c hoạt động của khối khdn năm 2025, khối khdn tiếp tục duy trì đà tăng trưởng ổn định và khẳng định vai trò quan trọng trong chiến lư",BCTN 2025 (cache),28,,2026-10-05
ACB,D3,,,"thành mục tiêu lợi nhuận năm 2026: 1.800 tỷ đồng. • đa dạng hóa nguồn huy động trong và ngoài nước, nâng cao tính chủ động và linh hoạt về vốn. • phát triển hệ sinh thái giao dịch số với chính sách phí và lãi suất margin linh hoạt, hệ thống giao dịch ổn định, cá nhân hóa trải nghiệm và ứng dụng ai smarty hỗ trợ tư vấn, phân tích đầu tư 24/7. • đẩy mạnh chuyển dịch sang mô hình tư vấn đầu tư và quản lý gia sản, phát triển mạnh mảng khách hàng ưu tiên với chính sách margin ổn định, lãi suất cạnh tranh cho khách hàng có nav trên",BCTN 2025 (cache),37,,2026-10-05
OCB,C1,,,13 ocb - niềm tin và thịnh vượng thông tin chung ngành nghề kinh doanh • dịch vụ huy động vốn • dịch vụ cho vay • dịch vụ thanh toán quốc tế • dịch vụ tài trợ xuất nhập khẩu • dịch vụ tài khoản • dịch vụ thẻ • dịch vụ ngân hàng số ocb omni • dịch vụ chuyển tiền nhanh trong và ngoài nước • dịch vụ chi trả kiều hối • dịch vụ mua bán ngoại tệ • các dịch vụ ngân hàng khác trong khuôn khổ được phép hoạt động của ocb ngân hàng thương mại cổ phần phương đông tên tiếng anh tên viết tắt giấy ch,BCTN 2025 (cache),13,,2026-10-05
OCB,C1,,,• thiết lập quan hệ hợp tác chiến lược với bnp paribas 10/6/1996 • thành lập ngân hàng tmcp phương đông • triển khai ngân hàng lõi t24 2023 • ngân hàng đầu tiên hoàn thành triển khai và áp dụng nền tảng quản lý vốn theo basel ii nâng cao và basel iii • ra mắt ngân hàng số thế hệ mới liobank 2025 • gia nhập liên minh ngân hàng thương mại xanh thế giới • top 500 doanh nghiệp lớn nhất đông nam á do tạp chí fortune công bố • top 39 doanh nghiệp tư nhân và top 13 ngân hàng tư nhân nộp ngân sách lớn nhất việt nam được thành lập từ n,BCTN 2025 (cache),14,,2026-10-05
OCB,C1,,,"i tốc độ tăng trưởng, an toàn, hiệu quả, tiên phong trong hoạt động chuyển đổi số và phát triển bền vững. quá trình hình thành và phát triển 2024 • ký kết hợp tác chiến lược với ifc, hướng đến mục tiêu ngân hàng xanh tiên phong tại việt nam • ra mắt phiên bản ngân hàng số ocb omni thế hệ mới • công bố báo cáo phát triển bền vững độc lập",BCTN 2025 (cache),14,,2026-10-05
OCB,C1,,, basel ii dưới sự tư vấn của ngân hàng dbs singapore 2020 • chào đón nhà đầu tư chiến lược - ngân hàng aozora (nhật bản) • đạt chứng nhận thương hiệu quốc gia • top 4 trong 10 ngân hàng tmcp kinh doanh hiệu quả nhất trên thị trường 2018 • tháng 3/2018: ra mắt ngân hàng số ocb omni • ocb chính thức được công nhận hoàn thành basel ii 2019 • moody's tăng bậc xếp hạng đánh giá rủi ro đối tác (cra) và xếp hạng rủi ro đối tác (crr) lên mức ba3 2014 • xây dựng mô hình quản trị rủi ro mới chuẩn quốc tế dưới sự tư vấn của kpmg 2021 • o,BCTN 2025 (cache),15,,2026-10-05
OCB,C1,,,"hống đốc ngân hàng nhà nước, khép lại hành trình ấn tượng của ngân hàng tại triển lãm quy mô lớn nhất từ trước đến nay nhân dịp kỷ niệm 80 năm quốc khánh 2/9. ocb nổi bật tại triển lãm thành tựu đất nước với loạt sản phẩm tài chính ưu việt: ứng dụng ocb omni, ngân hàng số liobank, đặc biệt là nền tảng ocb smart merchant, ocb đã khẳng định vị thế ngân hàng ""dẫn đầu"" trong hoạt động chuyển đổi số tại sự kiện. giải pháp tài chính số ocb nổi bật tại sự kiện chuyển đổi số ngành ngân hàng ngân hàng số tăng trưởng nhanh nhất việt nam",BCTN 2025 (cache),16,,2026-10-05
OCB,C1,,,"ính ưu việt: ứng dụng ocb omni, ngân hàng số liobank, đặc biệt là nền tảng ocb smart merchant, ocb đã khẳng định vị thế ngân hàng ""dẫn đầu"" trong hoạt động chuyển đổi số tại sự kiện. giải pháp tài chính số ocb nổi bật tại sự kiện chuyển đổi số ngành ngân hàng ngân hàng số tăng trưởng nhanh nhất việt nam 2025 top 500 doanh nghiệp lớn nhất đông nam á ngân hàng bền vững xuất sắc 2025 ngân hàng tư nhân xanh và bền vững tại việt nam top 50 công ty kinh doanh hiệu quả nhất việt nam 2025",BCTN 2025 (cache),16,,2026-10-05
OCB,C1,,,ác cơ quan trực thuộc hđqt (*) các cơ quan trực thuộc tgđ (**) hội đồng quản trị tổng giám đốc đại hội đồng cổ đông khối bán lẻ khối khách hàng doanh nghiệp lớn và dịch vụ ngân hàng đầu tư khối thị trường tài chính trung tâm quản lý tài sản nợ và có trung tâm ngân hàng số liobank trung tâm ngân hàng giao dịch khối quản lý rủi ro khối vận hành khối công nghệ và chuyển đổi số trung tâm quản lý tài chính trung tâm nhân sự và đào tạo trung tâm pháp chế và tuân thủ trung tâm quản trị và phân tích dữ liệu phòng thương hiệu và truyền,BCTN 2025 (cache),21,,2026-10-05
OCB,C1,,,ng doanh nghiệp và phòng quản lý chuyển đổi giám đốc điều hành giám đốc khối bán lẻ giám đốc khối công nghệ và chuyển đổi số giám đốc khối vận hành quyền giám đốc khối quản lý rủi ro quyền giám đốc trung tâm quản lý tài chính kế toán trưởng giám đốc trung tâm ngân hàng số liobank giám đốc nhân sự và đào tạo giám đốc trung tâm quản trị và phân tích dữ liệu giảm tăng ông lê đăng khoa miễn nhiệm chức vụ giám đốc khối khách hàng doanh nghiệp từ ngày 08/4/2026 30 báo cáo thường niên 2025 * theo định nghĩa về ban điều hành trong quy,BCTN 2025 (cache),30,,2026-10-05
OCB,S1,,,"14 báo cáo thường niên 2025 2013 • triển khai đề án tự tái cơ cấu giai đoạn 2012 – 2015 • công bố hệ thống nhận diện thương hiệu mới 2008 2007 • thiết lập quan hệ hợp tác chiến lược với bnp paribas 10/6/1996 • thành lập ngân hàng tmcp phương đông • triển khai ngân hàng lõi t24 2023 • ngân hàng đầu tiên hoàn thành triển khai và áp dụng nền tảng quản lý vốn theo basel ii nâng cao và basel iii • ra mắt ngân hàng số thế hệ mới liobank 2025 • gia nhập liên minh ngân hàng thương mại xanh thế giới • top 500 doanh nghiệp lớn nhất đông nam á do tạp chí fortune công bố • top 39 doanh nghiệp tư nhân và top 13 ngân hàng tư nhân nộp ngân sách lớn nhất việt nam được thành lập từ năm 1996, trải qua 30 năm xây dựng và phát triển, ocb đã ghi tên mình trong nhóm các ngân hàng tư nhân hàng đầu tại việt nam với tốc độ tăng trưởng, an toàn, hiệu quả, tiên phong trong hoạt động chuyển đổi số và phát triển bền vững. quá trình hình thành và phát triển 2024 • ký kết hợp tác chiến lược với ifc, hướng đến mục tiêu ngân hàng xanh tiên phong tại việt nam • ra mắt phiên bản ngân hàng số ocb omni thế hệ mới • công bố báo cáo phát triển bền vững độc lập",BCTN 2025 (cache),14,,2026-10-05
OCB,S1,,,15 ocb - niềm tin và thịnh vượng 2015 • khởi động dự án basel ii dưới sự tư vấn của ngân hàng dbs singapore 2020 • chào đón nhà đầu tư chiến lược - ngân hàng aozora (nhật bản) • đạt chứng nhận thương hiệu quốc gia • top 4 trong 10 ngân hàng tmcp kinh doanh hiệu quả nhất trên thị trường 2018 • tháng 3/2018: ra mắt ngân hàng số ocb omni • ocb chính thức được công nhận hoàn thành basel ii 2019 • moody's tăng bậc xếp hạng đánh giá rủi ro đối tác (cra) và xếp hạng rủi ro đối tác (crr) lên mức ba3 2014 • xây dựng mô hình quản trị rủi ro mới chuẩn quốc tế dưới sự tư vấn của kpmg 2021 • o,BCTN 2025 (cache),15,,2026-10-05
OCB,S1,,,"lớn 4 tháng 01/2025, ký kết cùng tập đoàn fpt khởi động “dự án hiện đại hoá nền tảng phân tích dữ liệu với oracle exac@c database 23ai” tại tp.hcm, đánh dấu bước tiến quan trọng trong hành trình chuyển đổi số toàn diện. tháng 5/2025, ký kết thỏa thuận hợp tác chiến lược toàn diện giữa ocb và ocbs, đánh dấu cột mốc quan trọng của hai bên trong hành trình gia tăng lợi ích và trải nghiệm cho khách hàng. tháng 6/2025, ký kết thỏa thuận hợp tác với best express việt nam, góp phần vào chiến lược xây dựng hệ sinh thái tài chính - logistics thông minh. tháng 7/2025, phối hợp cùng quỹ đầu tư genesia ventures tổ chức hội nghị banking innovation for startups dành riêng cho các doanh nghiệp startup. tháng 8/2025, hợp tác với trung tâm nghiên cứu, ứng dụng dữ liệu dân cư và căn cước công dân (trung tâm rar) thuộc bộ công an, triển khai dịch vụ xác thực điện tử qua vneid trên ứng dụng ocb omni. tháng 11/2025, hợp tác chiến lược toàn diện với hagl và ocbs nhằm kết nối chuỗi giá trị tài chính và nông nghiệp, thúc đẩy tài chính xanh và phát triển bền vững cho cộng đồng. tháng 10/2025, ký kết hợp tác chiến lược toàn diện với tập đoàn công nghệ cmc – tập đoàn công nghệ hàng đầu với hệ sinh thái mở c-openai và năng lực ai, hạ tầng số vượt trội.",BCTN 2025 (cache),19,,2026-10-05
OCB,S1,,,"bầu, bãi nhiệm, miễn nhiệm, bầu bổ sung, thay thế thành viên hội đồng quản trị và ban kiểm soát (điểm d khoản 2 điều 27 điều lệ ocb). hội đồng quản trị gồm các cơ quan trực thuộc như sau: ủy ban quản lý rủi ro, ủy ban xử lý rủi ro, ủy ban nhân sự, ban hợp tác chiến lược, ban chiến lược và ban phát triển bền vững. hệ thống ocb gồm: hội sở chính, các chi nhánh, các phòng giao dịch, văn phòng đại diện, đơn vị sự nghiệp, công ty trực thuộc. các đơn vị hội sở gồm 07 khối và 09 trung tâm, phòng, ban, cơ quan trực thuộc tổng giám đốc. xin xem phần “thông tin chung” trong chương 8: báo cáo tài chính và thuyết minh. ngành nghề và địa bàn kinh doanh ngành nghề kinh doanh tính đến cuối năm 2025, ocb có 176 cn, pgd và ttkd tại các tỉnh thành kinh tế trên cả nước. địa bàn kinh doanh mô hình quản trị sơ đồ tổ chức 21 ocb - niềm tin và thịnh vượng ban kiểm soát kiểm toán nội bộ văn phòng hđqt các cơ quan trực thuộc hđqt (*) các cơ quan trực thuộc tgđ (**) hội đồng quản trị tổng giám đốc đại hội đồng cổ đông khối bán lẻ khối khách hàng doanh nghiệp lớn và dịch vụ ngân hàng đầu tư khối thị trường tài chính trung tâm quản lý tài sản nợ và có trung tâm ngân hàng số liobank trung tâm ngân hàng giao dịch khối quản lý rủi ro khối vận hành khối công nghệ và chuyển đổi số trung tâm quản lý tài chính trung tâm nhân sự và đào tạo trung tâm pháp chế và tuân thủ trung tâm quản trị và phân tích dữ liệu phòng thương hiệu và truyền thông khối khách hàng doanh nghiệp 1 2 3 4 5 6 7 8 9 10 11 12 13 14 15 phòng phát triển bền vững 16 các",BCTN 2025 (cache),21,,2026-10-05
OCB,S1,,,"ành gồm tổng giám đốc, 02 phó tổng giám đốc, 01 kế toán trưởng, 01 giám đốc điều hành, 01 quyền giám đốc trung tâm quản lý tài chính, 01 quyền giám đốc khối quản lý rủi ro, 06 giám đốc khối, trung tâm trực thuộc tổng giám đốc đảm nhiệm công việc thực hiện các chiến lược kinh doanh mà hđqt đặt ra, quản lý và giải quyết các công việc hàng ngày của ngân hàng. 1 2 3 4 5 6 7 8 9 10 11 12 13 ông phạm hồng hải ông nguyễn bá ngọc bà đỗ tú anh ông nguyễn quốc hương ông lương nguyễn minh đăng bà lê thị bích thảo bà huỳnh ngọc tuyền ông nguyễn quang huy ông quách thành long bà nguyễn vân anh bà lê thị nga bà nguyễn thị thu hương ông nguyễn quang hoàng tổng giám đốc phó tổng giám đốc phụ trách khối khách hàng doanh nghiệp lớn và dịch vụ ngân hàng đầu tư (khối cib) phó tổng giám đốc phụ trách khối khách hàng doanh nghiệp và phòng quản lý chuyển đổi giám đốc điều hành giám đốc khối bán lẻ giám đốc khối công nghệ và chuyển đổi số giám đốc khối vận hành quyền giám đốc khối quản lý rủi ro quyền giám đốc trung tâm quản lý tài chính kế toán trưởng giám đốc trung tâm ngân hàng số liobank giám đốc nhân sự và đào tạo giám đốc trung tâm quản trị và phân tích dữ liệu giảm tăng ông lê đăng khoa miễn nhiệm chức vụ giám đốc khối khách hàng doanh nghiệp từ ngày 08/4/2026 30 báo cáo thường niên 2025 * theo định nghĩa về ban điều hành trong quy chế cơ cấu tổ chức ngân hàng tmcp phương đông năm 2025 ông nguyễn đức hiếu miễn nhiệm chức vụ giám đốc khối thị trường tài chính từ ngày 01/02/2026 ông william james life andrew miễn nhiệm chức vụ giám đốc khối quản lý rủi ro từ ngày 15/01/2026 ông lương tuấn thành miễn nhiệm chức vụ giám đốc khối công nghệ và chuyển đổi số từ ngày 09/10/2025 bà phạm thị nguyệt nga miễn nhiệm chức vụ giám đốc trung tâm quản trị và phân tích dữ liệu (*) từ ngày 23/09/2025 ông ngô phước nhật khánh miễn nhiệm chức vụ giám đốc trung tâm ngân hàng số liobank (*) từ ngày 16/8/2025 ông nguyễn huy đức miễn nhiệm chức vụ giám đốc tài chính từ ngày 15/7/2025 bà huỳnh lê mai miễn nhiệm chức vụ phó tổng giám đốc từ ngày 01/7/2025 ông đinh thanh tùng miễn nhiệm chức vụ giám đốc trung tâm quản lý tài sản nợ và có (*) từ ngày 01/4/2025 ông trương đình long miễn nhiệm chức vụ phó tổng giám đốc từ ngày 09/01/2025 ông nguyễn quang huy bổ nhiệm chức vụ quyền giám đốc khối quản lý rủi ro từ ngày 30/3/2026 bà đỗ tú anh bổ nhiệm chức vụ phó tổng giám đốc từ ngày 03/4/2026 bà huỳnh ngọc tuyền bổ nhiệm giám đốc khối vận hành từ ngày 05/03/2026 ông quách thành long bổ nhiệm quyền giám đốc trung tâm quản lý tài chính (*) từ ngày 24/02/2026 ông nguyễn quốc hương bổ nhiệm chức vụ giám đốc điều hành từ ngày 01/02/2026 ông nguyễn quang hoàng bổ nhiệm chức vụ giám đốc trung tâm quản trị và phân tích dữ liệu từ ngày 10/11/2025 bà lê thị bích thảo bổ nhiệm chức vụ giám đốc khối công nghệ và chuyển đổi số từ ngày 03/11/2025 ông lương nguyễn minh đăng bổ nhiệm chức vụ giám đốc khối bán lẻ từ ngày 01/7/2025 bà lê thị nga bổ nhiệm giám đốc trung tâm ngân hàng số liobank (*) từ ngày 08/9/2025",BCTN 2025 (cache),30,,2026-10-05
OCB,S1,,,"khẩu vị rủi ro năm 2025 được xây dựng với các mục tiêu kiểm soát rủi ro chặt chẽ và linh hoạt hợp lý để đảm bảo an toàn tài chính cho ocb nhưng vẫn phù hợp với chiến lược kinh doanh. các chỉ tiêu kiểm soát rủi ro trọng yếu được duy trì và thường xuyên rà soát, đánh giá, điều chỉnh kịp thời, vừa tạo điều kiện để ocb có thể phát triển quy mô, vừa đảm bảo kiểm soát rủi ro chặt chẽ. hệ thống văn bản khung quy định nghiệp vụ được rà soát cập nhật định kỳ, đánh giá và trình phê duyệt tại các cuộc họp của ủy ban quản lý rủi ro, ban điều hành, hội đồng rủi ro. duy trì thiết lập và giám sát các công cụ đo lường rủi ro hoạt động bao gồm: nhận diện sớm rủi ro thông qua việc đánh giá rủi ro các sản phẩm, quy trình, quy định, phát triển ứng dụng công nghệ, dự án; giám sát chặt chẽ các chỉ số rủi ro trọng yếu (kris); thực hiện tự nhận diện rủi ro và chốt kiểm soát (risk control self assessment – rcsa); đánh giá rủi ro đối với các hoạt động thuê ngoài. cập nhật định kỳ và triển khai quy định xây dựng kế hoạch kinh doanh liên tục và ứng phó với các thảm hoạ phù hợp theo tình hình hoạt động; triển khai hệ thống dự phòng thảm họa (drp) và tổ chức diễn tập theo các kịch bản hằng năm nhằm sẵn sàng ứng phó khi xảy ra các sự cố hay thảm họa. triển khai thực hiện chính sách quản lý rủi ro các công cụ đang triển khai chính: • thu thập và phân tích số liệu tổn thất (loss data collection - ldc). • tự đánh giá kiểm soát rủi ro hoạt động (risk control self assessment - rcsa). • chỉ số rủi ro trọng yếu (key risk indicators - kri). • nhận diện sớm rủi ro thông qua việc đánh giá mức độ rủi ro hoạt động các sản phẩm, quy trình, quy định, phát triển ứng dụng công nghệ trước khi vận hành. • thu thập và phân tích các phát hiện của kiểm toán nội b",BCTN 2025 (cache),52,,2026-10-05
OCB,S1,,,"tính đến 31/12/2025, ocb có 01 hội sở, 62 chi nhánh, 113 phòng giao dịch tại 29/34 tỉnh thành của cả nước (theo địa giới hành chính mới). năm 2025, hoạt động truyền thông, marketing của ocb tập trung mạnh mẽ vào thông điệp “kỷ nguyên vươn mình”, nhấn mạnh chiến lược chuyển đổi số toàn diện, phát triển bền vững (esg) và nâng cao trải nghiệm khách hàng để hướng tới mục tiêu top 5 ngân hàng tmcp về hiệu quả và esg vào năm 2030, thể hiện hình ảnh thương hiệu năng động và tin cậy. bên cạnh việc tập trung vào các hoạt động kinh doanh, ocb c",BCTN 2025 (cache),55,,2026-10-05
OCB,S1,,,"tin; quy chế quản lý rủi ro thị trường... nhằm giúp việc cho hđqt trong công tác quản trị, hđqt đã thành lập các cơ quan trực thuộc để triển khai các công việc. hđqt có các ủy ban trực thuộc gồm: ủy ban nhân sự, ủy ban quản lý rủi ro, ủy ban xlrr, ban hợp tác chiến lược, ban chiến lược, ban phát triển bền vững. chi tiết hoạt động của các ủy ban như sau: trong năm 2025, ubqlrr đã tổ chức 04 cuộc họp định kỳ và 04 lần lấy ý kiến qua email nhằm trao đổi và thống nhất về các nội dung: • giám sát khẩu vị rủi ro và hạn mức rủi ro, trạng thái rủi ro toàn hàng, nội dung công bố thông tin an toàn vốn, đánh giá nội bộ về mức đủ vốn định kỳ hàng năm. • đánh giá và chỉ đạo triển khai các chương trình hành động, biện pháp kiểm soát rủi ro và ứng phó thay đổi hoặc tác động hoạt động kinh doanh do diễn biến thông tin thị trường bất lợi. • thông qua các đề xuất ban hành các văn bản phù hợp và tuân thủ quy định pháp luật và thực tiễn kinh doanh. • tổ chức lấy ý kiến phê duyệt các nội dung đề xuất kịp thời nhằm phù hợp với hiệu lực của các quy định pháp luật được cập nhật bổ sung hoặc ban hành mới. ủy ban quản lý rủi ro (ubqlrr) đánh giá chung về công tác quản trị doanh nghiệp công tác quản trị 1 hoạt động của các ủy ban 2 về hoạt động của ocb trong năm 2025, đã có 48 cuộc họp ubxlrr được tổ chức và 56 hồ sơ lấy ý kiến ubxlrr qua email; tổng cộng ubxlrr đã xem xét và xử lý 1.208 hồ sơ xử lý rủi ro tín dụng và 3 hồ sơ xử lý rủi ro hoạt động. ubxlrr chịu trách nhiệm; • quản lý chính sách dự phòng. • quyết định hoặc phê duyệt các biện pháp thu hồi nợ đối với nợ đã sử dụng dự phòng để xử lý rủi ro trong toàn hệ thống, bao gồm cả việc xử lý tài sản bảo đảm. • quyết định các biện pháp xử lý các khoản nợ quá hạn hoặc trong hạn tiềm ẩn rủi ro. • quyết định và phê duyệt các biện pháp xử lý đối với các sự kiện rủi ro hoạt động có phát sinh tổn thất tài chính sau khi thực hiện các giải pháp nhưng không có khả năng thu hồi một phần/toàn phần theo khẩu vị rủi ro từng thời kỳ. ủy ban xử lý rủi ro (ubxlrr) giữ vai trò đầu mối định hướng và thúc đẩy triển khai các hành động trọng tâm theo định hướng chiến lược của ngân hàng, đồng thời gia tăng mức độ áp dụng mô hình agile trong toàn ngân hàng nhằm nâng cao tốc độ thực thi và hiệu quả phối hợp liên đơn vị, bảo đảm thống nhất giữa mục tiêu chiến lược và kế hoạch hành động tại từng đơn vị. đồng thời, ban chiến lược là đầu mối tổng hợp, chuẩn hóa và hoàn thiện các báo cáo mang tính chiến lược gửi ngân hàng nhà nước và các cơ quan quản lý cấp ngành theo yêu cầu, bảo đảm phản ánh đầy đủ tình hình thực thi chiến lược tại ocb và việc đáp ứng các yêu cầu quản lý cấp ngành. ban chiến lược ban ptbv thực hiện vai trò tham mưu cho hđqt về định hướng, chiến lược và các vấn đề liên quan đến phát triển bền vững. trong năm 2025, ban ptbv đã tổ chức 3 cuộc họp định kỳ nhằm xem xét, cho ý kiến về việc triển khai chiến lược phát triển bền vững; các nội dung liên quan đến tài chính bền vững, tài chính xanh; công tác quản lý rủi ro môi trường và xã hội trong hoạt động cấp tín dụng; kết quả giám sát các chỉ số môi trường, xã hội trong hoạt động nội bộ; đồng thời theo dõi, đánh giá hiệu quả các chương trình hợp tác, tư vấn và các dự án liên quan đến phát triển bền vững ban phát triển bền vững 59 ocb - niềm tin và thịnh vượng",BCTN 2025 (cache),59,,2026-10-05
OCB,S2,,,"07 ocb - niềm tin và thịnh vượng kính gửi quý cổ đông, quý nhà đầu tư, quý khách hàng, quý đối tác và toàn thể cán bộ nhân viên ocb, lời đầu tiên, tôi xin thay mặt ngân hàng tmcp phương đông – ocb gửi đến quý cổ đông, quý nhà đầu tư, quý đối tác, quý khách hàng và toàn thể các cbnv lời cảm ơn sâu sắc vì đã luôn đồng hành, ủng hộ với các chiến lược phát triển, mục tiêu kinh doanh của ocb trong thời gian qua. năm 2025, chúng ta có thể thấy rõ, với sự điều hành quyết liệt, linh hoạt và nhất quán từ đảng và chính phủ, cùng với sự phối hợp đồng bộ chính sách tiền tệ, tài khóa và các chính sách vĩ mô khác, việt nam đã đạt được nhiều thành tựu ấn tượng. riêng ngành ngân hàng - ""huyết mạch"" của nền kinh tế, tín dụng tăng trưởng mạnh mẽ ngay từ đầu năm, tăng mạnh trong nửa cuối tháng 6 và tiếp tục giữ nhịp tăng mạnh từ tháng 9 cho đến cuối năm, lãi suất duy trì mức thấp. không dừng lại ở đó nhiều chính sách, quy định, luật mới cũng được bổ sung, vừa bảo đảm hệ thống hoạt động an toàn vừa bám sát yêu cầu thực tiễn, đáp ứng kịp với xu thế và chuẩn mực, thông lệ quốc tế, gia tăng năng lực cạnh tranh của các ngân hàng trong nước. bên cạnh những dấu ấn đầy ấn tượng trên thì các yếu tố bất định như xung đột địa chính trị và cạnh tranh chiến lược về thương mại – công nghệ, bảo hộ thương mại gia tăng, rủi ro nợ công - nợ tư còn cao; rủi ro an ninh mạng, an ninh lương thực, an ninh năng lượng, chuỗi cung ứng và biến đổi khí hậu, thiên tai bất thường vẫn luôn hiện hữu… do vậy, đây vẫn được xem là những thách thức chúng ta cần phả",BCTN 2025 (cache),7,,2026-10-05
OCB,S2,,,"ọng của hai bên trong hành trình gia tăng lợi ích và trải nghiệm cho khách hàng. tháng 6/2025, ký kết thỏa thuận hợp tác với best express việt nam, góp phần vào chiến lược xây dựng hệ sinh thái tài chính - logistics thông minh. tháng 7/2025, phối hợp cùng quỹ đầu tư genesia ventures tổ chức hội nghị banking innovation for startups dành riêng cho các doanh nghiệp startup. tháng 8/2025, hợp tác với trung tâm nghiên cứu, ứng dụng dữ liệu dân cư và căn cước công dân (trung tâm rar) thuộc bộ công an, triển khai dịch vụ xác thực điện tử qua vneid trên ứng dụng ocb omni. tháng 11/2025, hợp tác chiến lược toàn diện với hagl và ocbs nhằm kết nối chuỗi giá trị tài chính và nông nghiệp, thúc đẩy tài chính xanh và phát triển bền vững cho cộng đồng. tháng 10/2025, ký kết hợp tác chiến lược toàn diện với tập đoàn công nghệ cmc – tập đoàn công nghệ hàng đầu với hệ sinh thái mở c-openai và năng lực ai, hạ tầng số vượt trội.",BCTN 2025 (cache),19,,2026-10-05
OCB,S2,,, ocb - niềm tin và thịnh vượng ban kiểm soát kiểm toán nội bộ văn phòng hđqt các cơ quan trực thuộc hđqt (*) các cơ quan trực thuộc tgđ (**) hội đồng quản trị tổng giám đốc đại hội đồng cổ đông khối bán lẻ khối khách hàng doanh nghiệp lớn và dịch vụ ngân hàng đầu tư khối thị trường tài chính trung tâm quản lý tài sản nợ và có trung tâm ngân hàng số liobank trung tâm ngân hàng giao dịch khối quản lý rủi ro khối vận hành khối công nghệ và chuyển đổi số trung tâm quản lý tài chính trung tâm nhân sự và đào tạo trung tâm pháp chế và tuân thủ trung tâm quản trị và phân tích dữ liệu phòng thương hiệu và truyền thông khối khách hàng doanh nghiệp 1 2 3 4 5 6 7 8 9 10 11 12 13 14 15 phòng phát triể,BCTN 2025 (cache),21,,2026-10-05
OCB,S2,,,ng bà lê thị bích thảo bà huỳnh ngọc tuyền ông nguyễn quang huy ông quách thành long bà nguyễn vân anh bà lê thị nga bà nguyễn thị thu hương ông nguyễn quang hoàng tổng giám đốc phó tổng giám đốc phụ trách khối khách hàng doanh nghiệp lớn và dịch vụ ngân hàng đầu tư (khối cib) phó tổng giám đốc phụ trách khối khách hàng doanh nghiệp và phòng quản lý chuyển đổi giám đốc điều hành giám đốc khối bán lẻ giám đốc khối công nghệ và chuyển đổi số giám đốc khối vận hành quyền giám đốc khối quản lý rủi ro quyền giám đốc trung tâm quản lý tài chính kế toán trưởng giám đốc trung tâm ngân hàng số liobank giám đốc nhân sự và đào tạo giám đốc trung tâm quản trị và phân tích dữ liệu giảm tăng ông lê đăng khoa miễn nhiệm chức vụ giám đốc khối khách hàng doanh nghiệp từ ngày 08/4/2026 30 báo cáo thường niên 2025 * theo định nghĩa về ban điều hành trong quy chế cơ cấu tổ chức ngân hàng tmcp phương đông năm 2025 ông nguyễn đức hiếu miễn nhiệm chức vụ giám đốc khối thị trường tài chính từ ngày 01/02/2026 ông william james life andrew miễn nhiệm chức vụ giám đốc khối quản lý rủi ro từ ngày 15/01/2026 ông lương tuấn thành miễn nhiệm chức vụ giám đốc khối công nghệ và chuyển đổi số từ ngày 09/10/2025 bà phạm thị nguyệt nga miễn nhiệm chức vụ giám đốc trung tâm quản trị và phân tích dữ liệu (*) từ ngày 23/09/2025 ông ngô phước nhật khánh miễn nhiệm chức vụ giám đốc trung tâm ngân hàng số liobank (*) từ ngày 16/8/2025 ông nguyễn huy đức miễn nhiệm chức vụ giám đốc tài chính từ ngày 15/7/2025 bà huỳnh lê mai miễn nhiệm chức vụ phó tổng giám đốc từ ngày 01/7/2025 ông đinh thanh tùng miễn nhiệm chức vụ giám đốc trung tâm quản lý tài sản nợ và có (*) từ ngày 01/4/2025 ông trương đình long miễn nhiệm chức vụ phó tổng giám đốc từ ngày 09/01/2025 ông nguyễn quang huy bổ nhiệm chức vụ quyền giám đốc khối quản lý rủi ro từ ngày 30/3/2026 bà đỗ tú anh bổ nhiệm chức vụ phó tổng giám đốc từ ngày 03/4/2026 bà huỳnh ngọc tuyền bổ nhiệm giám đốc khối vận hành từ ngày 05/03/2026 ông quách thành long bổ nhiệm quyền giám đốc trung tâm quản lý tài chính (*) từ ngày 24/02/2026 ông nguyễn quốc hương bổ nhiệm chức vụ giám đốc điều hành từ ngày 01/02/2026 ông nguyễn quang hoàng bổ nhiệm chức vụ giám đốc trung tâm quản trị và phân tích dữ liệu từ ngày 10/11/2025 bà lê thị bích thảo bổ nhiệm chức vụ giám đốc khối công nghệ và chuyển đổi số từ ngày 03/11/2025 ông lương nguyễn minh đăng bổ nhiệm chức vụ giám đốc khối bán lẻ từ ngày 01/7/2025 bà lê thị nga bổ nhiệm giám đốc trung tâm ngân hàng số liobank (*) từ ngày 08/9/2025,BCTN 2025 (cache),30,,2026-10-05
OCB,S2,,,"uy trình nội bộ trọng yếu như thanh toán, kiểm soát kế toán chi phí, quy trình tín dụng cá nhân và giải ngân hạn mức cho khách hàng doanh nghiệp, qua đó rút ngắn thời gian xử lý, tăng tính minh bạch và nâng cao hiệu quả vận hành. đồng thời, ngân hàng tiếp tục đầu tư trọng điểm vào hạ tầng công nghệ, tiêu biểu là triển khai mạng sd-wan và khởi động dự án basel iii, tạo nền tảng nâng cao năng lực quản trị rủi ro và đáp ứng các chuẩn mực quốc tế. bên cạnh đó, hệ sinh thái số tiếp tục được mở rộng thông qua nền tảng open api với hơn 300 đối tác, hơn 200 api và khối lượng xử lý gần 10 triệu giao dịch/tháng, góp phần hỗ trợ khách hàng, đặc biệt là khách hàng doanh nghiệp, tối ưu hóa quản trị dòng tiền, thanh toán và tích hợp dịch vụ ngân hàng vào hệ sinh thái kinh doanh. số hóa quy trình, nâng cao hiệu quả vận hành và đầu tư nền tảng công nghệ. 53 ocb - niềm tin và thịnh vượng",BCTN 2025 (cache),53,,2026-10-05
OCB,S2,,,"ocb omni đạt 90%, trong khi số lượng và doanh số giao dịch đều tăng trên 90% so với năm trước. phát triển sản phẩm, tiện ích số và số hóa hành trình khách hàng ocb tiếp tục số hóa, tự động hóa nhiều quy trình nội bộ trọng yếu như thanh toán, kiểm soát kế toán chi phí, quy trình tín dụng cá nhân và giải ngân hạn mức cho khách hàng doanh nghiệp, qua đó rút ngắn thời gian xử lý, tăng tính minh bạch và nâng cao hiệu quả vận hành. đồng thời, ngân hàng tiếp tục đầu tư trọng điểm vào hạ tầng công nghệ, tiêu biểu là triển khai mạng sd-wan và khởi động dự án basel iii, tạo nền tảng nâng cao năng lực quản trị rủi ro và đáp ứng các chuẩn mực quốc tế. bên cạnh đó, hệ sinh thái số tiếp tục được mở rộng thông qua nền tảng open api với hơn 300 đối tác, hơn 200 api và khối lượng xử lý gần 10 triệu giao dịch/tháng, góp phần hỗ trợ khách hàng, đặc biệt là khách hàng doanh nghiệp, tối ưu hóa quản trị dòng tiền, thanh toán và tích hợp dịch vụ ngân hàng vào hệ sinh thái kinh doanh. số hóa quy trình, nâng cao hiệu quả vận hành và đầu tư nền tảng công nghệ. 53 ocb - niềm tin và thịnh vượng",BCTN 2025 (cache),53,,2026-10-05
OCB,S2,,," qua đó mở rộng nguồn thu phí và thúc đẩy tăng trưởng nguồn vốn casa. • tiếp tục thúc đẩy chuyển đổi số và tự động hóa trên toàn hệ thống theo lộ trình số hóa, tự động hóa và ứng dụng trí tuệ nhân tạo (ai), nhằm nâng cao năng suất lao động và hiệu quả sử dụng chi phí. • triển khai chuyển đổi hạ tầng công nghệ thông tin và hoàn thiện nền tảng dữ liệu của ngân hàng, đáp ứng yêu cầu tăng trưởng quy mô giao dịch, nâng cao năng lực phân tích dữ liệu và hỗ trợ hiệu quả hơn cho hoạt động kinh doanh của toàn hệ thống. định hướng về chỉ tiêu kế hoạch cơ bản năm 2026 như sa",BCTN 2025 (cache),63,,2026-10-05
OCB,S2,,,". • giám sát thực trạng tài chính, thẩm định báo cáo tài chính 06 tháng đầu năm và hàng năm; đánh giá tính hợp lý, hợp pháp, trung thực và mức độ cẩn trọng trong công tác kế toán, thống kê và lập báo cáo tài chính. • giám sát việc thông qua và thực hiện dự án đầu tư, mua, bán tài sản cố định, hợp đồng, giao dịch khác của ocb thuộc thẩm quyền quyết định của đhđcđ và hđqt. • giám sát việc chấp hành các quy định của luật các tctd 2024 về các giới hạn, hạn chế để đảm bảo an toàn trong hoạt động ngân hàng. • theo dõi, cập nhật danh sách cổ đông lớn và người có liên quan của thành viên hđqt, tgđ và cổ đông lớn theo quy định. • rà soát, cập nhật, bổ sung quy định nội bộ của bks, kiểm toán nội bộ phù hợp với quy định của pháp luật hiện hành. • chỉ đạo kiểm toán nội bộ xây dựng và hoàn thiện các quy trình kiểm toán nội bộ, cải tiến quy trình giám sát từ xa để nâng cao hiệu quả kiểm toán, giảm bớt thời gian thực địa cũng như chi phí công tác; ứng dụng công nghệ thông tin vào hoạt động kiểm toán nội bộ để nâng cao năng suất lao động, hoàn thiện phần mềm kiểm toán nội bộ và đưa vào sử dụng. • nâng cao chất lượng kiểm toán viên thông qua hoạt động đào tạo chương trình kiểm toán viên theo chuẩn quốc tế cũng như tăng điề",BCTN 2025 (cache),68,,2026-10-05
OCB,S3,,,"19 ocb - niềm tin và thịnh vượng ký kết hợp tác cùng nhiều đối tác lớn 4 tháng 01/2025, ký kết cùng tập đoàn fpt khởi động “dự án hiện đại hoá nền tảng phân tích dữ liệu với oracle exac@c database 23ai” tại tp.hcm, đánh dấu bước tiến quan trọng trong hành trình chuyển đổi số toàn diện. tháng 5/2025, ký kết thỏa thuận hợp tác chiến lược toàn diện giữa ocb và ocbs, đánh dấu cột mốc quan trọng của hai bên trong hành trình gia tăng lợi ích và trải nghiệm cho khách hàng. tháng 6/2025, ký kết thỏa thuận hợp tác với best express việt nam, góp phần vào chiến lược xây dựng hệ sinh thái tài chính - logistics thông minh. tháng 7/2025, phối hợp cùng quỹ đầu tư genesia ventures tổ chức hội nghị banking innovation for startups dành riêng cho các doanh nghiệp startup. tháng 8/2025, hợp tác với trung tâm nghiên cứu, ứng dụng dữ liệu dân cư và căn cước công dân (trung tâm rar) thuộc bộ công an, triển khai dịch vụ xác thực điện tử qua vneid trên ứng dụng ocb omni. tháng 11/2025, hợp tác chiến lược toàn diện với hagl và ocbs nhằm kết nối chuỗi giá trị tài chính và nông nghiệp, thúc đẩy tài chính xanh và phát triển bền vững cho cộng đồng. tháng 10/2025, ký kết hợp tác chiến lược toàn diện với tập đoàn công nghệ cmc – tập đoàn công nghệ hàng đầu với hệ sinh thái mở c-openai và năng lực ai, hạ tầng số vượt trội.",BCTN 2025 (cache),19,,2026-10-05
OCB,S3,,,"m soát; bầu, bãi nhiệm, miễn nhiệm, bầu bổ sung, thay thế thành viên hội đồng quản trị và ban kiểm soát (điểm d khoản 2 điều 27 điều lệ ocb). hội đồng quản trị gồm các cơ quan trực thuộc như sau: ủy ban quản lý rủi ro, ủy ban xử lý rủi ro, ủy ban nhân sự, ban hợp tác chiến lược, ban chiến lược và ban phát triển bền vững. hệ thống ocb gồm: hội sở chính, các chi nhánh, các phòng giao dịch, văn phòng đại diện, đơn vị sự nghiệp, công ty trực thuộc. các đơn vị hội sở gồm 07 khối và 09 trung tâm, phòng, ban, cơ quan trực thuộc tổng giám đốc. xin xem phần “thông tin chung” trong chương 8: báo cáo tài chính và thuyết minh. ngành nghề và địa bàn kinh doanh ngành nghề kinh doanh tính đến cuối năm 2025, ocb có 176 cn, pgd và ttkd tại các tỉnh thành kinh tế trên cả nước. địa bàn kinh doanh mô hình quản trị sơ đồ tổ chức 21 ocb - niềm tin và thịnh vượng ban kiểm soát kiểm toán nội bộ văn phòng hđqt các cơ quan trực thuộc hđqt (*) các cơ quan trực thuộc tgđ (**) hội đồng quản trị tổng giám đốc đại hội đồng cổ đông khối bán lẻ khối khách hàng doanh nghiệp lớn và dịch vụ ngân hàng đầu tư khối thị trường tài chính trung tâm quản lý tài sản nợ và có trung tâm ngân hàng số liobank trung tâm ngân hàng giao dịch khối quản lý rủi ro khối vận hành khối công nghệ và chuyển đổi số trung tâm quản lý tài chính trung tâm nhân sự và đào tạo trung tâm pháp chế và tuân thủ trung tâm quản trị và phân tích dữ liệu phòng thương hiệu và truyền thông khối khách hàng doanh nghiệp 1 2 3 4 5 6 7 8 9 10 11 12 13 14 15 phòng phát triể",BCTN 2025 (cache),21,,2026-10-05
OCB,S3,,," nâng cao hiệu quả vận hành. đồng thời, ngân hàng tiếp tục đầu tư trọng điểm vào hạ tầng công nghệ, tiêu biểu là triển khai mạng sd-wan và khởi động dự án basel iii, tạo nền tảng nâng cao năng lực quản trị rủi ro và đáp ứng các chuẩn mực quốc tế. bên cạnh đó, hệ sinh thái số tiếp tục được mở rộng thông qua nền tảng open api với hơn 300 đối tác, hơn 200 api và khối lượng xử lý gần 10 triệu giao dịch/tháng, góp phần hỗ trợ khách hàng, đặc biệt là khách hàng doanh nghiệp, tối ưu hóa quản trị dòng tiền, thanh toán và tích hợp dịch vụ",BCTN 2025 (cache),53,,2026-10-05
OCB,S3,,,"dụng được hệ thống hóa và gắn với tiêu chí mt&xh phù hợp, tạo động lực để doanh nghiệp cải thiện hiệu quả sử dụng tài nguyên, giảm phát thải và nâng cao chuẩn mực quản trị. năm 2025, ocb triển khai thí điểm đo lường phát thải tài trợ theo phương pháp luận của partnership for carbon accounting financials (pcaf), làm cơ sở đánh giá mức độ phát thải của danh mục tín dụng, quản lý rủi ro chuyển đổi và định hướng lộ trình giảm phát thải phù hợp. cách tiếp cận này giúp ocb không chỉ kiểm soát rủi ro một cách chủ động mà còn từng bư",BCTN 2025 (cache),86,,2026-10-05
OCB,T1,,," lý bán hàng, thanh toán thông minh toàn diện và hiện đại, được thiết kế dành riêng cho các nhà bán hàng (merchant), đặc biệt là doanh nghiệp vừa và nhỏ (sme). triển khai sử dụng vneid giao dịch thanh toán tại quầy - khách hàng cá nhân là công dân việt nam đã định danh điện tử vneid mức độ 2 và đã xác thực sinh trắc học tại ocb có thể sử dụng căn cước điện tử trên ứng dụng vneid để thay thế cho việc xuất trình giấy tờ tùy thân bản cứng khi thực hiện giao dịch tài khoản thanh toán tại quầy. ocb priority banking - phong cách sống tin",BCTN 2025 (cache),18,,2026-10-05
OCB,T1,,," hiện đại, được thiết kế dành riêng cho các nhà bán hàng (merchant), đặc biệt là doanh nghiệp vừa và nhỏ (sme). triển khai sử dụng vneid giao dịch thanh toán tại quầy - khách hàng cá nhân là công dân việt nam đã định danh điện tử vneid mức độ 2 và đã xác thực sinh trắc học tại ocb có thể sử dụng căn cước điện tử trên ứng dụng vneid để thay thế cho việc xuất trình giấy tờ tùy thân bản cứng khi thực hiện giao dịch tài khoản thanh toán tại quầy. ocb priority banking - phong cách sống tinh hoa qua từng trải nghiệm: chính thức ra mắ",BCTN 2025 (cache),18,,2026-10-05
OCB,T1,,," tính năng, tối ưu tốc độ giao dịch và nâng cao trải nghiệm khách hàng trên kênh số. đồng thời, ngân hàng đẩy mạnh ứng dụng dữ liệu trong phân tích hành vi, nhu cầu khách hàng để chủ động đề xuất sản phẩm, dịch vụ và ưu đãi phù hợp, cũng như hoàn tất tích hợp định danh điện tử vneid, tạo nền tảng mở rộng các dịch vụ số an toàn, thuận tiện. bên cạnh đó, các sản phẩm số mới như flexi savings và max savings tiếp tục được hoàn thiện, góp phần đa dạng hóa giải pháp tài chính cho khách hàng. phát triển và hoàn thiện nền tảng ngân hàng oc",BCTN 2025 (cache),53,,2026-10-05
OCB,T3,,," kết nối chuỗi giá trị tài chính và nông nghiệp, thúc đẩy tài chính xanh và phát triển bền vững cho cộng đồng. tháng 10/2025, ký kết hợp tác chiến lược toàn diện với tập đoàn công nghệ cmc – tập đoàn công nghệ hàng đầu với hệ sinh thái mở c-openai và năng lực ai, hạ tầng số vượt trội.",BCTN 2025 (cache),19,,2026-10-05
OCB,T3,,," kinh doanh trái phiếu và dịch vụ ngân hàng giao dịch (transaction banking), qua đó mở rộng nguồn thu phí và thúc đẩy tăng trưởng nguồn vốn casa. • tiếp tục thúc đẩy chuyển đổi số và tự động hóa trên toàn hệ thống theo lộ trình số hóa, tự động hóa và ứng dụng trí tuệ nhân tạo (ai), nhằm nâng cao năng suất lao động và hiệu quả sử dụng chi phí. • triển khai chuyển đổi hạ tầng công nghệ thông tin và hoàn thiện nền tảng dữ liệu của ngân hàng, đáp ứng yêu cầu tăng trưởng quy mô giao dịch, nâng cao năng lực phân tích dữ liệu và hỗ trợ h",BCTN 2025 (cache),63,,2026-10-05
OCB,T3,,,"hiếu và dịch vụ ngân hàng giao dịch (transaction banking), qua đó mở rộng nguồn thu phí và thúc đẩy tăng trưởng nguồn vốn casa. • tiếp tục thúc đẩy chuyển đổi số và tự động hóa trên toàn hệ thống theo lộ trình số hóa, tự động hóa và ứng dụng trí tuệ nhân tạo (ai), nhằm nâng cao năng suất lao động và hiệu quả sử dụng chi phí. • triển khai chuyển đổi hạ tầng công nghệ thông tin và hoàn thiện nền tảng dữ liệu của ngân hàng, đáp ứng yêu cầu tăng trưởng quy mô giao dịch, nâng cao năng lực phân tích dữ liệu và hỗ trợ hiệu ",BCTN 2025 (cache),63,,2026-10-05
OCB,T3,,,"ự đăng ký và có số giờ tự học nhiều nhất. chương trình đã nhận được rất nhiều sự quan tâm của cbnv, với 1.453 người tham gia với số giờ tự học trung bình hơn 4 giờ, đạt 6.051 tổng số giờ tự học. đồng thời, chuỗi các khóa micro-learning về kỹ năng làm việc với ai và cập nhật các tính năng mới của ứng dụng ngân hàng số ocb omni cũng thu hút nhiều cbnv tích cực tham gia. ngoài ra, chương trình learn & share được triển khai định kỳ mỗi tháng 1 số, thu hút 2.156 cbnv tham gia, chương trình team active learning với sự tham",BCTN 2025 (cache),97,,2026-10-05
OCB,T3,,,"p phần thu hẹp khoảng cách cơ hội giữa các nhóm xã hội, thúc đẩy tính bao trùm và nâng cao khả năng tiếp cận các nguồn lực phát triển. đây cũng là cách ngân hàng hiện thực hóa cam kết ptbv theo định hướng tăng trưởng đi đôi với công bằng xã hội, đảm bảo không ai bị bỏ lại phía sau. dự án ocb warm project – giáng sinh yêu thương • chương trình được tổ chức với nhiều hoạt động ý nghĩa, không chỉ dừng lại ở các phiên chợ nội bộ gây quỹ cuối năm, chương trình đã trao tặng 460 phần quà thiết thực cho các hoàn cảnh khó khă",BCTN 2025 (cache),107,,2026-10-05
OCB,T4,,,"ấu cùng hàng loạt giải thưởng danh giá trong nước và quốc tế: và nhiều giải thưởng nổi bật trong nước khác… nằm trong top doanh nghiệp nộp ngân sách lớn nhất việt nam 2025 là một trong những ngân hàng tmcp tiêu biểu vinh dự được tham gia và giới thiệu mô hình open banking tại triển lãm thành tựu đất nước 2025 (a80). ocb đã vinh dự nhận bằng khen ghi nhận thành tích xuất sắc từ thống đốc ngân hàng nhà nước, khép lại hành trình ấn tượng của ngân hàng tại triển lãm quy mô lớn nhất từ trước đến nay nhân dịp kỷ niệm 80 năm quốc khá",BCTN 2025 (cache),16,,2026-10-05
OCB,T4,,,"c đầu tư trọng điểm vào hạ tầng công nghệ, tiêu biểu là triển khai mạng sd-wan và khởi động dự án basel iii, tạo nền tảng nâng cao năng lực quản trị rủi ro và đáp ứng các chuẩn mực quốc tế. bên cạnh đó, hệ sinh thái số tiếp tục được mở rộng thông qua nền tảng open api với hơn 300 đối tác, hơn 200 api và khối lượng xử lý gần 10 triệu giao dịch/tháng, góp phần hỗ trợ khách hàng, đặc biệt là khách hàng doanh nghiệp, tối ưu hóa quản trị dòng tiền, thanh toán và tích hợp dịch vụ ngân hàng vào hệ sinh thái kinh doanh. số hóa quy",BCTN 2025 (cache),53,,2026-10-05
OCB,T4,,,"độ rủi ro và nhu cầu vốn khác nhau. trên cơ sở đó, ocb triển khai các chương trình tài trợ và giải pháp tài chính theo định hướng phân khúc rõ ràng, gắn với mục tiêu tối ưu phân bổ nguồn lực và tạo tác động ptbv. thông qua chiến lược phân bổ vốn có trọng tâm, ngân hàng mở rộng khả năng tiếp cận tài chính cho các nhóm khách hàng trọng yếu và ưu tiên, góp phần thúc đẩy bao trùm tài chính, nâng cao cơ hội phát triển bình đẳng và củng cố sức chống chịu của nền kinh tế trong dài hạn. với định hướng phân bổ nguồn vốn theo hướng bao ",BCTN 2025 (cache),82,,2026-10-05
OCB,O1,,,"giao dịch cổ phiếu của người nội bộ: mua bán tổng cộng 2 1 3 335.500 cổ phần 93.500 cổ phần 429.000 cổ phần giao dịch số lượt khối lượng cổ phiếu giao dịch giao dịch cổ phiếu của cổ đông nội bộ và những người có liên quan: tính hết ngày 31/12/2025, thù lao, thưởng và các chi phí khác thực tế đã chi trả cho các thành viên hđqt và thành viên bks như sau: đối tượng thù lao, thưởng",BCTN 2025 (cache),46,,2026-10-05
OCB,O1,,,"g quản trị ban kiểm soát tổng báo cáo về thù lao, thưởng và các chi phí khác năm 2025 10 46 báo cáo thường niên 2025 giao dịch cổ phiếu của người có liên quan của người nội bộ: mua bán tổng cộng 1 9 10 4.877.010 cổ phần 133.996.680 cổ phần 138.873.690 cổ phần giao dịch số lượt khối lượng cổ phiếu giao dịch",BCTN 2025 (cache),46,,2026-10-05
OCB,O1,,,"được triển khai đồng bộ, bám sát định hướng chuyển đổi số và phát triển bền vững của ngân hàng, cụ thể: ocb tiếp tục nâng cấp ứng dụng ocb omni theo định hướng đơn giản – mượt – tiện dụng – cá nhân hóa, qua đó tăng khả năng phát triển tính năng, tối ưu tốc độ giao dịch và nâng cao trải nghiệm khách hàng trên kênh số. đồng thời, ngân hàng đẩy mạnh ứng dụng dữ liệu trong phân tích hành vi, nhu cầu khách hàng để chủ động đề xuất sản phẩm, dịch vụ và ưu đãi phù hợp, cũng như hoàn tất tích hợp định danh điện tử vneid, tạo nền tảng mở rộng các dịch vụ số an toàn, thuận tiện. bên cạnh đó, các sản phẩm số mới như flexi savings và max savings tiếp tục được hoàn thiện, góp phần đa dạng hóa giải pháp tài chính cho khách hàng. phát triển và hoàn thiện nền tảng ngân hàng ocb tiếp tục triển khai các giải pháp bảo mật, an toàn giao dịch và quản trị rủi ro trên kênh số, bao gồm hoàn tất triển khai định danh khách hàng bằng thẻ căn cước gắn chip trên ứng dụng và tại quầy, đồng thời kết nối với trung tâm nghiên cứu, ứng dụng dữ liệu dân cư và căn cước công dân thuộc bộ công an nhằm tăng cường bảo mật, giảm thiểu rủi ro giả mạo. hệ thống phòng chống rửa tiền (aml) cũng chính thức go-live, góp phần nâng cao năng lực tuân thủ và quản lý rủi ro của ngân hàng. song song đó, mô hình devsecops tiếp tục được áp dụng nhằm tích hợp bảo mật xuyên suốt quá trình phát triển và vận hành ứng dụng. tăng cường an toàn bảo mật và quản trị rủi ro trong năm, ocb tiếp tục mở rộng các sản phẩm và tiện ích số như mở thẻ tín dụng 100% trực tuyến, cấp thấu chi online đối với khách hàng có sổ tiết kiệm trực tuyến, cùng nhiều tính năng cá nhân hóa theo từng phân khúc khách hàng. đối với khách hàng doanh nghiệp, ngân hàng đẩy mạnh số hóa các dịch vụ ngân hàng giao dịch và tài trợ thương mại trên nền tảng số, góp phần nâng cao hiệu quả quản trị tài chính và cải thiện trải nghiệm khách hàng. nhờ đó, tỷ lệ khách hàng tham gia qua kênh số đạt 88%, tăng 6% so với năm 2024; tỷ lệ giao dịch trên kênh ocb omni đạt 90%, trong khi số lượng và doanh số giao dịch đều tăng trên 90% so với năm trước. phát triển sản phẩm, tiện ích số và số hóa hành trình khách hàng ocb tiếp tục số hóa, tự động hóa nhiều ",BCTN 2025 (cache),53,,2026-10-05
OCB,O1,,," song song đó, mô hình devsecops tiếp tục được áp dụng nhằm tích hợp bảo mật xuyên suốt quá trình phát triển và vận hành ứng dụng. tăng cường an toàn bảo mật và quản trị rủi ro trong năm, ocb tiếp tục mở rộng các sản phẩm và tiện ích số như mở thẻ tín dụng 100% trực tuyến, cấp thấu chi online đối với khách hàng có sổ tiết kiệm trực tuyến, cùng nhiều tính năng cá nhân hóa theo từng phân khúc khách hàng. đối với khách hàng doanh nghiệp, ngân hàng đẩy mạnh số hóa các dịch vụ ngân hàng giao dịch và tài trợ thương mại trên nền tảng số, góp phần nâng cao hiệu quả quản trị tài chính và cải thiện trải nghiệm khách hàng. nhờ đó, tỷ lệ khách hàng tham gia qua kênh số đạt 88%, tăng 6% so với năm 2024; tỷ lệ giao dịch trên kênh ocb omni đạt 90%, trong khi số lượng và doanh số giao dịch đều tăng trên 90% so với năm trước. phát triển sản phẩm, tiện ích số và số hóa hành trình khách hàng ocb tiếp tục số hóa, tự động hóa nhiều quy trình nội bộ trọng yếu như thanh toán, kiểm soát kế toán chi phí, quy trình tín dụng cá nhân và giải ngân hạn mức cho khách hàng doanh nghiệp, qua đó rút ngắn thời gian xử lý, tăng tính minh bạch và nâng cao hiệu quả vận hành. đồng thời, ngân hàng tiếp tục đầu tư trọng điểm vào hạ tầng công nghệ, tiêu biểu là triển khai mạng sd-wan và khởi động dự án basel iii, tạo nền tảng nâng cao năng lực quản trị rủi ro và đáp ứng các chuẩn mực quốc tế. bên cạnh đó, hệ sinh thái số tiếp tục được mở rộng thông qua nền tảng open api với hơn 300 đối tác, hơn 200 api và khối lượng xử lý gần 10 triệu giao dịch/tháng, góp phần hỗ trợ khách hàng, đặc biệt là khách hàng doanh nghiệp, tối ưu hóa quản trị dòng tiền, thanh toán và tích hợp dịch vụ ngân hàng vào hệ sinh thái kinh doanh. số hóa quy trình, nâng cao hiệu quả vận hành và đầu tư nền tảng công nghệ. 53 ocb - niềm tin và thịnh vượng",BCTN 2025 (cache),53,,2026-10-05
OCB,O1,,," (roe) lên trên 15%. • tập trung thúc đẩy tăng trưởng tín dụng đi đôi với kiểm soát chất lượng, đồng thời nâng cấp toàn diện công tác quản trị rủi ro tín dụng và xử lý nợ trong toàn hệ thống. • thực hiện điều chỉnh cơ cấu danh mục tín dụng theo hướng gia tăng tỷ trọng cho vay ngắn hạn, chú trọng vào nhóm khách hàng doanh nghiệp thông qua việc mở rộng vào các lĩnh vực sản xuất và xuất nhập khẩu. • đẩy mạnh huy động nguồn vốn trung và dài hạn, với trọng tâm là tăng cường phối hợp giữa khối bán lẻ và khối nguồn vốn (treasury), nhằm bảo đảm cân đối nguồn vốn phù hợp với cơ cấu danh mục cho vay. • phát huy vai trò của khối quản lý rủi ro trong việc kiểm soát chất lượng tín dụng và hỗ trợ triển khai các sản phẩm, hoạt động tín dụng mới thông qua việc nâng cấp mô hình quản trị rủi ro, tăng cường phê duyệt tự động và ứng dụng công nghệ. • tăng cường phát triển các hoạt động kinh doanh trái phiếu và dịch vụ ngân hàng giao dịch (transaction banking), qua đó mở rộng nguồn thu phí và thúc đẩy tăng trưởng nguồn vốn casa. • tiếp tục thúc đẩy chuyển đổi số và tự động hóa trên toàn hệ thống theo lộ trình số hóa, tự động hóa và ứng dụng trí tuệ nhân tạo (ai), nhằm nâng cao năng suất lao động và hiệu quả sử dụng chi phí. • triển khai chuyển đổi hạ tầng công nghệ thông tin và hoàn thiện nền tảng dữ liệu của ngân hàng, đáp ứng yêu cầu tăng trưởng quy mô giao dịch, n",BCTN 2025 (cache),63,,2026-10-05
OCB,O1,,,"iêu chiến lược đầy tham vọng, hướng đến quản trị hiệu quả và tối ưu vận hành. trên cơ sở đó, ocb định hướng tập trung vào các trọng tâm sau: • tiếp tục cải thiện hiệu quả hoạt động, hướng tới mục tiêu nâng tỷ suất sinh lời trên vốn chủ sở hữu (roe) lên trên 15%. • tập trung thúc đẩy tăng trưởng tín dụng đi đôi với kiểm soát chất lượng, đồng thời nâng cấp toàn diện công tác quản trị rủi ro tín dụng và xử lý nợ trong toàn hệ thống. • thực hiện điều chỉnh cơ cấu danh mục tín dụng theo hướng gia tăng tỷ trọng cho vay ngắn hạn, chú trọng vào nhóm khách hàng doanh nghiệp thông qua việc mở rộng vào các lĩnh vực sản xuất và xuất nhập khẩu. • đẩy mạnh huy động nguồn vốn trung và dài hạn, với trọng tâm là tăng cường phối hợp giữa khối bán lẻ và khối nguồn vốn (treasury), nhằm bảo đảm cân đối nguồn vốn phù hợp với cơ cấu danh mục cho vay. • phát huy vai trò của khối quản lý rủi ro trong việc kiểm soát chất lượng tín dụng và hỗ trợ triển khai các sản phẩm, hoạt động tín dụng mới thông qua việc nâng cấp mô hình quản trị rủi ro, tăng cường phê duyệt tự động và ứng dụng công nghệ. • tăng cường phát triển các hoạt động kinh doanh trái phiếu và dịch vụ ngân hàng giao dịch (transaction banking), qua đó mở rộng nguồn thu phí và thúc đẩy tăng trưởng nguồn vốn casa. • tiếp tục thúc đẩy chuyển đổi số và tự động hóa trên toàn hệ thống theo lộ trình số hóa, tự động hóa và ứng dụng trí tuệ nhân tạo (ai), nhằm nâng cao năng suất lao động và hiệu quả sử dụng chi phí. • triển khai chuyển đổi hạ tầng công nghệ thông tin và hoàn thiện nền tảng dữ liệu của ngân hàng, đáp ứng yêu cầu tăng trưởng quy mô giao dịch, n",BCTN 2025 (cache),63,,2026-10-05
OCB,O2,,,ng tt41 (cr#7113): phạm vi: rủi ro tín dụng đối tác + định chế tài chính + rủi ro thị trường onboarding ﬂow with vneid cho lioapp triển khai mới các qt bpm trọng yếu - da chuẩn hóa và tối ưu hóa các qt tín dụng đã được tgd duyệt ut cao thẻ igen phase 2 - 6126 tự động hóa quy trình thanh toán và kiểm soát sau chứng từ kế toán chi phí (paperless) cx- quick win hiển thị kết quả label khách hàng lên các kênh xây dựng app định giá trên thiết bị di động (cr 7347) cardzone_khu vực dành cho thẻ trên app omni tập trung các tính năng của thẻ ocb,BCTN 2025 (cache),39,,2026-10-05
OCB,O2,,,"g open api với hơn 300 đối tác, hơn 200 api và khối lượng xử lý gần 10 triệu giao dịch/tháng, góp phần hỗ trợ khách hàng, đặc biệt là khách hàng doanh nghiệp, tối ưu hóa quản trị dòng tiền, thanh toán và tích hợp dịch vụ ngân hàng vào hệ sinh thái kinh doanh. số hóa quy trình, nâng cao hiệu quả vận hành và đầu tư nền tảng công nghệ. 53 ocb - niềm tin và thịnh vượng",BCTN 2025 (cache),53,,2026-10-05
OCB,O2,,,"g vận hành hiệu quả hệ thống quản lý rủi ro môi trường và xã hội trong hoạt động cấp tín dụng, đảm bảo sàng lọc, đánh giá và giám sát rủi ro được thực hiện xuyên suốt vòng đời khoản vay. song song đó, ocb đẩy mạnh vận hành xanh thông qua tiết kiệm tài nguyên, số hóa quy trình và tăng cường đào tạo nội bộ về esg, tích cực triển khai các chương trình an sinh xã hội và bảo vệ môi trường; đồng thời nâng cao chất lượng công bố thông tin và báo cáo phát triển bền vững theo hướng tiệm cận chuẩn mực quốc tế. 56 báo cáo thường niên 2025",BCTN 2025 (cache),56,,2026-10-05
OCB,O2,,,"ạnh đó, một phần nguyên nhân đến từ việc thay đổi phương pháp thu thập dữ liệu từ ước tính dựa trên chi phí hạch toán sang ghi nhận số liệu thực tế sử dụng tại đơn vị. để sử dụng hiệu quả các nguồn tài nguyên và tối ưu chi phí vận hành, ocb đã và luôn ưu tiên số hóa quy trình nghiệp vụ và tự động hóa hoạt động vận hành. trong những năm tiếp theo, ocb cam kết tiếp tục đẩy mạnh chuyển đổi số, tăng cường tự động hóa và tối ưu quy trình nhằm giảm dần sự phụ thuộc vào tài liệu giấy. bên cạnh đó, ocb cũng tích cực áp dụng các chính sách",BCTN 2025 (cache),92,,2026-10-05
OCB,O3,,,ủi ro thị trường onboarding ﬂow with vneid cho lioapp triển khai mới các qt bpm trọng yếu - da chuẩn hóa và tối ưu hóa các qt tín dụng đã được tgd duyệt ut cao thẻ igen phase 2 - 6126 tự động hóa quy trình thanh toán và kiểm soát sau chứng từ kế toán chi phí (paperless) cx- quick win hiển thị kết quả label khách hàng lên các kênh xây dựng app định giá trên thiết bị di động (cr 7347) cardzone_khu vực dành cho thẻ trên app omni tập trung các tính năng của thẻ ocb upgrade napas 2.0 upgrade backbase và migrated omni 4.0 on aws ,BCTN 2025 (cache),39,,2026-10-05
OCB,H1,,,ổi giám đốc điều hành giám đốc khối bán lẻ giám đốc khối công nghệ và chuyển đổi số giám đốc khối vận hành quyền giám đốc khối quản lý rủi ro quyền giám đốc trung tâm quản lý tài chính kế toán trưởng giám đốc trung tâm ngân hàng số liobank giám đốc nhân sự và đào tạo giám đốc trung tâm quản trị và phân tích dữ liệu giảm tăng ông lê đăng khoa miễn nhiệm chức vụ giám đốc khối khách hàng doanh nghiệp từ ngày 08/4/2026 30 báo cáo thường niên 2025 * theo định nghĩa về ban điều hành trong quy chế cơ cấu tổ chức ngân hàng tmcp phương đông năm 2025 ông nguyễn đức hiếu miễn nhiệm chức vụ giám đốc khối thị trường tài chính từ ngày 01/02/2026 ông william james life andrew miễn nhiệm chức vụ giám đốc khối quản lý rủi ro từ ngày 15/01/2026 ông lương tuấn thành miễn nhiệm chức vụ giám đốc khối công nghệ và chuyển đổi số từ ngày 09/10/2025 bà phạm thị nguyệt nga miễn nhiệm chức vụ giám đốc trung tâm quản trị và phân tích dữ liệu (*) từ ngày 23/09/2025 ông ngô phước nhật khánh miễn nhiệm chức vụ giám đốc trung tâm ngân hàng số liobank (*) từ ngày 16/8/2025 ông nguyễn huy đức miễn nhiệm chức vụ giám đốc tài chính từ ngày 15/7/2025 bà huỳnh lê mai miễn nhiệm chức vụ phó tổng giám đốc từ ngày 01/7/2025 ông đinh thanh tùng miễn nhiệm chức vụ giám đốc trung tâm quản lý tài sản nợ và có (*) từ ngày 01/4/2025 ông trương đình long miễn nhiệm chức vụ phó tổng giám đốc từ ngày 09/01/2025 ông nguyễn quang huy bổ nhiệm chức vụ quyền giám đốc khối quản lý rủi ro từ ngày 30/3/2026 bà đỗ tú anh bổ nhiệm chức vụ phó tổng giám đốc từ ngày 03/4/2026 bà huỳnh ngọc tuyền bổ nhiệm giám đốc khối vận hành từ ngày 05/03/2026 ông quách thành long bổ nhiệm quyền giám đốc trung tâm quản lý tài chính (*) từ ngày 24/02/2026 ông nguyễn quốc hương bổ nhiệm chức vụ giám đốc điều hành từ ngày 01/02/2026 ông nguyễn quang hoàng bổ nhiệm chức vụ giám đốc trung tâm quản trị và phân tích dữ liệu từ ngày 10/11/2025 bà lê thị bích thảo bổ nhiệm chức vụ giám đốc khối công nghệ và chuyển đổi số từ ngày 03/11/2025 ông lương nguyễn minh đăng bổ nhiệm chức vụ giám đốc khối bán lẻ từ ngày 01/7/2025 bà lê thị nga bổ nhiệm giám đốc trung tâm ngân hàng số liobank (*) từ ngày 08/9/2025,BCTN 2025 (cache),30,,2026-10-05
OCB,H1,,,"management 1 (quản lý cấp cơ sở), ocb management 2 (quản lý cấp trung); đồng thời tập trung đào tạo cho bm mới, nâng cao năng lực bán hàng và tối ưu trải nghiệm khách hàng cho đội ngũ bán hàng và dvkh tại đvkd. • các khóa học về tín dụng xanh, esg và nâng cao năng lực số cho toàn hệ thống luôn được đào tạo kịp thời theo định hướng chung, đồng thời đẩy mạnh văn hóa học tập thông qua nhiều hình thức đa dạng: chuỗi learn & share, team active learning, thi đua quán quân học tập và hoạt động huấn luyện/kèm cặp tại đơn vị. việc tri",BCTN 2025 (cache),56,,2026-10-05
OCB,H1,,," đặc thù lên cấp lãnh đạo hoặc hồ sơ in bản cứng cần lưu trữ theo quy định. tuyên truyền nâng cao nhận thức • truyền thông nhắc nhở và nâng cao ý thức cbnv trong việc sử dụng tiết kiệm giấy. • tích hợp tuyên truyền sử dụng hiệu quả tài nguyên vào chương trình đào tạo các giải pháp này không chỉ góp phần tiết giảm chi phí vận hành mà còn hỗ trợ giảm tiêu thụ tài nguyên rừng, giảm phát sinh chất thải và phát thải gián tiếp liên quan đến chuỗi cung ứng vật tư văn phòng. đây là một phần trong định hướng chuyển đổi vận hành theo hướng số hóa và bền vững tại ocb. 3.1.3 tiêu thụ tài nguyên giấy, mực in theo số liệu thống kê, tổng lượng giấy và mực in sử dụng có xu hướng tăng trong giai đoạn 2023 - 2025. nguyên nhân chủ yếu do ocb mở rộng quy mô hoạt động, tăng số lượng khách hàng, khối lượng giao dịch. bên cạnh đó, một phần nguyên nhân đến từ việc thay đổi phương pháp thu thập dữ liệu từ ước tính dựa trên chi phí hạch toán sang ghi nhận số liệu thực tế sử dụng tại đơn vị. để sử dụng hiệu quả các nguồn tài nguyên và tối ưu chi phí vận hành, ocb đã và luôn ưu tiên số hóa quy trình nghiệp vụ và tự động hóa hoạt động vận hành. trong những năm tiếp theo, ocb cam kết tiếp tục đẩy mạnh chuyển đổi số, tăng cường tự động hóa và tối ưu quy trình nhằm giảm dần sự phụ thuộc vào tài liệu giấy. bên cạnh đó, ocb cũng tích cực áp dụng các chính sách về chọn lựa sản phẩm có nguồn gốc tái chế, tái sử dụng, tối đa hóa hiệu quả sử dụng vật liệu, như sử dụng hộp mực c",BCTN 2025 (cache),92,,2026-10-05
OCB,H1,,," được ocb chú trọng triển khai. các nội dung đào tạo có thể kể đến như nền tảng (tổng quan về văn hóa, con người), kỹ năng bán hàng, chăm sóc khách hàng, phát triển kinh doanh, phát triển danh mục khác hàng, năng lực quản lý, lãnh đạo và các khóa học nâng cao năng lực số cho cbnv. 2023 2024 2025 24.903 114.300 169.022 390 525 614 tổng quan về số lượng khóa đào tạo và số lượt đào tạo cbnv số lượng khóa đào tạo số lượt đào tạo 96 báo cáo thường niên 2025",BCTN 2025 (cache),96,,2026-10-05
OCB,H1,,,"và chuyển đổi của ngân hàng. trọng tâm bao gồm: • hoạch định nguồn lực dài hạn: xây dựng kế hoạch nhân sự trung – dài hạn theo từng khối/đơn vị, đảm bảo cân đối giữa tăng trưởng kinh doanh và hiệu quả chi phí. • phát triển đội ngũ kế thừa: đẩy mạnh quy hoạch, đào tạo và luân chuyển nhân sự tiềm năng nhằm chuẩn bị nguồn lãnh đạo cho các vị trí trọng yếu. • nâng cao năng lực số và chuyên môn: ưu tiên đào tạo kỹ năng số, phân tích dữ liệu, quản trị rủi ro, tài chính bền vững và các năng lực cốt lõi đáp ứng yêu cầu chuyển đổi. • tối ưu trải nghiệm và gắn kết cbnv: hoàn thiện chính sách phúc lợi, lộ trình nghề nghiệp và môi trường làm việc nhằm thu hút, giữ chân nhân tài. • qu",BCTN 2025 (cache),103,,2026-10-05
OCB,H1,,,"rung – dài hạn theo từng khối/đơn vị, đảm bảo cân đối giữa tăng trưởng kinh doanh và hiệu quả chi phí. • phát triển đội ngũ kế thừa: đẩy mạnh quy hoạch, đào tạo và luân chuyển nhân sự tiềm năng nhằm chuẩn bị nguồn lãnh đạo cho các vị trí trọng yếu. • nâng cao năng lực số và chuyên môn: ưu tiên đào tạo kỹ năng số, phân tích dữ liệu, quản trị rủi ro, tài chính bền vững và các năng lực cốt lõi đáp ứng yêu cầu chuyển đổi. • tối ưu trải nghiệm và gắn kết cbnv: hoàn thiện chính sách phúc lợi, lộ trình nghề nghiệp và môi trường làm ",BCTN 2025 (cache),103,,2026-10-05
OCB,H2,,," ngoại, đại học ngoại thương hà nội. bà có hơn 15 năm kinh nghiệm trong lĩnh vực ngân hàng, tài chính tiêu dùng, tư vấn và đảm nhận nhiều vị trí quan trọng: giám đốc điều hành (coo) – fe credit, giám đốc trung tâm kinh doanh số - fe credit, giám đốc trung tâm đổi mới sáng tạo - fe credit. bà lê thị nga giám đốc trung tâm ngân hàng số liobank 36 báo cáo thường niên 2025",BCTN 2025 (cache),36,,2026-10-05
OCB,H2,,,"inh tế đối ngoại, đại học ngoại thương hà nội. bà có hơn 15 năm kinh nghiệm trong lĩnh vực ngân hàng, tài chính tiêu dùng, tư vấn và đảm nhận nhiều vị trí quan trọng: giám đốc điều hành (coo) – fe credit, giám đốc trung tâm kinh doanh số - fe credit, giám đốc trung tâm đổi mới sáng tạo - fe credit. bà lê thị nga giám đốc trung tâm ngân hàng số liobank 36 báo cáo thường niên 2025",BCTN 2025 (cache),36,,2026-10-05
OCB,H2,,," 2025, ocb đã giải ngân gần 900 tỷ vnđ cho các start-ups, ghi nhận mức tăng trưởng dư nợ gần 25% so với năm trước. dự kiến trong năm 2026, ngân hàng sẽ tiếp tục mở rộng hỗ trợ tới nhiều start-ups khác đang hoạt động tại việt nam, góp phần củng cố hệ sinh thái đổi mới sáng tạo quốc gia. thấu hiểu những thách thức đặc thù của doanh nghiệp start-ups, song song với mở rộng quy mô, ocb đã liên tục cải tiến quy trình và tối ưu hóa hồ sơ, giảm thiểu thủ tục nhưng vẫn đảm bảo quản trị rủi ro hiệu quả. đầu năm 2026, ngân hàng tiếp tục ra m",BCTN 2025 (cache),84,,2026-10-05
OCB,H2,,,"quả. đầu năm 2026, ngân hàng tiếp tục ra mắt sản phẩm cho vay không tài sản đảm bảo dành riêng cho các doanh nghiệp smes có thời gian hoạt động từ 3 năm trở lên, tạo bước chuyển tiếp quan trọng từ giai đoạn khởi nghiệp sang tăng trưởng bền vững. nhằm thúc đẩy đổi mới sáng tạo và hình thành thế hệ doanh nghiệp tăng trưởng mới, ocb chủ động thiết kế các giải pháp tài chính phù hợp với đặc thù của mô hình kinh doanh khởi nghiệp, trong đó trọng tâm là phương thức thẩm định dựa trên dòng tiền, năng lực thực thi và tiềm năng phát triển ",BCTN 2025 (cache),84,,2026-10-05
OCB,D1,,,"p tục thúc đẩy chuyển đổi số và tự động hóa trên toàn hệ thống theo lộ trình số hóa, tự động hóa và ứng dụng trí tuệ nhân tạo (ai), nhằm nâng cao năng suất lao động và hiệu quả sử dụng chi phí. • triển khai chuyển đổi hạ tầng công nghệ thông tin và hoàn thiện nền tảng dữ liệu của ngân hàng, đáp ứng yêu cầu tăng trưởng quy mô giao dịch, nâng cao năng lực phân tích dữ liệu và hỗ trợ hiệu quả hơn cho hoạt động kinh doanh của toàn hệ thống. định hướng về chỉ tiêu kế hoạch cơ bản năm 2026 như sau: đvt: tỷ đồng thực hiện 2025 chỉ tiêu s",BCTN 2025 (cache),63,,2026-10-05
OCB,D1,,," dõi trực tiếp số liệu tiêu thụ thực tế trên hóa đơn của các đơn vị cấp nước theo hướng dẫn của quy định. bên cạnh đó, ocb còn triển khai thí điểm phần mềm tổng hợp dữ liệu tiêu thụ nước tại các đơn vị áp dụng thuộc quy định nhằm tạo nền tảng tiền đề cho việc tích hợp dữ liệu tài nguyên vào hệ thống quản lý esg tập trung trong tương lai. do sự thay đổi trong phương pháp thu thập dữ liệu, tổng lượng nước ghi nhận trong năm 2025 tăng đáng kể so với năm 2024. tuy nhiên, mức tăng này chủ yếu phản ánh sự cải thiện về độ đầy đủ và chính",BCTN 2025 (cache),91,,2026-10-05
OCB,D2,,,"u ngân hàng tmcp phương đông kể từ ngày 10/11/2025. ông tốt nghiệp cử nhân chuyên ngành tài chính ngân hàng, đại học kinh tế quốc dân. ông có hơn 15 năm kinh nghiệm trong lĩnh vực tài chính, ngân hàng và từng đảm nhận các vị trí quan trọng: giám đốc trung tâm quản trị dữ liệu và phân tích – khối công nghệ thông tin - ngân hàng tmcp tiên phong, trưởng phòng xây dựng mô hình và dữ liệu rủi ro - ngân hàng. ông nguyễn quang hoàng giám đốc trung tâm quản trị và phân tích dữ liệu 37 ocb - niềm tin và thịnh vượng bà nguyễn thị thu hương ",BCTN 2025 (cache),37,,2026-10-05
OCB,D2,,,"rong năm 2025 tăng đáng kể so với năm 2024. tuy nhiên, mức tăng này chủ yếu phản ánh sự cải thiện về độ đầy đủ và chính xác của dữ liệu báo cáo, thay vì sự gia tăng tương ứng trong nhu cầu sử dụng nước thực tế. cách tiếp cận này thể hiện định hướng tăng cường quản trị dữ liệu môi trường của ocb, tạo nền tảng cho việc theo dõi xu hướng sử dụng nước một cách minh bạch và nhất quán trong dài hạn. 3.1.2 tiêu thụ nước bên cạnh sử dụng năng lượng hiệu quả, tiết kiệm nước cũng là một trong những mối quan tâm trong công tác kiểm soát vận ",BCTN 2025 (cache),91,,2026-10-05
OCB,D3,,,"19 ocb - niềm tin và thịnh vượng ký kết hợp tác cùng nhiều đối tác lớn 4 tháng 01/2025, ký kết cùng tập đoàn fpt khởi động “dự án hiện đại hoá nền tảng phân tích dữ liệu với oracle exac@c database 23ai” tại tp.hcm, đánh dấu bước tiến quan trọng trong hành trình chuyển đổi số toàn diện. tháng 5/2025, ký kết thỏa thuận hợp tác chiến lược toàn diện giữa ocb và ocbs, đánh dấu cột mốc quan trọng của hai bên trong hành trình gia tă",BCTN 2025 (cache),19,,2026-10-05
OCB,D3,,,"ản lý tài sản nợ và có trung tâm ngân hàng số liobank trung tâm ngân hàng giao dịch khối quản lý rủi ro khối vận hành khối công nghệ và chuyển đổi số trung tâm quản lý tài chính trung tâm nhân sự và đào tạo trung tâm pháp chế và tuân thủ trung tâm quản trị và phân tích dữ liệu phòng thương hiệu và truyền thông khối khách hàng doanh nghiệp 1 2 3 4 5 6 7 8 9 10 11 12 13 14 15 phòng phát triển bền vững 16 các cơ quan trực thuộc hđqt gồm có: ủy ban nhân sự, ủy ban quản lý rủi ro, ủy ban xlrr, ban chiến lược, ban hợp tác chiến lược, ban",BCTN 2025 (cache),21,,2026-10-05
OCB,D3,,, lẻ giám đốc khối công nghệ và chuyển đổi số giám đốc khối vận hành quyền giám đốc khối quản lý rủi ro quyền giám đốc trung tâm quản lý tài chính kế toán trưởng giám đốc trung tâm ngân hàng số liobank giám đốc nhân sự và đào tạo giám đốc trung tâm quản trị và phân tích dữ liệu giảm tăng ông lê đăng khoa miễn nhiệm chức vụ giám đốc khối khách hàng doanh nghiệp từ ngày 08/4/2026 30 báo cáo thường niên 2025 * theo định nghĩa về ban điều hành trong quy chế cơ cấu tổ chức ngân hàng tmcp phương đông năm 2025 ông nguyễn đức hiếu miễn nhiệ,BCTN 2025 (cache),30,,2026-10-05
OCB,D3,,,m james life andrew miễn nhiệm chức vụ giám đốc khối quản lý rủi ro từ ngày 15/01/2026 ông lương tuấn thành miễn nhiệm chức vụ giám đốc khối công nghệ và chuyển đổi số từ ngày 09/10/2025 bà phạm thị nguyệt nga miễn nhiệm chức vụ giám đốc trung tâm quản trị và phân tích dữ liệu (*) từ ngày 23/09/2025 ông ngô phước nhật khánh miễn nhiệm chức vụ giám đốc trung tâm ngân hàng số liobank (*) từ ngày 16/8/2025 ông nguyễn huy đức miễn nhiệm chức vụ giám đốc tài chính từ ngày 15/7/2025 bà huỳnh lê mai miễn nhiệm chức vụ phó tổng giám đốc từ,BCTN 2025 (cache),30,,2026-10-05
OCB,D3,,,ngày 05/03/2026 ông quách thành long bổ nhiệm quyền giám đốc trung tâm quản lý tài chính (*) từ ngày 24/02/2026 ông nguyễn quốc hương bổ nhiệm chức vụ giám đốc điều hành từ ngày 01/02/2026 ông nguyễn quang hoàng bổ nhiệm chức vụ giám đốc trung tâm quản trị và phân tích dữ liệu từ ngày 10/11/2025 bà lê thị bích thảo bổ nhiệm chức vụ giám đốc khối công nghệ và chuyển đổi số từ ngày 03/11/2025 ông lương nguyễn minh đăng bổ nhiệm chức vụ giám đốc khối bán lẻ từ ngày 01/7/2025 bà lê thị nga bổ nhiệm giám đốc trung tâm ngân hàng số lioba,BCTN 2025 (cache),30,,2026-10-05
OCB,D3,,,"ông nguyễn quang hoàng được bổ nhiệm chức vụ giám đốc trung tâm quản trị và phân tích dữ liệu ngân hàng tmcp phương đông kể từ ngày 10/11/2025. ông tốt nghiệp cử nhân chuyên ngành tài chính ngân hàng, đại học kinh tế quốc dân. ông có hơn 15 năm kinh nghiệm trong lĩnh vực tài chính, ngân hàng và từng đảm nhận các vị trí quan trọng: giám đốc trung tâm q",BCTN 2025 (cache),37,,2026-10-05
OCB,D3,,,"và từng đảm nhận các vị trí quan trọng: giám đốc trung tâm quản trị dữ liệu và phân tích – khối công nghệ thông tin - ngân hàng tmcp tiên phong, trưởng phòng xây dựng mô hình và dữ liệu rủi ro - ngân hàng. ông nguyễn quang hoàng giám đốc trung tâm quản trị và phân tích dữ liệu 37 ocb - niềm tin và thịnh vượng bà nguyễn thị thu hương được bổ nhiệm chức vụ giám đốc nhân sự và đào tạo từ ngày 07/4/2021. bà tốt nghiệp thạc sỹ chuyên ngành quản trị kinh doanh, đại học william & mary (usa). bà có nhiều năm kinh nghiệm và từng đảm nhận cá",BCTN 2025 (cache),37,,2026-10-05
OCB,D3,,,"à tối ưu hóa hiệu quả vận hành. các chương trình, sáng kiến công nghệ được triển khai đồng bộ, bám sát định hướng chuyển đổi số và phát triển bền vững của ngân hàng, cụ thể: ocb tiếp tục nâng cấp ứng dụng ocb omni theo định hướng đơn giản – mượt – tiện dụng – cá nhân hóa, qua đó tăng khả năng phát triển tính năng, tối ưu tốc độ giao dịch và nâng cao trải nghiệm khách hàng trên kênh số. đồng thời, ngân hàng đẩy mạnh ứng dụng dữ liệu trong phân tích hành vi, nhu cầu khách hàng để chủ động đề xuất sản phẩm, dịch vụ và ưu đãi phù",BCTN 2025 (cache),53,,2026-10-05
Agribank,C1,,, 21 tổng quan agribank 2025 1. về agribank 22 2. sứ mệnh - tầm nhìn - triết lý kinh doanh - giá trị cốt lõi 25 3. chặng đường phát triển 26 4. ngành nghề và địa bàn kinh doanh 28 5. hoạt động ngân hàng bán buôn 30 6. hoạt động ngân hàng bán lẻ 34 7. hoạt động ngân hàng số 38 8. các chỉ tiêu hoạt động cơ bản giai đoạn 2021 - 2025 40 9. mô hình quản lý và cơ cấu tổ chức 44 10. nhân sự cấp cao 46 11. quản trị rủi ro 64 chương 9 125 mạng lưới hoạt động 1. danh sách các công ty con 125 2. danh sách mạng lưới chi nhánh 129 chương 2 ,BCTN 2025 (cache),3,,2026-10-05
Agribank,C1,,,"ền kinh tế thu nợ đã xử lý rủi ro — hoàn thành 145% kế hoạch lợi nhuận trước thuế - cao nhất từ trước đến nay tỷ trọng tín dụng “tam nông” ~2,7 1,17% >1,97 17.397 >64% triệu tỷ đồng triệu tỷ đồng tỷ đồng 31.170 tỷ đồng kênh số và đặt nền móng cho hệ sinh thái ngân hàng số hiện đại. sự hình thành trung tâm quản lý dữ liệu đánh dấu bước chuyển từ vận hành truyền thống sang quản trị dựa trên dữ liệu. đây là điều kiện tiên quyết để agribank cạnh tranh hiệu quả trong kỷ nguyên số. về phát triển con người và văn hóa tổ chức: agriban",BCTN 2025 (cache),4,,2026-10-05
Agribank,C1,,,"hấp nhất từ trước đến nay dư nợ cho vay nền kinh tế thu nợ đã xử lý rủi ro — hoàn thành 145% kế hoạch lợi nhuận trước thuế - cao nhất từ trước đến nay tỷ trọng tín dụng “tam nông” ~2,7 1,17% >1,97 17.397 >64% triệu tỷ đồng triệu tỷ đồng tỷ đồng 31.170 tỷ đồng kênh số và đặt nền móng cho hệ sinh thái ngân hàng số hiện đại. sự hình thành trung tâm quản lý dữ liệu đánh dấu bước chuyển từ vận hành truyền thống sang quản trị dựa trên dữ liệu. đây là điều kiện tiên quyết để agribank cạnh tranh hiệu quả trong kỷ nguyên số. về ph",BCTN 2025 (cache),4,,2026-10-05
Agribank,C1,,,"16 17 agribank báo cáo thường niên 2025 chương 2 dấu ấn agribank 2025 tăng cường quản trị rủi ro theo chuẩn mực quốc tế bứt phá mô hình ngân hàng số toàn diện (digital banking) top 50 doanh nghiệp lớn nhất đông nam á duy trì vị thế ngân hàng có mạng lưới bán lẻ lớn nhất việt nam 06 04 07 05 trong năm 2025, agribank tiếp tục củng cố và hoàn thiện hệ thống quản trị rủi ro theo thông lệ quốc tế, triển khai đ",BCTN 2025 (cache),9,,2026-10-05
Agribank,C1,,,"c tiêu số hóa toàn diện, agribank đã hoàn thiện hệ sinh thái số với các nền tảng trọng điểm như agribank plus, open api và hệ thống smart bank. tỷ lệ giao dịch trên kênh số đạt mức xấp xỉ 97%, minh chứng cho sự chuyển đổi mô hình vận hành từ truyền thống sang ngân hàng số hiện đại, lấy trải nghiệm khách hàng làm trung tâm. với sự tăng trưởng ổn định về tổng tài sản và hiệu quả hoạt động, năm 2025 agribank tiếp tục được tạp chí fortune (hoa kỳ) xếp hạng trong fortune southeast asia 500 - danh sách các doanh nghiệp có doanh thu ",BCTN 2025 (cache),9,,2026-10-05
Agribank,C1,,,"àn, bền vững của agribank trong bối cảnh thị trường tài chính còn nhiều biến động. thực hiện mục tiêu số hóa toàn diện, agribank đã hoàn thiện hệ sinh thái số với các nền tảng trọng điểm như agribank plus, open api và hệ thống smart bank. tỷ lệ giao dịch trên kênh số đạt mức xấp xỉ 97%, minh chứng cho sự chuyển đổi mô hình vận hành từ truyền thống sang ngân hàng số hiện đại, lấy trải nghiệm khách hàng làm trung tâm. với sự tăng trưởng ổn định về tổng tài sản và hiệu quả hoạt động, năm 2025 agribank tiếp tục được tạp chí f",BCTN 2025 (cache),9,,2026-10-05
Agribank,C1,,,g 3 tổng quan agribank 2025 1. về agribank 22 2. sứ mệnh - tầm nhìn - triết lý kinh doanh - giá trị cốt lõi 25 3. chặng đường phát triển 26 4. ngành nghề và địa bàn kinh doanh 28 5. hoạt động ngân hàng bán buôn 30 6. hoạt động ngân hàng bán lẻ 34 7. hoạt động ngân hàng số 38 8. các chỉ tiêu hoạt động cơ bản giai đoạn 2021 - 2025 40 9. mô hình quản lý và cơ cấu tổ chức 44 10. nhân sự cấp cao 46 11. quản trị rủi ro 64 20 21 agribank báo cáo thường niên 2025 chương 3 tổng quan agribank 2025,BCTN 2025 (cache),11,,2026-10-05
Agribank,C1,,," chuyển đổi số và yêu cầu phát triển bền vững, agribank đã từng bước tái cấu trúc danh mục sản phẩm, tập trung vào ba trụ cột cốt lõi: đa dạng hóa giải pháp tín dụng - huy động vốn phù hợp với từng phân khúc khách hàng mục tiêu, bứt phá trong cung ứng dịch vụ ngân hàng số và nâng tầm năng lực tài trợ thương mại theo chuẩn mực quốc tế. 5.1. cung ứng giải pháp tài chính toàn diện và linh hoạt cho khách hàng doanh nghiệp đồng hành cùng sự phục hồi và mở rộng kinh doanh của doanh nghiệp, agribank đã thiết kế và vận hành các gói gi",BCTN 2025 (cache),16,,2026-10-05
Agribank,S1,,,"ung tâm quản lý dữ liệu đánh dấu bước chuyển từ vận hành truyền thống sang quản trị dựa trên dữ liệu. đây là điều kiện tiên quyết để agribank cạnh tranh hiệu quả trong kỷ nguyên số. về phát triển con người và văn hóa tổ chức: agribank coi con người là tài sản chiến lược, không chỉ là nguồn lực. năm 2025, chúng tôi đổi mới công tác đào tạo, tuyển dụng và luân chuyển cán bộ theo hướng minh bạch, gắn với năng lực và kết quả thực tế; đồng thời, từng bước xây dựng đội ngũ vững chuyên môn, thành thạo công nghệ và thấm nhuần văn hóa phụng sự khách hàng, phụng sự tổ chức. về ngân hàng xanh và phát triển bền vững: agribank tích cực mở rộng danh mục tín dụng xanh, đồng hành cùng các chương trình quốc gia về chuyển đổi năng lượng, nông nghiệp sạch và phát triển kinh tế nông thôn bền vững. chúng tôi xác định esg không chỉ là xu hướng toàn cầu mà là chiến lược tăng trưởng dài hạn của agribank. về trách nhiệm xã hội: với vai trò ngân hàng thương mại nhà nước chủ lực, agribank tiên phong triển khai các chương trình tín dụng ưu đãi quy mô lớn, hỗ trợ thiết thực cho doanh nghiệp, hộ gia đình và cộng đồng, đặc biệt tại các vùng khó khăn. đồng thời, tiếp tục phát huy truyền thống “ngân hàng vì cộng đồng” trong các hoạt động an sinh xã hội. bước vào năm 2026, năm đầu tiên thực hiện nghị quyết đại hội đại biểu đảng bộ agribank lần thứ xi và triển khai nghị quyết số 79-nq/tw của bộ chính trị về phát triển kinh tế nhà nước, đây là động lực mạnh mẽ để agribank tái định hình. chúng tôi xác định 05 trụ cột chiến lược cho giai đoạn 2026–2030: chuyển đổi số và dữ liệu là động lực cốt lõi - năm 2026, agribank đặt chuyển đổi số ở vị trí tiên quyết trong toàn bộ hoạt động. không chỉ là đầu tư công nghệ, đây là cuộc chuyển đổi toàn diện về tư duy quản trị, cách phục vụ khách hàng và mô hình vận hành nhằm hướng tới xây dựng agribank thành thương hiệu ngân hàng hiện đại. củng cố năng lực tài chính và mở rộng không gian tăng trưởng - agribank đẩy mạnh triển khai phương án tăng vốn và khẩn trương xây dựng đề án chiến lược phát triển đến năm 2035. đây là những bước đi có tính toán chiến lược, nhằm củng cố nền tảng tài chính, nâng cao năng lực cạnh tranh và mở ra không gian tăng trưởng dài hạn xứng tầm với vị thế và sứ mệnh của agribank. tăng trưởng bền vững - agribank không tăng trưởng bằng mọi giá, mà tăng trưởng có chọn lọc, hướng vào các lĩnh vực ưu tiên như nông nghiệp công nghệ cao, chuỗi giá trị xuất khẩu, kinh tế xanh và các động lực tăng trưởng mới của nền kinh tế; thúc đẩy bảo hiểm trong lĩnh vực nông nghiệp nhằm giảm thiểu rủi ro cho nông dân trước biến đổi khí hậu và biến động thị trường. phát triển hệ sinh thái tài chính toàn diện và nâng tầm thương hiệu - agribank hướng tới mô hình hệ sinh thái tích hợp ngân hàng - bảo hiểm - chứng khoán, tạo ra giá trị gia tăng toàn diện cho khách hàng. cùng với đó, agribank ưu tiên gia tăng khách hàng trẻ, đẩy mạnh marketing số và xây dựng chiến lược thương hiệu đến năm 2030 — để agribank không chỉ là ngân hàng lớn nhất về mạng lưới, mà còn là thương hiệu được yêu thích nhất. nâng tầm quản trị và kiến tạo văn hóa agribank - agribank cam kết nâng cấp toàn diện chuẩn mực quản trị hiện đại theo thông lệ quốc tế tiên tiến, từ quản lý rủi ro, minh bạch thông tin đến phát triển con người. song hành với đó là xây dựng và lan tỏa văn hóa phụng sự khách hàng, phụng sự tổ chức, văn hóa tuân thủ và rủi ro, văn hóa chính trực…như giá trị cốt lõi, như “xương sống” của mọi hoạt động agribank. agribank xác định rõ triết lý phát triển xuyên suốt: tăng trưởng phải gắn với an toàn; quy mô phải đi cùng chất lượng; hiệu quả tài chính phải song hành với trách nhiệm xã hội. mỗi sản phẩm, mỗi dịch vụ, mỗi cải tiến trong tương",BCTN 2025 (cache),4,,2026-10-05
Agribank,S1,,,"g. mạng lưới trong nước agribank tiếp tục là ngân hàng có mạng lưới rộng lớn nhất, hiện diện tại tất cả các tỉnh, thành phố, đặc biệt tại các vùng sâu, vùng xa, biên giới, hải đảo, giúp cho bà con nông dân có thể tiếp cận dịch vụ tài chính, thực hiện hiệu quả chiến lược phát triển tài chính toàn diện của chính phủ. agribank sở hữu hệ thống bán lẻ lớn nhất cả nước, phủ khắp 34/34 tỉnh, thành phố trực thuộc trung ương với: 2.277 atm (automatic teller machine) và 1.036 cdm (cash deposit machine). 34/34 tỉnh, thành phố trực thuộc trung ương trụ sở chính số 2 láng hạ, phường giảng võ, thành phố hà nội, việt nam. 936 chi nhánh (gồm 159 chi nhánh loại i, 777 chi nhánh loại ii). 1.278 phòng giao dịch. 03 văn phòng đại diện khu vực: văn phòng đại diện khu vực miền trung; văn phòng đại diện khu vực miền nam; văn phòn",BCTN 2025 (cache),15,,2026-10-05
Agribank,S1,,,"34 35 agribank báo cáo thường niên 2025 chương 3 tổng quan agribank 2025 6.1. agribank plus - trải nghiệm tài chính hiện đại trong tầm tay chuyển đổi số đang trở thành động lực quan trọng trong chiến lược phát triển ngân hàng bán lẻ của agribank. trên nền tảng đó, ứng dụng ngân hàng số agribank plus tiếp tục được nâng cấp toàn diện, mang đến trải nghiệm tài chính hiện đại, thuận tiện và an toàn cho khách hàng cá nhân, cho phép khách hàng thực hiện hầu hết các giao dịch tài chính chỉ với vài thao tác đơn giản trên thiết bị di động. năm 2025, agribank tiếp tục bổ sung nhiều tiện ích mới như cho vay trực tuyến có bảo đảm bằng số dư tiền gửi, bán ngoại tệ trực tuyến, thông báo biến động số dư bằng âm thanh, cùng các giải pháp tăng cường bảo mật và cảnh báo giao dịch gian lận. song song với việc phát triển nền tảng ngân hàng số, agribank tích cực mở rộng hợp tác với các đối tác fintech và ví điện tử nhằm xây dựng hệ sinh thái thanh toán đa dạng, mang đến trải nghiệm giao dịch liền mạch cho khách hàng. nhờ những cải tiến liên tục, quy mô khách hàng sử dụng ngân hàng số của agribank tiếp tục tăng trưởng mạnh mẽ. đến 31/12/2025, hơn 19,1 triệu khách hàng cá nhân đăng ký sử dụng dịch vụ mobile banking, trong đó gần 14,4 triệu khách hàng sử dụng ứng dụng agribank plus, tăng hơn 1,8 triệu khách hàng so với năm 2024. tổng số giao dịch qua mobile banking trong năm đạt hơn 1,6 tỷ giao dịch, với doanh số giao dịch hơn 8,2 triệu tỷ đồng, khẳng định xu hướng chuyển dịch mạnh mẽ sang giao dịch trên nền tảng số. 6.2. phát triển tín dụng chuyên biệt và thúc đẩy tài chính toàn diện trong năm 2025, agribank tiếp tục định hướng phát triển tín dụng khách hàng cá nhân theo hướng chuyên biệt hóa và nâng cao khả năng tiếp cận dịch vụ tài chính cho từng nhóm khách hàng. danh mục sản phẩm được rà soát, hoàn thiện theo hướng linh hoạt, phù hợp với đặc điểm thu nhập, nhu cầu và điều kiện vay vốn của từng phân khúc, qua đó góp phần đáp ứng hiệu quả các nhu cầu tài chính thiết yếu của người dân. trong năm, agribank đã ban hành các sản phẩm chuyên biệt nhằm kích cầu tiêu dùng thực chất như: cho vay mua nhà ở đối với khách hàng trẻ tuổi, cho vay mua nhà an cư vững bền, và cho vay mua ô tô phục vụ nhu cầu đời sống,… cơ cấu tín dụng được phân bổ đồng đều và an toàn vào 3 lĩnh vực trụ cột: tiêu dùng (28,2%), bán buôn bán lẻ (27,2%) và nông nghiệp (27,1%). đặc biệt, agribank tiếp tục phát huy thế mạnh trong các sản phẩm tín dụng đặc thù dành cho khu vực nông nghiệp, nông thôn như: cho vay theo hạn mức quy mô nhỏ, cho vay lưu vụ, cho vay tiêu dùng hạn chế tín dụng đen, cho vay qua tổ vay vốn… agribank cũng phối hợp với các cấp hội nông dân việt nam, hội liên hiệp phụ nữ việt nam, ký kết thỏa thuận liên ngành về thực hiện chính sách tín dụng phục vụ phát triển nông nghiệp, nông thôn, qua đó góp phần mở rộng khả năng tiếp cận vốn chính thức cho người dân, đồng thời hỗ trợ phát triển kinh tế hộ gia đình và kinh tế địa phương. trong năm 2025, agribank triển khai 18 chương trình cho vay ưu đãi dành cho khách hàng cá nhân với tổng quy mô 280.400 tỷ đồng, tập trung hỗ trợ sản xuất kinh doanh, tiêu dùng và các lĩnh vực ưu tiên theo chủ trương của chính phủ. đến ngày 31/12/2025, dư nợ cho vay khách hàng cá nhân đạt 1,48 triệu tỷ đồng, tăng 16,2% so với đầu năm, chiếm 74,9% tổng dư nợ cho vay nền kinh tế của agribank. chất lượng tín dụng tiếp tục được kiểm soát tốt với tỷ lệ nợ xấu khách hàng cá nhân ở mức 0,67%. 6.3. tín dụng xanh - tiên phong lối sống bền vững hưởng ứng chiến lược quốc gia về tăng trưởng xanh và định hướng phát triển bền vững của ngành ngân hàng, agribank từng bước lồng ghép các tiêu chí môi trường - xã hội vào hoạt động tín dụng bán lẻ, qua đó khuyến khích khách hàng cá nhân tiếp cận các giải pháp tài chính thân thiện với môi trường. nguồn vốn tín dụng của agribank được ưu tiên cho các mô hình sản xuất nông nghiệp sạch, nông nghiệp công nghệ cao, kinh tế tuần hoàn trong nông nghiệp và các hoạt động kinh doanh hướng tới sử dụng hiệu quả tài nguyên và giảm phát thải. trong năm 2025, agribank triển khai chương trình cho vay ưu đãi “khởi hành xanh - đồng hành cùng bạn” dành cho khách hàng cá nhân mua xe điện với quy mô 2.000 tỷ đồng, hỗ trợ khách hàng vay vốn mua ô tô điện và xe máy điện với lãi suất ưu đãi và tỷ lệ tài trợ cao. bên cạnh đó, agribank dành 10.000 tỷ đồng triển khai chương trình tín dụng ưu đãi dành cho khách hàng cá nhân thực hiện phương án, dự án sản xuất, kinh doanh sản phẩm, dịch vụ thuộc lĩnh vực xanh với lãi suất chỉ từ 3,5%. thông qua 6. hoạt động ngân hàng bán lẻ trong bối cảnh nhu cầu tài chính cá nhân ngày càng đa dạng và xu hướng số hóa diễn ra mạnh mẽ, agribank tiếp tục khẳng định vai trò là một trong những ngân hàng bán lẻ có quy mô và tầm ảnh hưởng lớn nhất tại việt nam. với mạng lưới rộng khắp cả nước cùng tệp khách hàng đông đảo, agribank không ngừng đổi mới và hoàn thiện hệ sinh thái sản phẩm dịch vụ nhằm mang đến các giải pháp tài chính toàn diện, thuận tiện và phù hợp với mọi phân khúc khách hàng. năm 2025, agribank tập trung phát triển mạnh mẽ hoạt động ngân hàng bán lẻ theo phương châm lấy khách hàng làm trung tâm, đẩy mạnh ứng dụng công nghệ và chuyển đổi số, đồng thời tiếp tục phát huy thế mạnh trong lĩnh vực tài chính nông nghiệp, nông thôn. sự chuyển dịch mạnh mẽ từ các sản phẩm truyền thống sang các giải pháp tài chính số hóa, kết hợp với các gói tín dụng chuyên biệt, đã mang lại kết quả tăng trưởng vượt bậc về quy mô khách hàng và hiệu quả kinh doanh. an toàn - bảo mật đáp ứng đa dạng nhu cầu tài chính thanh toán linh hoạt nội địa và quốc tế chất liệu thân thiện với môi trườn",BCTN 2025 (cache),18,,2026-10-05
Agribank,S1,,,"ợp công nghệ private cloud appliance và container, giúp nâng cao khả năng tự động hóa cấp phát tài nguyên, tăng cường năng lực xử lý và linh hoạt trong triển khai các ứng dụng mới. 7. hoạt động ngân hàng số chuyển đổi số tiếp tục là một trong những định hướng chiến lược quan trọng của agribank nhằm nâng cao năng lực quản trị, tối ưu hóa quy trình vận hành và mang đến các trải nghiệm dịch vụ hiện đại cho khách hàng. trong bối cảnh ngành ngân hàng đang chuyển dịch mạnh mẽ sang mô hình ngân hàng số, agribank tập trung đầu tư vào hạ tầng công nghệ, phát triển các nền tảng số và tăng cường ứng dụng các công nghệ mới nhằm xây dựng hệ sinh thái ngân hàng hiện đại, an toàn và hiệu quả. - nâng cao năng lực dự phòng và khôi phục thảm họa: hệ thống trung tâm dữ liệu được đầu tư nhằm tăng cường khả năng dự phòng, chịu lỗi và khôi phục sau thảm họa, đảm bảo hoạt động kinh doanh liên tục và ổn định của agribank trong mọi tình huống. - vận hành an toàn và bền vững, bảo vệ hệ thống và dữ liệu trong môi trường số: cùng với việc phát triển hạ tầng công nghệ và các nền tảng số, agribank đặc biệt chú trọng công tác vận hành hệ thống và đảm bảo an toàn thông tin. trong năm 2025, toàn bộ hệ thống công nghệ thông tin của agribank được vận hành ổn định 24/7, hoạt động thông suốt và hiệu quả, không xảy ra sự cố lớn ảnh hưởng đến hoạt động kinh doanh. các hệ thống công nghệ lõi tiếp tục được nâng cấp và phát triển, trong đó hệ thống ipcas được bổ sung nhiều api quan trọng phục vụ kết nối với các nền tảng số và hệ thống tích hợp dịch vụ. khối lượng giao dịch trên hệ thống tiếp tục tăng mạnh, với bình quân khoảng 43 triệu giao dịch mỗi ngày, cao điểm đạt 59 triệu giao dịch/ngày. hệ thống thanh toán và ngân hàng điện tử cũng được nâng cấp nhằm tăng cường bảo mật và",BCTN 2025 (cache),20,,2026-10-05
Agribank,S1,,,"p tục đẩy mạnh phát triển các sản phẩm dịch vụ ngân hàng hiện đại, mở rộng hệ sinh thái thanh toán và nâng cao trải nghiệm khách hàng. năm 2025, thu dịch vụ đạt 9.170 tỷ đồng, tăng 6,6% so với năm 2024 và vượt kế hoạch đề ra. kết quả này phản ánh hiệu quả của chiến lược phát triển dịch vụ ngân hàng số, thanh toán không dùng tiền mặt và đa dạng hóa các sản phẩm tài chính dành cho khách hàng cá nhân, doanh nghiệp và tổ chức tín dụng. - hiệu quả hoạt động tăng trưởng mạnh mẽ, tạo nguồn lực cho giai đoạn phát triển mới: nhờ duy trì tăng trưởng ổn định và nâng cao hiệu quả quản trị điều hành, agribank tiếp tục ghi nhận những kết quả tích cực về hiệu quả hoạt động. lợi nhuận trước thuế năm 2025 đạt 31.170 tỷ đồng, tăng 13% so với năm 2024 và vượt kế hoạch đề ra. kết quả này không chỉ củng cố năng lực tài chính của agribank mà còn tạo nguồn lực quan trọng để ngân hàng tiếp tục đầu tư cho chuyển đổi số, hiện đại hóa hoạt động và nâng cao năng lực cạnh tranh trong giai đoạn tới. 2.2. hoạt động đầu tư duy trì hiệu quả, an toàn và bền vững agribank hiện nay có 5 công ty con gồm: hoạt động đầu tư góp vốn vào công ty con duy trì hiệu quả ổn định qua các năm. các",BCTN 2025 (cache),37,,2026-10-05
Agribank,S1,,,"74 75 agribank báo cáo thường niên 2025 chương 4 báo cáo của ban điều hành 2.3. mở rộng hợp tác quốc tế và tăng cường kết nối toàn cầu trong chiến lược phát triển và hội nhập, agribank luôn xác định hợp tác quốc tế là một trong những động lực quan trọng nhằm nâng cao năng lực cạnh tranh, mở rộng nguồn lực phát triển và thúc đẩy chuyển đổi mô hình kinh doanh theo hướng hiện đại, bền vững. năm 2025, agribank tiếp tục đẩy mạnh các hoạt động hợp tác quốc tế trên nhiều phương diện, từ tăng cường kết nối với các tổ chức tài chính toàn cầu, khai thác nguồn vốn và hỗ trợ kỹ thuật, đến nâng cao vị thế và thương hiệu trên thị trường quốc tế. các hoạt động hợp tác đã góp phần quan trọng hỗ trợ hoạt động kinh doanh, thúc đẩy phát triển tài chính xanh và khẳng định vai trò của agribank trong tiến trình hội nhập tài chính quốc tế. 2.3.1. tăng cường hiện diện và vị thế trên các diễn đàn tài chính quốc tế trong năm 2025, agribank tích cực tham gia các diễn đàn, hội nghị và chương trình hợp tác quốc tế nhằm tăng cường kết nối với cộng đồng tài chính toàn cầu. agribank đã đón tiếp hơn 120 đoàn quốc tế gồm các tổ chức tài chính, hiệp hội, đại sứ quán và ngân hàng đối tác đến làm việc và trao đổi cơ hội hợp tác, đồng thời tổ chức hơn 20 đoàn công tác tham dự các hội nghị, diễn đàn tài chính quốc tế tại nhiều quốc gia. một số sự kiện tiêu biểu có thể kể đến như hội nghị sibos 2025 tại đức, các hội nghị xúc tiến đầu tư do bộ tài chính tổ chức tại anh, ý, đức và hàn quốc, cùng nhiều chương trình làm việc với các ngân hàng đối tác chiến lược tại khu vực châu á. bên cạnh đó, agribank đã triển khai ký kết 05 thỏa thuận hợp tác quốc tế trọng điểm nhằm tìm kiếm, mở rộng cơ hội hợp tác trong lĩnh vực tài chính ngân hàng, đón đầu các xu thế thương mại trên thế giới, đặc biệt tập trung khai thác ở các lĩnh vực chuyển đổi số, chuyển đổi xanh phù hợp định hướng của nhà nước và chính phủ, giúp hỗ trợ tích cực hoạt động kinh doanh của agribank. thông qua các hoạt động này, agribank không chỉ mở rộng quan hệ hợp tác với các định chế tài chính quốc tế mà khẳng định chiến lược hội nhập quốc tế sâu rộng của agribank. 2.3.2. khai thác hiệu quả nguồn lực quốc tế cho phát triển bền vững trong năm 2025, agribank tiếp tục quản lý và khai thác hiệu quả các nguồn vốn từ các dự án quốc tế nhằm hỗ trợ phát triển khu vực nông nghiệp và nông thôn. tính đến 31/12/2025, agribank đã tiếp nhận lũy kế 40 dự án oda vay lại chính phủ, trong đó 12 dự án đang hoạt động với tổng hạn mức hơn 5.000 tỷ đồng, trong đó tổng nguồn vốn dự án đạt gần 1.420 tỷ đồng và dư nợ cho vay từ nguồn vốn dự án đạt gần 1.580 tỷ đồng, với tỷ lệ nợ xấu duy trì ở mức thấp, dưới 0,4%. bên cạnh đó, agribank chủ động tiếp cận và triển khai nhiều chương trình hợp tác quốc tế mới trong lĩnh vực tài chính xanh và phát triển bền vững, tiêu biểu như dự án hợp tác với cơ quan phát triển pháp (afd), chương trình hỗ trợ xây dựng khung tài chính xanh với ngân hàng thế giới (wb), dự án thúc đẩy nông nghiệp thích ứng biến đổi khí hậu do cơ quan hợp tác phát triển luxembourg (luxdev) tài trợ, cùng các chương trình hợp tác với ngân hàng phát triển châu á (adb), tổ chức lương thực và nông nghiệp liên hợp quốc (fao) và quỹ khí hậu xanh (gcf). những chương trình này góp phần quan trọng hỗ trợ agribank xây dựng khung tài chính xanh, phát triển các sản phẩm tài chính bền vững và nâng cao năng lực quản trị rủi ro môi trường - xã hội. agribank cũng nhận được sự đánh giá cao của bộ ngành, nhà tài trợ quốc tế trong việc quản lý, giải ngân các dự án ngân hàng phục vụ. agribank hiện đang thực hiện vai trò ngân hàng phục vụ cho 25 dự án với tổng giá trị tương đương 1,22 tỷ usd. đến ngày 31/12/2025, agribank đã tiếp nhận và triển khai lũy kế 188 dự án ngân hàng phục vụ với tổng số vốn tương đương 9,8 tỷ usd. 2.3.3. củng cố uy tín quốc tế và nâng cao giá trị thương hiệu năm 2025 tiếp tục ghi nhận nhiều dấu ấn quan trọng trong việc nâng cao uy tín và vị thế quốc tế của agribank. đặc biệt, agribank lần đầu tiên được hiệp hội ngân hàng tiế",BCTN 2025 (cache),38,,2026-10-05
Agribank,S1,,,"y số, nâng cao năng lực ứng dụng công nghệ vào thực tiễn, góp phần xây dựng nền tảng nhân lực số cho phát triển bền vững. bên cạnh đó, agribank tổ chức các chương trình đào tạo về esg, tài chính xanh và phát triển bền vững, góp phần nâng cao năng lực thực thi chiến lược tăng trưởng xanh, quản trị rủi ro môi trường - xã hội và đáp ứng yêu cầu hội nhập quốc tế của ngân hàng. đồng thời, ngân hàng tích cực tham gia với vai trò diễn giả, trình bày tham luận và chia sẻ kinh nghiệm tại nhiều hội thảo, diễn đàn uy tín trong nước và quốc tế về quản lý rủi ro esg, trái phiếu xanh, tài chính nông nghiệp bền vững... thông qua đó, agribank không chỉ cập nhật tri thức, kinh nghiệm quốc tế mà còn khẳng định vai trò tiên phong, quảng bá hình ảnh và thương hiệu ngân hàng trong lĩnh vực tài chính xanh và phát triển bền vững. c) đa dạng hóa hình thức đào tạo và ứng dụng hệ thống đào tạo trực tuyến e-learning agribank tiếp tục đổi mới toàn diện công tác đào tạo theo hướng hiện đại, linh hoạt, đáp ứng yêu cầu chuyển đổi số và phát triển bền vững. hệ thống e-learning được nâng cấp với thư viện điện tử đa dạng, hỗ trợ học tập mọi lúc, mọi nơi. việc triển khai hình thức đào tạo trực tiếp, kết hợp và trực tuyến, góp phần mở rộng quy mô, tối ưu nguồn lực và tiết giảm chi phí. quy trình đào tạo được số hóa đồng bộ từ tổ chức lớp học đến cấp chứng nhận, nâng cao tính chuyên nghiệp, minh bạch và trải nghiệm học tập cho người lao động. công tác kiểm tra, thi nghiệp vụ được tổ chức nghiêm túc với 11 đợt thi trong năm, thu hút 116.238 lượt thí sinh, tăng 55% so với năm 2024, góp phần chuẩn hóa và nâng cao chất lượng đội ngũ. đặc biệt, hội thi “agribanker làm chủ công nghệ trong kỷ nguyên số” có tỷ lệ tham gia đạt 88,52%, tạo sức lan tỏa mạnh mẽ trong toàn hệ thống. d) xây dựng hệ thống văn bản đồng bộ nhằm đổi mới hoạt động đào tạo trong năm 2025, agribank tập trung xây dựng và ban hành đồng bộ hệ thống văn bản quản lý về đào tạo, tạo nền tảng pháp lý thống nhất, khả thi và dài hạn cho công tác phát triển nguồn nhân lực toàn hệ thống. các văn bản được xây dựng gắn với chuyển đổi số, tăng trưởng xanh và chiến lược phát triển kinh doanh của ngân hàng. đề án chiến lược đào tạo nguồn nhân lực đến năm 2030 giữ vai trò định hướng tổng thể, xác lập mục tiêu và lộ trình phát triển năng lực cán bộ trong dài hạn, đồng thời làm cơ sở thống nhất triển khai hoạt động đào tạo. quy định khung chương trình đào tạo cụ thể hóa chiến lược, chuẩn hóa nội dung theo vị trí việc làm, chức danh và tăng cường gắn kết giữa đào tạo với yêu cầu thực tiễn. việc hoàn thiện khuôn khổ chính sách và hướng dẫn đào tạo đã góp phần chuẩn hóa nội dung, phương thức tổ chức, nâng cao hiệu quả quản lý và đánh giá chất lượng đào tạo, tạo nền tảng xây dựng đội ngũ cán bộ có năng lực chuyên môn, kỹ năng số và tư duy đổi mới, đáp ứng yêu cầu phát triển bền vững trong giai đoạn tới. đ) mở rộng hợp tác quốc tế trong đào tạo và nâng cao năng lực hoạt động đào tạo của agribank không chỉ gói gọn trong nội bộ mà còn lan tỏa sức ảnh hưởng ra bên ngoài. trong năm 2025, ",BCTN 2025 (cache),40,,2026-10-05
Agribank,S1,,,"hát triển nguồn nhân lực trong giai đoạn chuyển đổi số và tăng trưởng bền vững. nhóm chương trình phát triển lãnh đạo và quản lý được thiết kế theo lộ trình kế thừa, từ cán bộ quy hoạch đến lãnh đạo cấp cao, tập trung vào năng lực quản trị hiện đại, điều hành chiến lược và lãnh đạo trong môi trường số. song song, các chương trình về kỹ năng số và công nghệ được đẩy mạnh, trọng tâm là phổ cập chuyển đổi số, ứng dụng ai trong nghiệp vụ và thúc đẩy tư duy linh hoạt (agile), qua đó tạo nền tảng nâng cao hiệu suất và năng lực đổi mới sáng tạo trong toàn hệ thống. đối với nghiệp vụ chuyên môn, agribank chú trọng cập nhật kiến thức tín dụng, quản lý rủi ro, kế toán – tài chính, ifrs, tài chính xanh và esg nhằm đáp ứng các chuẩn mực mới và yêu cầu hội nhập. bên cạnh đó, các chương trình kỹ năng mềm, văn hóa doanh nghiệp và đào tạo trực tuyến tự chọn góp phần hoàn thiện năng lực cá nhân và nâng cao chất lượng phục vụ khách hàng. - xây dựng hệ thống học tập liên tục và chủ động agribank duy trì mô hình học tập liên tục thông qua cơ chế tự đào tạo tại đơn vị, với kế hoạch triển khai định kỳ, gắn kết quả đào tạo với công tác đánh giá, xếp loại thi đua. các đơn vị chủ động tổ chức tập huấn, cập nhật văn bản, chia sẻ kinh nghiệm nghiệp vụ và đánh giá hiệu quả đào tạo theo chuyên đề. hệ thống e-learning được phát triển theo hướng hiện đại, trở thành nền tảng trọng tâm, phục vụ quy mô lớn người học và đa dạng chương trình, hình thức đào tạo, thi, kiểm tra. nội dung đào tạo được số hóa trên với hàng trăm bài giảng điện tử, tài liệu nghiệp vụ trên trung tâm tri thức số, tích hợp trên nền tảng trực tuyến và di động, đáp ứng nhu cầu học tập linh hoạt mọi lúc, mọi nơi. - xây dựng lộ trình phát triển nghề nghiệp agribank duy trì kiểm tra, thi nghiệp vụ định kỳ, sử dụng kết quả đánh giá làm cơ sở cho công tác quản lý, quy hoạch và đào tạo cán bộ. ngân hàng tiếp tục hoàn thiện ngân hàng câu hỏi theo hướng tăng cường tình huống thực tiễn, phân cấp độ từ cơ bản đến chuyên sâu và thường xuyên cập nhật văn bản định chế nhằm bảo đảm tính sát thực và hiệu quả. song song đó, agribank thúc đẩy văn hóa học tập suốt đời, khuyến khích người lao động chủ động tự học, tự nghiên cứu và cập nhật kiến thức; đổi mới phương pháp đào tạo theo mô hình 70:20:10, tăng cường học qua thực tiễn và chia sẻ nội bộ. 2.5.3. chính sách liên quan đến người lao động tiêu chí tổng số lao động bình quân tỷ trọng lao động có trình độ đại học trở lên thu nhập bình quân/ người/ tháng năm 2024 41.802 94,9% 33,42 triệu đồng 2025 41.575 95% 36,50 triệu đồng",BCTN 2025 (cache),43,,2026-10-05
Agribank,S2,,,"khách hàng, quý đối tác, năm 2025 khép lại với những dấu ấn đặc biệt không chỉ đối với agribank mà còn đối với toàn ngành ngân hàng việt nam. trong bối cảnh kinh tế toàn cầu tiếp tục chịu tác động của bất ổn địa chính trị, biến động chuỗi cung ứng và dòng vốn đầu tư, thương mại, nền kinh tế việt nam đã chứng tỏ khả năng phục hồi và đạt mức tăng trưởng gdp thuộc nhóm cao nhất khu vực. đây vừa là nền tảng, vừa là áp lực thúc đẩy các ngân hàng thương mại nhà nước phát huy đúng vai trò vừa là trụ cột ổn định, vừa là động lực tăng trưởng của nền kinh tế. đối với agribank, năm 2025 có ý nghĩa đặc biệt hơn bao giờ hết: đây là năm chúng tôi hoàn thành toàn diện, vượt mức các mục tiêu tại phương án cơ cấu lại gắn với xử lý nợ xấu giai đoạn 2021–2025, đồng thời đặt những viên gạch đầu tiên cho giai đoạn phát triển mới 2026– 2030. kết quả đạt được không chỉ là những con số tăng trưởng ấn tượng, mà quan trọng hơn là sự thay đổi về chất từ năng lực quản trị điều hành, nền tảng tài chính, văn hóa tổ chức đến niềm tin từ hàng triệu khách hàng, đối tác trên khắp mọi vùng miền đất nước. nhìn lại hành trình 5 năm qua, agribank đã tạo dựng được những kết quả mà hệ thống agribank có thể tự hào: thông điệp của ban lãnh đạo agribank tm. ban điều hành tổng giám đốc phạm toàn vượng tm. hội đồng thành viên chủ tịch tô huy vũ những con số trên là thành quả của hơn bốn năm kiên trì thực hiện công tác cơ cấu lại gắn với xử lý nợ xấu, của gần 42.000 cán bộ, người lao động agribank làm việc tận tụy, nỗ lực từ đô thị đến nông thôn, từ đồng bằng đến vùng sâu, vùng xa và hải đảo. trong năm 2025, agribank tiếp tục khẳng định vai trò ngân hàng chủ lực phục vụ “tam nông”. agribank không chỉ là người cấp vốn, mà là người đồng hành thiết thực nhất với hàng triệu hộ gia đình nông thôn, góp phần tích cực vào mục tiêu phát triển nông nghiệp bền vững và hiện đại hóa nông thôn việt nam. bên cạnh tăng trưởng về quy mô và hiệu quả tài chính, agribank đã tạo ra những chuyển biến thực chất mang tính nền tảng: về nâng tầm quản trị rủi ro và chất lượng tài sản: agribank đã hoàn thành mục tiêu đưa tỷ lệ nợ xấu ở mức cao năm 2021 xuống mức thấp nhất lịch sử là 1,17%. đây là minh chứng rõ nét cho sự chuyển biến căn bản trong văn hóa tín dụng và kỷ luật quản trị rủi ro, tạo nền tảng vững chắc để agribank tăng trưởng an toàn và bền vững trong giai đoạn tới. về chuyển đổi số: agribank đẩy mạnh triển khai các nền tảng công nghệ cốt lõi, gia tăng tỷ lệ giao dịch trên tổng tài sản — tăng hơn 20% tỷ lệ nợ xấu — mức thấp nhất từ trước đến nay dư nợ cho vay nền kinh tế thu nợ đã xử lý rủi ro — hoàn thành 145% kế hoạch lợi nhuận trước thuế - cao nhất từ trước đến nay tỷ trọng tín dụng “tam nông” ~2,7 1,17% >1,97 17.397 >64% triệu tỷ đồng triệu tỷ đồng tỷ đồng 31.170 tỷ đồng kênh số và đặt nền móng cho hệ sinh thái ngân hàng số hiện đại. sự hình thành trung tâm quản lý dữ liệu đánh dấu bước chuyển từ vận hành truyền thống sang quản trị dựa trên dữ liệu. đây là điều kiện tiên quyết để agribank cạnh tranh hiệu quả trong kỷ nguyên số. về phát triển con người và văn hóa tổ chức: agribank coi con người là tài sản chiến lược, không chỉ là nguồn lực. năm 2025, chúng tôi đổi mới công tác đào tạo, tuyển dụng và luân chuyển cán bộ theo hướng minh bạch, gắn với năng lực và kết quả thực tế; đồng thời, từng bước xây dựng đội ngũ vững chuyên môn, thành thạo công nghệ và thấm nhuần văn hóa phụng sự khách hàng, phụng sự tổ chức. về ngân hàng xanh và phát triển bền vững: agribank tích cực mở rộng danh mục tín dụng xanh, đồng hành cùng các chương trình quốc gia về chuyển đổi năng lượng, nông nghiệp sạch và phát triển kinh tế nông thôn bền vững. chúng tôi xác định esg không chỉ là xu hướng toàn cầu mà là chiến lược tăng trưởng dài hạn của agribank. về trách nhiệm xã hội: với vai trò ngân hàng thương mại nhà nước chủ lực, agribank tiên phong triển khai các chương trình tín dụng ưu đãi quy mô lớn, hỗ trợ thiết thực cho doanh nghiệp, hộ gia đình và cộng đồng, đặc biệt tại các vùng khó khăn. đồng thời, tiếp tục phát huy truyền thống “ngân hàng vì cộng đồng” trong các hoạt động an sinh xã hội. bước vào năm 2026, năm đầu tiên thực hiện nghị quyết đại hội đại biểu đảng bộ agribank lần thứ xi và triển khai nghị quyết số 79-nq/tw của bộ chính trị về phát triển kinh tế nhà nước, đây là động lực mạnh mẽ để agribank tái định hình. chúng tôi xác định 05 trụ cột chiến lược cho giai đoạn 2026–2030: chuyển đổi số và dữ liệu là động lực cốt lõi - năm 2026, agribank đặt chuyển đổi số ở vị trí tiên quyết trong toàn bộ hoạt động. không chỉ là đầu tư công nghệ, đây là cuộc chuyển đổi toàn diện về tư duy quản trị, cách phục vụ khách hàng và mô hình vận hành nhằm hướng tới xây dựng agribank thành thương hiệu ngân hàng hiện đại. củng cố năng lực tài chính và mở rộng không gian tăng trưởng - agribank đẩy mạnh triển khai phương án tăng vốn và khẩn trương xây dựng đề án chiến lược phát triển đến năm 2035. đây là những bước đi có tính toán chiến lược, nhằm củng cố nền tảng tài chính, nâng cao năng lực cạnh tranh và mở ra không gian tăng trưởng dài hạn xứng tầm với vị thế và sứ mệnh của agribank. tăng trưởng bền vững - agribank không tăng trưởng bằng mọi giá, mà tăng trưởng có chọn lọc, hướng vào các lĩnh vực ưu tiên như nông nghiệp công nghệ cao, chuỗi giá trị xuất khẩu, kinh tế xanh và các động lực tăng trưởng mới của nền kinh tế; thúc đẩy bảo hiểm trong lĩnh vực nông nghiệp nhằm giảm thiểu rủi ro cho nông dân trước biến đổi khí hậu và biến động thị trường. phát triển hệ sinh thái tài chính toàn",BCTN 2025 (cache),4,,2026-10-05
Agribank,S2,,,óa và quản lý quy trình phê duyệt tín dụng vượt thẩm quyền - cass ngân hàng tiêu biểu phát triển chuỗi giá trị gắn với an sinh xã hội - vietnam esg awards 2025 ngân hàng dẫn đầu về giao dịch chi tiêu thanh toán thẻ nội địa; ngân hàng dẫn đầu về hiệu quả trong đầu tư và phát triển mạng lưới chấp nhận thanh toán thẻ (bank with the best atm network); ngân hàng dẫn đầu về phát hành và phát triển thẻ napas; ngân hàng năng động nhất trong hợp tác triển khai dự án với napas dịch vụ khách hàng ưu tiên tiêu biểu; sản phẩm công nghệ và chuyển đổi số tiêu biểu; giải pháp tài chính cá nhân sáng tạo; doanh nghiệp vì sự phát triển dịch vụ tài chính. (báo tài chính - đầu tư; cộng đồng cố vấn tài chính việt nam giải thưởng môi trường giáo dục của năm và sáng tạo giáo dục của năm - sáng kiến gi,BCTN 2025 (cache),7,,2026-10-05
Agribank,S2,,,"của thống đốc ngân hàng nhà nước việt nam cho tập thể có thành tích xuất sắc trong tổ chức và tham gia triển lãm “80 năm thành tựu đất nước”. top 10 trong bảng xếp hạng 500 doanh nghiệp lớn nhất việt nam năm 2025 - bảng xếp hạng vnr500 top 20 doanh nghiệp nộp ngân sách lớn nhất việt nam năm 2025 top 10 ngân hàng thương mại việt nam uy tín năm 2025 - ceo summit 2025 top 10 thương hiệu kinh doanh xuất sắc - lễ vinh danh thương hiệu mạnh việt nam 2025 top 100 doanh nghiệp esg việt nam xanh 2025; top 10 doanh nghiệp esg ngành ngân hàng ngân hàng bán lẻ tiêu biểu; ngân hàng tiêu biểu về tín dụng xanh; ngân hàng vì cộng đồng; ngân hàng đồng hành cùng nông nghiệp công nghệ cao top 10 ngân hàng cho vay bất động sản minh bạch và bền vững nhất năm 2024 giải thưởng sao khuê 2025: + hệ thống quản lý xác thực và làm sạch thông tin khách hàng của agribank; hệ thống giám sát tập trung các hạ tầng trung tâm dữ liệu - lĩnh vực dữ liệu số; + hệ thống quản lý tài sản kho tiền - lĩnh vực quản trị tài sản; + giải pháp số hóa quy trình phê duyệt tín dụng vượt thẩm quyền - lĩnh vực số hóa dữ liệu, quy trình (bpo); + agribank plus - lĩnh vực tiện ích số; + hệ thống phần mềm định giá chuyển vốn nội bộ (ftp) - lĩnh vực quản trị đặc thù. giải thưởng chuyển đổi số việt nam: giải thưởng bộ giải pháp doanh nghiệp chuyển đổi số xuất sắc và danh hiệu doanh nghiệp, đơn vị sự nghiệp chuyển đổi số xuất sắc top công nghiệp 4.0 việt nam: top doanh nghiệp khoa học, công nghệ, đổi mới sáng tạo và chuyển đổi số tiêu biểu; top doanh nghiệp có sản phẩm, giải pháp công nghệ xuất sắc - giải pháp số hóa và quản lý quy trình phê duyệt tín dụng vượt thẩm quyền - cass ngân hàng tiêu biểu phát triển chuỗi giá trị gắn với an sinh xã hội - vietnam esg awards 2025 ngân hàng dẫn đầu về giao dịch chi tiêu thanh toán thẻ nội địa; ngân hàng dẫn đầu về hiệu quả trong đầu tư và phát triển mạng lưới chấp nhận thanh toán thẻ (bank with the best atm network); ngân hàng dẫn đầu về phát hành và phát triển thẻ napas; ngân hàng năng động nhất trong hợp tác triển khai dự án với napas dịch vụ khách hàng ưu tiên tiêu biểu; sản phẩm công nghệ và chuyển đổi số tiêu biểu; giải pháp tài chính cá nhân sáng tạo; doanh nghiệp vì sự phát triển dịch vụ tài chính. (báo tài chính - đầu tư; cộng đồng cố vấn tài chính việt nam giải thưởng môi trường giáo dục của năm và sáng tạo giáo dục của năm - sáng kiến gi",BCTN 2025 (cache),7,,2026-10-05
Agribank,S2,,,"24 25 agribank báo cáo thường niên 2025 chương 3 tổng quan agribank 2025 sứ mệnh: là ngân hàng thương mại nhà nước hàng đầu việt nam, giữ vai trò chủ lực trong đầu tư phát triển nông nghiệp, nông dân, nông thôn và góp phần phát triển kinh tế - xã hội ở việt nam. tầm nhìn: phát triển theo hướng ngân hàng hiện đại, “tăng trưởng - an toàn - hiệu quả - bền vững”, khẳng định vai trò chủ lực trong đầu tư tín dụng phát triển nông nghiệp, nông dân và nông thôn; đủ sức cạnh tranh và hội nhập kinh tế quốc tế. triết lý kinh doanh: mang phồn thịnh đến khách hàng. giá trị cốt lõi: agribank coi 5 giá trị cốt lõi “trung thực - kỷ cương - sáng tạo - chất lượng - hiệu quả” là kim chỉ nam trong phát triển bản sắc văn hóa, xây dựng chiến lược kinh doanh và phát triển nguồn nhân lực. hệ giá trị cốt lõi tạo nên sức mạnh nội sinh giúp agribank chinh phục các mục tiêu hoạt động và phát triển bền vững. 2. sứ mệnh - tầm nhìn - triết lý kinh doanh - giá trị cốt lõi hiệu quả: lấy hiệu quả làm mục tiêu, không ngừng nâng cao năng suất, chất lượng công việc. hiệu quả đem lại sự phát triển bền vững của agribank. trung thực: người lao động agribank thống nhất giữa suy nghĩ và hành động, dám nói, dám làm, dám chịu trách nhiệm. mọi suy nghĩ, hành động đều xuất phát từ sự chân thành, thật thà, nghiêm túc. trung thực là khởi nguồn của niềm tin của khách hàng, đối tác dành cho agribank. kỷ cương: nghiêm túc chấp hành đường lối, chủ trương của đảng, chính sách, pháp luật của nhà nước, nội quy, quy chế của agribank, góp phần xây dựng nhà nước pháp quyền xã hội chủ nghĩa ngay trong chính agribank. tuân thủ các nội quy, quy chế, quy định, quy trình nghiệp vụ, cơ chế quản lý từ trụ sở chính tới các chi nhánh, đảm bảo nguyên tắc tập trung, thống nhất, kỷ cương trong quản trị điều hành. tuân thủ các quy tắc đạo đức nghề nghiệp và các chuẩn mực đạo đức xã hội. kỷ cương là nền tảng tạo nên sự uy tín của thương hiệu agribank. sáng tạo: chủ động, không ngừng học hỏi nâng cao nhận thức về chuyên môn, nghiệp vụ và vận dụng sáng tạo kiến thức mới vào thực tiễn, hoàn thành tốt chức trách và nhiệm vụ được giao. nghiên cứu tìm tòi, phát huy sáng kiến cải tiến, ứng dụng khoa học - công nghệ tiên tiến, cải cách thủ tục hành chính nhằm đem lại lợi ích tối đa cho khách hàng, đối tác, cộng đồng và cho chính agribank. sáng tạo là nền tảng tạo nên sự đột phá thúc đẩy quá trình phát triển của agribank. chất lượng: luôn hoàn thiện, nâng cao chất lượng s",BCTN 2025 (cache),13,,2026-10-05
Agribank,S2,,," chuyển đổi lên mô hình doanh nghiệp (smes) và ban hành chính sách đặc thù cho các tổ chức đảng trên toàn quốc. - tín dụng chuyên biệt hóa theo ngành và chuỗi giá trị: agribank linh hoạt triển khai các hướng dẫn cấp tín dụng cho những lĩnh vực trọng điểm như: đầu tư hạ tầng và công nghệ số, chuỗi giá trị trong lĩnh vực kinh doanh ô tô, thi công xây lắp, đầu tư hạ tầng khu công nghiệp/ cụm công nghiệp và nông nghiệp quy mô lớn. đặc biệt, agribank đẩy mạnh triển khai sản phẩm bảo lãnh dự thầu điện tử kết nối mạng đấu thầu quốc gia (e-gp) và cho vay bù đắp tài chính dự án, giúp doanh nghiệp chủ động nguồn vốn dự phòng. - dẫn dắt dòng vốn tín dụng trọng điểm và tín dụng xanh: triển khai hàng loạt chương trình ưu đãi quy mô lớn hướng tới các động lực tăng trưởng của nền kinh tế: chương trình thúc đẩy doanh nghiệp fdi, doanh nghiệp xuất nhập khẩu, smes và các tập đoàn/tổng công ty lớn. song song đó, agribank tiếp tục mở rộng quy mô tài trợ cho các doanh nghiệp có dự án/phương án sản xuất kinh doanh thuộc lĩnh vực xanh, thân thiện với môi trường như năng lượng sạch, năng lượng tái tạo, lâm nghiệp bền vững, nông nghiệp sạch, công nghệ cao,… qua đó từng bước ""xanh hóa"" danh mục tín dụng. nổi bật nhất là việc thiết kế gói tín dụng chuyên biệt phục vụ đề án liên kết sản xuất, chế biến và tiêu thụ lúa gạo chất lượng cao, phát thải thấp vùng đồng bằng sông cửu long - khẳng định cam kết mạnh mẽ của agribank đồng hành góp phần hiện thực hóa mục tiêu net zero của quốc gia. đồng thời, với phương châm “không ai bị bỏ lại phía sau”, agribank kịp thời ban hành chính sách cơ cấu lại thời hạn trả nợ, hỗ trợ khách hàng doanh nghiệp bị thiệt hại do bão lũ, thể hiện vai trò điểm tựa tài chính vững chắc trong các giai đoạn rủi ro. 5.2. tiên phong thiết lập hệ sinh thái ngân hàng số dành cho khách hàng doanh nghiệp nhận thức rõ chuyển đổi số là động lực cạnh tranh cốt lõi, năm 2025, agribank đã tạo ra bước tiến lớn trong việc tích hợp dịch vụ ngân hàng vào quy trình quản trị, vận hành của doanh nghiệp: - số hóa toàn diện hành trình tín dụng: agribank đưa vào vận hành 6 module nghiệp vụ tín dụng cốt lõi trên nền tảng ebanking dành cho khách hàng tổ chức (bao gồm: đăng ký vay vốn, đề nghị giải ngân, ủy quyền thu nợ tự động, trả nợ khoản vay/hợp đồng và tra cứu giao dịch), hỗ trợ doanh nghiệp tiết giảm tối đa thời gian giao dịch hành chính, tăng tính minh bạch và hiệu quả quản lý khoản vay. - mở rộng nền tảng ngân hàng mở (open api): agribank đã ban hành văn bản hướng dẫn triển khai dịch vụ đăng ký openapi tại quầy giao dịch, qua đó tạo điều kiện thuận lợi cho các chi nhánh trong việc đăng ký và cung ứng các gói sản phẩm, dịch vụ tới khách hàng một cách nhanh chóng, hiệu quả. danh mục sản phẩm, dịch vụ tiêu biểu bao gồm: ví điện tử liên kết tài khoản, ghi nhanh tài khoản, ủy nhiệm thanh toán và thanh toán qua mã qr. đến thời điểm tháng 31/12/2025 hệ thống openapi của agribank đã được triển khai rộng rãi với sự tham gia của khoảng 15 trung gian thanh toán cùng hàng nghìn đối tác là các cơ sở giáo dục và y tế, góp phần mở rộng khả năng tích hợp, nâng cao trải nghiệm và gia tăng tiện ích cho khách hàng sử dụng dịch vụ của agribank. - cung cấp các dịch vụ erpconnect: agribank đẩy mạnh kết nối hệ thống erp của doanh nghiệp với hệ thống ngân hàng, cho phép tự động hóa toàn bộ quá trình trao đổi dữ liệu tài chính, bao gồm gửi báo nợ, báo có và cung cấp sổ phụ được ký số điện tử một cách nhanh chóng, chính xác và an toàn. việc triển khai giải pháp này góp phần nâng cao hiệu quả trao đổi dữ liệu giữa ngân hàng và doanh nghiệp, đồng thời hỗ trợ hoạt động quản lý tài chính được thuận tiện, minh bạch hơn. - nâng cấp và mở rộng mạng lưới thanh toán: agribank chủ động tăng cường kết nối và mở rộng cung ứng dịch vụ thanh toán tới đa dạng đối tác như: trường học, bệnh viện và các công ty fintech. đồng thời, ngân hàng triển khai đồng bộ các kênh giao dịch như quầy, ứng dụng di động, ebanking và thanh toán qua mã qr, qua đó nâng cao mức độ thuận tiện cho đối tác và khách hàng trong quá trình sử dụng dịch vụ. nhờ những nỗ lực trong việc phát triển hệ sinh thái thanh toán, agribank đã đạt được kết quả vượt bậc, tính đến giữa tháng 01/2026, agribank đã kết nối với hơn 1.600 đối tác, xử lý trên 90 triệu giao dịch, với tổng doanh số đạt gần 83.000 tỷ đồng. - hiện đại hóa nền tảng xử lý giao dịch quốc tế: agribank đã đầu tư mạnh mẽ vào hiện đại hóa hạ tầng công nghệ và tối ưu hóa hệ thống nhằm nâng cao năng lực xử lý giao dịch và chất lượng dịch vụ. năm 2025, agribank đã triển khai thành công chức năng chuyển tiền ngoại tệ qua swift của khách hàng tổ chức trên hệ thống agribank ebanking, đồng thời chuyển dịch thành công ",BCTN 2025 (cache),16,,2026-10-05
Agribank,S2,,,"ai đồng bộ các hệ thống quản lý văn bản và dữ liệu điện tử, agribank từng bước xây dựng môi trường làm việc số hiện đại, góp phần nâng cao hiệu quả vận hành, giảm thiểu thủ tục hành chính và thúc đẩy quá trình chuyển đổi số trong toàn hệ thống ngân hàng. 7.2. đầu tư hiện đại hóa hệ thống cơ sở hạ tầng công nghệ năm 2025 đánh dấu bước chuyển quan trọng trong phát triển hạ tầng công nghệ thông tin của agribank, từ việc tập trung bảo đảm hạ tầng vận hành ổn định sang xây dựng nền tảng hạ tầng công nghệ dùng chung hiện đại, sẵn sàng phục vụ các chương trình chuyển đổi số toàn hệ thống. agribank đã triển khai nhiều giải pháp trọng tâm, bao gồm: - chuẩn hóa kiến trúc hạ tầng ngân hàng thương mại: agribank xây dựng và áp dụng khung tham chiếu kiến trúc hạ tầng công nghệ thông tin nhằm chuẩn hóa cấu hình kỹ thuật, danh mục công nghệ và tiêu chuẩn triển khai. việc chuẩn hóa này giúp nâng cao hiệu quả quản lý và khai thác các nguồn lực công nghệ trong toàn hệ thống. - hiện đại hóa hạ tầng trung tâm dữ liệu: ngân hàng triển khai các giải pháp phát triển hạ tầng công nghệ theo mô hình software-defined data center, kết hợp công nghệ private cloud appliance và container, giúp nâng cao khả năng tự động hóa cấp phát tài nguyên, tăng cường năng lực xử lý và linh hoạt trong triển khai các ứng dụng mới. 7. hoạt động ngân hàng số chuyển đổi số tiếp tục là một trong những định hướng chiến lược quan trọng của agribank nhằm nâng cao năng lực quản trị, tối ưu hóa quy trình vận hành và mang đến các trải nghiệm dịch vụ hiện đại cho khách hàng. trong bối cảnh ngành ngân hàng đang chuyển dịch mạnh mẽ sang mô hình ngân hàng số, agribank tập trung đầu tư vào hạ tầng công nghệ, phát triển các nền tảng số và tăng cường ứng dụng các công nghệ mới nhằm xây dựng hệ sinh thái ngân hàng hiện đại, an toàn và hiệu quả. - nâng cao năng lực dự phòng và khôi phục thảm họa: hệ thống trung tâm dữ liệu được đầu tư nhằm tăng cường khả năng dự phòng, chịu lỗi và khôi phục sau thảm họa, đảm bảo hoạt động kinh doanh liên tục và ổn định của agribank trong mọi tình huống. - vận hành an toàn và bền vững, bảo vệ hệ thống và dữ liệu trong môi trường số: cùng với việc phát triển hạ tầng công nghệ và các nền tảng số, agribank đặc biệt chú trọng công tác vận hành hệ thống và đảm bảo an toàn thông tin. trong năm 2025, toàn bộ hệ thống công nghệ thông tin của agribank được vận hành ổn định 24/7, hoạt động thông suốt và hiệu quả, không xảy ra sự cố lớn ảnh hưởng đến hoạt động kinh doanh. các hệ thống công nghệ lõi tiếp tục được nâng cấp và phát triển, trong đó hệ thống ipcas được bổ sung nhiều api quan trọng phục vụ kết nối với các nền tảng số và hệ thống tích hợp dịch vụ. khối lượng giao dịch trên hệ thống tiếp tục tăng mạnh, với bình quân khoảng 43 triệu giao dịc",BCTN 2025 (cache),20,,2026-10-05
Agribank,S2,,," điều kiện tài chính dần ổn định hơn. trong bối cảnh đó, các nền kinh tế lớn duy trì chính sách tiền tệ thận trọng nhằm kiểm soát lạm phát và đảm bảo ổn định tài chính. mặt bằng lãi suất toàn cầu duy trì ở mức tương đối cao, tác động đến chi phí vốn, dòng vốn đầu tư và hoạt động thương mại quốc tế. bên cạnh các yếu tố kinh tế, môi trường kinh tế toàn cầu năm 2025 còn chịu tác động bởi những bất ổn địa chính trị, xu hướng bảo hộ thương mại và quá trình tái cấu trúc chuỗi cung ứng toàn cầu. những biến động này vừa tạo ra thách thức đối với tăng trưởng kinh tế thế giới, vừa mở ra các cơ hội mới cho các nền kinh tế có khả năng thích ứng và tham gia sâu hơn vào chuỗi giá trị toàn cầu. 1.2. kinh tế việt nam trong bối cảnh kinh tế thế giới năm 2025 tiếp tục đối mặt với nhiều bất định như tăng trưởng chậm, căng thẳng địa chính trị và biến động chuỗi cung ứng toàn cầu, kinh 1. tình hình vĩ mô năm 2025 tế việt nam cũng chịu tác động nhất định từ môi trường bên ngoài. trong nước, khó khăn và thách thức đan xen với cơ hội phát triển, đặc biệt thiên tai xảy ra trong quý iii và những tháng đầu quý iv/2025 đã ảnh hưởng đến hoạt động sản xuất, kinh doanh tại một số địa phương. tuy nhiên, với sự lãnh đạo kịp thời của đảng, quốc hội và chính phủ cùng sự vào cuộc của cả hệ thống chính trị trong triển khai các chủ trương, chính sách lớn, nền kinh tế tiếp tục duy trì đà phục hồi và tăng trưởng tích cực. theo tổng cục thống kê, gdp năm 2025 tăng 8,02% so với năm 2024, thuộc nhóm mức tăng trưởng cao trong khu vực và là một trong những kết quả nổi bật trong giai đoạn 2011-2025. quy mô gdp của nền kinh tế đạt khoảng 514 tỷ usd, tăng khoảng 38 tỷ usd so với năm 2024, trong khi gdp bình quân đầu người đạt khoảng 5.026 usd. tăng trưởng kinh tế được thúc đẩy bởi sự phát triển đồng đều của các khu vực kinh tế, trong đó khu vực dịch vụ chiếm khoảng 51% đóng góp vào tăng trưởng, tiếp theo là công nghiệp, xây dựng và nông, lâm nghiệp, thủy sản. các cân đối vĩ mô tiếp tục được duy trì ổn định. chỉ số giá tiêu dùng (cpi) bình quân năm 2025 tăng khoảng 3,31%, tiếp tục được kiểm soát trong mục tiêu quốc hội đề ra và duy trì xu hướng ổn định của nhiều năm gần đây. bên cạnh đó, hoạt động thương mại và đầu tư quốc tế tiếp tục là động lực quan trọng của tăng trưởng kinh tế. xu hướng dịch chuyển chuỗi cung ứng toàn cầu cùng với việc thực thi các hiệp định thương mại tự do thế hệ mới tiếp tục tạo điều kiện thuận lợi để việt nam thu hút đầu tư nước ngoài, thúc đẩy sản xuất và xuất khẩu. trong lĩnh vực tiền tệ - ngân hàng, ngân hàng nhà nước điều hành chính sách tiền tệ chủ động, linh hoạt, phối hợp hài hòa với chính sách tài khóa nhằm ổn định kinh tế vĩ mô và hỗ trợ tăng trưởng. huy động vốn của hệ thống tổ chức tín dụng tăng 13,68%, trong khi tăng trưởng tín dụng đạt 19,01%, cao hơn mục tiêu định hướng đầu năm. 2.1. hoạt động kinh doanh tăng trưởng đột phá năm 2025, ngành ngân hàng việt nam tiếp tục đóng vai trò quan trọng trong việc hỗ trợ phục hồi và thúc đẩy tăng trưởng kinh tế, với chính sách tiền tệ được điều hành chủ động, linh hoạt nhằm ổn định vĩ mô, kiểm soát lạm phát và tạo điều kiện thuận lợi cho doanh nghiệp và người dân tiếp cận vốn tín dụng. trong bối cảnh đó, agribank đã bám sát định hướng điều hành của chính phủ và ngân hàng nhà nước, triển khai quyết liệt các giải pháp kinh doanh và quản trị điều hành, từ đó ghi dấu kết quả hoạt động kinh doanh của agribank đến 31/12/2025 cụ thể như sau: đơn vị: tỷ đồng, % tt chỉ tiêu thực hiện 2024 kế hoạch năm 2025 thực hiện 31/12/2025 so với 31/12/2024 so với kế hoạch 2025 giá trị (+/-) % 1 tổng tài sản 2.234.854 tăng 7%-10%, phù hợp với tăng trưởng vốn huy động 2.686.598 +451.744 +20,2 vượt kế hoạch 2 vốn huy động thị trường 1* 2.029.273 tăng từ 7%-10%, phù hợp với tăng trưởng dư nợ 2.300.793 +271.520 +13,4 vượt kế hoạch 3 dư nợ cho vay nền kinh tế* 1.721.279 tối thiểu 11% và tối đa 14,8% 1.973.568 +252.289 +14,7 vượt kế hoạch 4 tỷ trọng cho vay nnnt 61,7% phấn đấu khoảng 65% 64,1% +2,4 5 tỷ lệ nợ xấu** 1,58% <1,5% 1,17% -0,41 vượt kế hoạch 6 thu nợ sau xử lý 11.662 tối thiểu 12.000 tỷ đồng 17.397 +5.735 +49,2 vượt kế hoạch 7 thu dịch vụ 8.600 tối thiểu 9.000 tỷ đồng 9.170 +570 +6,6 vượt kế hoạch 8 lợi nhuận trước thuế 27.575 28.688 31.170 +3.595 +13,0 vượt kế hoạch 9 lợi nhuận sau thuế 22.067 24.955 +2.888 +13,1 10 các tỷ lệ an toàn đảm bảo đảm bảo đảm bảo đảm bảo ghi chú: - số liệu 31/12/2024: theo bctc hợp nhất và riêng lẻ năm 2024 điều chỉnh theo khuyến nghị của kiểm toán nhà nước. - số liệu 31/12/2025: theo bctc hợp nhất và riêng lẻ năm 2025 đã được kiểm toán. * báo cáo tổng kết hoạt động kinh doanh agribank năm 2024 và 2025. ** tỷ lệ nợ xấu là số liệu theo bctc riêng lẻ đã được kiểm toán. 2. kết quả hoạt động kinh doanh của agribank năm 2025 một năm tăng trưởng nổi bật khi hoàn thành toàn diện và vượt hầu hết các chỉ tiêu kế hoạch kinh doanh được giao. những thành tựu đạt được trong năm cũng đánh dấu bước hoàn thiện quan trọng trong lộ trình cơ cấu lại agribank giai đoạn 2021-2025, tạo nền tảng vững chắc để ngân hàng bước sang giai đoạn phát triển mới với định hướng hiện đại hóa hoạt động và thúc đẩy chuyển đổi số toàn diện.",BCTN 2025 (cache),36,,2026-10-05
Agribank,S2,,," phục vụ nền kinh tế, đồng thời đảm bảo thanh khoản và an toàn hoạt động trong toàn hệ thống. - tín dụng tăng trưởng hiệu quả, tiếp tục khẳng định vai trò chủ lực trong lĩnh vực “tam nông”: agribank tiếp tục phát huy vai trò ngân hàng thương mại chủ lực trong đầu tư phát triển nông nghiệp, nông dân, nông thôn, đồng thời mở rộng tín dụng đối với các lĩnh vực sản xuất kinh doanh và các ngành kinh tế trọng điểm. đến 31/12/2025, dư nợ cho vay nền kinh tế đạt hơn 1,97 triệu tỷ đồng, tăng 14,7% so với năm 2024 và nằm trong hạn mức tăng trưởng tín dụng được ngân hàng nhà nước giao. trong đó, tín dụng đối với lĩnh vực nông nghiệp, nông thôn chiếm hơn 64% tổng dư nợ, tiếp tục khẳng định vai trò dẫn dắt của agribank trong cung ứng vốn phục vụ phát triển kinh tế nông thôn và đảm bảo an sinh xã hội. - chất lượng tài sản tiếp tục được củng cố, nền tảng tài chính ngày càng vững mạnh: song hành với tăng trưởng tín dụng, agribank tiếp tục tăng cường công tác quản trị rủi ro, kiểm soát chặt chẽ chất lượng tín dụng và đẩy mạnh xử lý nợ xấu, góp phần nâng cao hiệu quả và tính bền vững của hoạt động kinh doanh. đến 31/12/2025, tỷ lệ nợ xấu được kiểm soát ở mức 1,17%, giảm 0,41 điểm phần trăm so với năm 2024. thu hồi nợ đã xử lý rủi ro đạt 17.397 tỷ đồng, vượt xa kế hoạch đề ra, qua đó góp phần lành mạnh hóa bảng cân đối tài sản và củng cố nền tảng tài chính của ngân hàng. - hoạt động dịch vụ tăng trưởng tích cực, từng bước đa dạng hóa nguồn thu: cùng với hoạt động tín dụng, agribank tiếp tục đẩy mạnh phát triển các sản phẩm dịch vụ ngân hàng hiện đại, mở rộng hệ sinh thái thanh toán và nâng cao trải nghiệm khách hàng. năm 2025, thu dịch vụ đạt 9.170 tỷ đồng, tăng 6,6% so với năm 2024 và vượt kế hoạch đề ra. kết quả này phản ánh hiệu quả của chiến lược phát triển dịch vụ ngân hàng số, thanh toán không dùng tiền mặt và đa dạng hóa các sản phẩm tài chính dành cho khách hàng cá nhân, doanh nghiệp và tổ chức tín dụng. - hiệu quả hoạt động tăng trưởng mạnh mẽ, tạo nguồn lực cho giai đoạn phát triển mới: nhờ duy trì tăng trưởng ổn định và nâng cao hiệu quả quản trị điều hành, agribank tiếp tục ghi nhận những kết quả tích cực về hiệu quả hoạt động. lợi nhuận trước thuế năm 2025 đạt 31.170 tỷ đồng, tăng 13% so với năm 2024 và vượt kế hoạch đề ra. kết quả này không chỉ củng cố năng lực tài chính của agribank mà còn tạo nguồn lực quan trọng để ngân hàng tiếp tục đầu tư cho chuyển đổi số, hiện đại hóa hoạt động và nâng cao năng lực cạnh tranh trong giai đoạn tới. 2.2. hoạt động đầu tư duy trì hiệu quả, an toàn và bền vững agribank hiện nay có 5 công ty con gồm: hoạt động đầu tư góp vốn vào công ty con duy trì hiệu quả ổn định qua các năm. các",BCTN 2025 (cache),37,,2026-10-05
Agribank,S3,,, về giao dịch chi tiêu thanh toán thẻ nội địa; ngân hàng dẫn đầu về hiệu quả trong đầu tư và phát triển mạng lưới chấp nhận thanh toán thẻ (bank with the best atm network); ngân hàng dẫn đầu về phát hành và phát triển thẻ napas; ngân hàng năng động nhất trong hợp tác triển khai dự án với napas dịch vụ khách hàng ưu tiên tiêu biểu; sản phẩm công nghệ và chuyển đổi số tiêu biểu; giải pháp tài chính cá nhân sáng tạo; doanh nghiệp vì sự phát triển dịch vụ tài chính. (báo tài chính - đầu tư; cộng đồng cố vấn tài chính việt nam giải thưởng môi trường giáo dục của năm và sáng tạo giáo dục của năm - sáng kiến gi,BCTN 2025 (cache),7,,2026-10-05
Agribank,S3,,,"iêu an toàn hoạt động được đảm bảo, tỷ lệ nợ xấu được kiểm soát ở mức thấp, góp phần củng cố nền tảng hoạt động an toàn, bền vững của agribank trong bối cảnh thị trường tài chính còn nhiều biến động. thực hiện mục tiêu số hóa toàn diện, agribank đã hoàn thiện hệ sinh thái số với các nền tảng trọng điểm như agribank plus, open api và hệ thống smart bank. tỷ lệ giao dịch trên kênh số đạt mức xấp xỉ 97%, minh chứng cho sự chuyển đổi mô hình vận hành từ truyền thống sang ngân hàng số hiện đại, lấy trải nghiệm khách hàng làm trung tâm",BCTN 2025 (cache),9,,2026-10-05
Agribank,S3,,," khó khăn, góp phần bảo đảm an sinh xã hội và phát triển bền vững. với nền tảng chuyển đổi số mạnh mẽ, agribank không ngừng mở rộng khả năng tiếp cận dịch vụ ngân hàng hiện đại tới người dân, đặc biệt tại khu vực nông thôn và doanh nghiệp nhỏ. việc phát triển hệ sinh thái số với phương châm “lấy khách hàng làm trung tâm” đã góp phần nâng cao trải nghiệm khách hàng và thu hẹp khoảng cách tiếp cận tài chính. ghi nhận những nỗ lực này, năm 2025, agribank được hiệp hội ngân hàng tiết kiệm và bán lẻ thế giới (wsbi) và nhóm ngân hàng t",BCTN 2025 (cache),10,,2026-10-05
Agribank,S3,,,"à tài trợ thương mại nhằm đáp ứng nhu cầu ngày càng đa dạng của tệp khách hàng xuất nhập khẩu, agribank đã phát triển và cung ứng toàn diện các giải pháp thanh toán và tài trợ thương mại theo chuẩn mực quốc tế. bên cạnh các dịch vụ truyền thống, agribank đang hợp tác với các định chế tài chính trong nước và quốc tế triển khai các giao dịch tài trợ thương mại hiện đại như: xác nhận l/c do ngân hàng khác phát hành, tài trợ vốn theo hình thức trade loan và tài trợ upas l/c xuất khẩu. việc đa dạng hóa danh mục sản phẩm không chỉ giúp khách hàng doanh nghiệp tối ưu hóa dòng tiền, nâng cao năng lực cạnh tranh trên thị trường toàn cầu, mà còn góp phần khơi thông hiệu quả nguồn vốn ngoại tệ của agribank. agribank tiếp tục khẳng định ưu thế trong hoạt động thanh toán biên giới. trong năm 2025, agribank đã mở rộng thêm 02 chi nhánh đầu mối thanh toán biên giới trực tiếp, ký kết thêm 04 thỏa thuận thanh toán biên giới với các định chế tài chính tại trung quốc và lào, nâng tổng số chi nhánh đầu mối tại các tỉnh biên giới lên 13 chi nhánh. nhìn chung, hoạt động thanh toán quốc tế và tài trợ thương mại của agribank trong năm 2025 ghi nhận sự chuyển mình mạnh mẽ cả về chiều sâu sản phẩm và nền tảng công nghệ, đáp ứng chuỗi cung ứng toàn cầu của khách hàng. 5.4. sản phẩm, dịch vụ dành cho khách hàng tổ chức tín dụng - định vị phân khúc trọng yếu: agribank xác định khách hàng tổ chức tín dụng là phân khúc trọng yếu trong chiến lược phát triển ngân hàng định chế, mở",BCTN 2025 (cache),17,,2026-10-05
Agribank,S3,,,"y trực tuyến có bảo đảm bằng số dư tiền gửi, bán ngoại tệ trực tuyến, thông báo biến động số dư bằng âm thanh, cùng các giải pháp tăng cường bảo mật và cảnh báo giao dịch gian lận. song song với việc phát triển nền tảng ngân hàng số, agribank tích cực mở rộng hợp tác với các đối tác fintech và ví điện tử nhằm xây dựng hệ sinh thái thanh toán đa dạng, mang đến trải nghiệm giao dịch liền mạch cho khách hàng. nhờ những cải tiến liên tục, quy mô khách hàng sử dụng ngân hàng số của agribank tiếp tục tăng trưởng mạnh mẽ. đến 31/12/2025, hơn 19,1 triệu khách hàng cá nhân đăng ký sử dụng dịch vụ mobile banking, trong đó gần 14,4 triệu khách hàng sử dụng ứng dụng agribank plus, tăng hơn 1,8 triệu khách hàng so với năm 2024. tổng số giao dịch qua mobile banking trong năm đạt hơn 1,6 tỷ giao dịch, với doanh số giao dịch hơn 8,2 triệu tỷ đồng, khẳng định xu hướng chuyển dịch mạnh mẽ sang giao dịch trên nền tảng số. 6.2. phát triển tín dụng chuyên biệt và thúc đẩy tài chính toàn diện trong năm 2025, agribank tiếp tục định hướng phát triển tín dụng khách hàng cá nhân theo hướng chuyên biệt hóa và nâng cao khả năng tiếp cận dịch vụ tài chính cho từng nhóm khách hàng. danh mục sản phẩm được rà soát, hoàn thiện theo hướng linh hoạt, phù hợp với đặc điểm thu nhập, nhu cầu và điều kiện vay vốn của từng phân khúc, qua đó góp phần đáp ứng hiệu quả các nhu cầu tài chính thiết yếu của người dân. trong năm, agribank đã ban hành các sản phẩm chuyên biệt nhằm kích cầu tiêu dùng thực chất như: cho vay mua nhà ở đối với khách hàng trẻ tuổi, cho vay mua nhà an cư vững bền, và cho vay mua ô tô phục vụ nhu cầu đời sống,… cơ cấu tín dụng được phân bổ đồng đều và an toàn vào 3 lĩnh vực trụ cột: tiêu dùng (28,2%), bán buôn bán lẻ (27,2%) và nông nghiệp (27,1%). đặc biệt, agribank tiếp tục phát huy thế mạnh trong các sản phẩm tín dụng đặc thù dành cho khu vực nông nghiệp, nông thôn như: cho vay theo hạn mức quy mô nhỏ, cho vay lưu vụ, cho vay tiêu dùng hạn chế tín dụng đen, cho vay qua tổ vay vốn… agribank cũng phối hợp với các cấp hội nông dân việt nam, hội liên hiệp phụ nữ việt nam, ký kết thỏa thuận liên ngành về thực hiện chính sách tín dụng phục vụ phát triển nông nghiệp, nông thôn, qua đó góp phần mở rộng khả năng tiếp cận vốn chính thức cho người dân, đồng thời hỗ trợ phát triển kinh tế hộ gia đình và kinh tế địa phương. trong năm 2025, agribank triển khai 18 chương trình cho vay ưu đãi dành cho khách hàng cá nhân với tổng quy mô 280.400 tỷ đồng, tập trung hỗ trợ sản xuất kinh doanh, tiêu dùng và các lĩnh vực ưu tiên theo chủ trương của chính phủ. đến ngày 31/12/2025, dư nợ cho vay khách hàng cá nhân đạt 1,48 triệu tỷ đồng, tăng 16,2% so với đầu năm, chiếm 74,9% tổng dư nợ cho vay nền kinh tế của agribank. chất lượng tín dụng tiếp tục được kiểm soát tốt với tỷ lệ nợ xấu khách hàng cá nhân ở mức 0,67%. 6.3. tín dụng xanh - tiên phong lối sống bền vững hưởng ứng chiến lược quốc gia về tăng trưởng xanh và định hướng phát triển bền vững của ngành ngân hàng, agribank từng bước lồng ghép các tiêu chí môi trường - xã hội vào hoạt động tín dụng bán lẻ, qua đó khuyến khích khách hàng cá nhân tiếp cận các giải pháp tài chính thân thiện với môi trường. nguồn vốn tín dụng của agribank được ưu tiên cho các mô hình sản xuất nông nghiệp sạch, nông nghiệp công nghệ cao, kinh tế tuần hoàn trong nông nghiệp và các hoạt động kinh doanh hướng tới sử dụng hiệu quả tài nguyên và giảm phát thải. trong năm 2025, agribank triển khai chương trình cho vay ưu đãi “khởi hành xanh - đồng hành cùng bạn” dành cho khách hàng cá nhân mua xe điện với quy mô 2.000 tỷ đồng, hỗ trợ khách hàng vay vốn mua ô tô điện và xe máy điện với lãi suất ưu đãi và tỷ lệ tài trợ cao. bên cạnh đó, agribank dành 10.000 tỷ đồng triển khai chương trình tín dụng ưu đãi dành cho khách hàng cá nhân thực hiện phương án, dự án sản xuất, kinh doanh sản phẩm, dịch vụ thuộc lĩnh vực xanh với lãi suất chỉ từ 3,5%. thông qua 6. hoạt động ngân hàng bán lẻ trong bối cảnh nhu cầu tài chính cá nhân ngày càng đa dạng và xu hướng số hóa diễn ra mạnh mẽ, agribank tiếp tục khẳng định vai trò là một trong những ngân hàng bán lẻ có quy mô và tầm ảnh hưởng lớn nhất tại việt nam. với mạng lưới rộng khắp cả nước cùng tệp khách hàng đông đảo, agribank không ngừng đổi mới và hoàn thiện hệ sinh thái sản phẩm dịch vụ nhằm mang đến các giải pháp tài chính toàn diện, thuận tiện và phù hợp với mọi phân khúc khách hàng. năm 2025, agribank tập trung phát triển mạnh mẽ hoạt động ngân hàng bán lẻ theo phương châm lấy khách hàng làm trung tâm, đẩy mạnh ứng dụng công nghệ và chuyển đổi số, đồng thời tiếp tục phát huy thế mạnh trong lĩnh vực tài chính nông nghiệp, nông thôn. sự chuyển dịch mạnh mẽ từ các sản phẩm truyền thống sang các giải pháp tài chính số hóa, kết hợp với các gói tín dụng chuyên biệt, đã mang lại kết quả tăng",BCTN 2025 (cache),18,,2026-10-05
Agribank,S3,,,"c tế. việc này không chỉ giúp ngân hàng đa dạng hóa nguồn vốn trung và dài hạn mà còn nâng cao uy tín của agribank với tư cách là một định chế tài chính tích cực đóng góp cho mục tiêu tăng trưởng xanh và phát triển bền vững của việt nam. c) nguồn vốn dự án và hợp tác tài chính xanh quốc tế song song với các kênh huy động vốn trong nước, agribank tích cực khai thác các nguồn vốn quốc tế và vốn dự án nhằm hỗ trợ triển khai các chương trình tài chính xanh. đến nay, agribank đã tiếp nhận lũy kế 40 dự án oda vay lại chính phủ, trong đó 12 dự án đang hoạt động với tổng hạn mức hơn 5.000 tỷ đồng. các nguồn vốn dự án này chủ yếu tài trợ cho lĩnh vực nông nghiệp, nông thôn và phát triển bền vững như các dự án tài chính nông thôn (tcnt i, ii, iii) và chuyển đổi nông nghiệp bền vững tại việt nam (vnsat), góp phần hỗ trợ doanh nghiệp và hộ gia đình nông thôn tiếp cận nguồn vốn dài hạn với chi phí hợp lý, đồng thời thúc đẩy các mô hình sản xuất nông nghiệp thân thiện với môi trường. ngoài ra, agribank tiếp tục mở rộng hợp tác với các tổ chức tài chính quốc tế như wb, adb, afd, luxdev nhằm tiếp cận các nguồn vốn và chương trình hỗ trợ kỹ thuật trong lĩnh vực tài chính xanh, nông nghiệp bền vững và tài chính khí hậu. thông qua các chương trình hợp tác này, agribank từng bước nâng cao năng lực quản trị rủi ro môi trường - xã hội, hoàn thiện khung tài chính xanh và mở rộng các sản phẩm tài chính bền vững trong toàn hệ thống. trong thời gian tới, trên cơ sở hoàn thiện khung tài chính xanh nội bộ, tăng cường hệ thống phân loại dự án xanh và cơ chế báo cáo minh bạch, agribank sẽ tiếp tục nghiên cứu triển khai các công cụ tài chính xanh theo thông lệ quốc tế, góp phần đa dạng hóa nguồn vốn và thúc đẩy quá trình chuyển đổi xanh của nền kinh tế. năng lượng tái tạo, năng lượng sạch 0.38% 0.11% 20.39% 26.59% 52.54% tái chế, tái sử dụng các nguồn tài nguyên xử lý chất thải và phòng chống ô nhiễm nông nghiệp xanh lâm nghiệp bền vững dư nợ tín dụng xanh phân theo lĩnh vực năm 2025 a) chính sách đảm bảo sức khoẻ an toàn và phúc lợi của người lao động bên cạnh các khoản lương và phụ cấp, người lao động agribank được quan tâm đầy đủ các mặt từ đời sống vật chất và tinh thần, việc làm, điều kiện, phương tiện làm việc, thu thập, quyền lợi về nghỉ ngơi, chế độ khen thưởng cũng như khuyến khích học tập, nâng cao kiến thức, trình độ chuyên môn, giúp cho người lao động tin tưởng, yên tâm công tác, cống hiến cho sự nghiệp xây dựng và phát triển agribank. các chế độ đối với người lao động được thực hiện đầy đủ: 100% người lao động được đóng bảo hiểm xã hội, bảo hiểm y tế, bảo hiểm thất nghiệp. agribank cũng tổ chức khám chữa bệnh toàn diện 01 lần/năm cho tất cả người lao động; hàng năm khám bổ sung lần 02 cho lao động nữ, cán bộ làm công việc nặng nhọc, độc hại, cán bộ là người khuyết tật, cán bộ tuổi cao (từ 50 tuổi trở lên đối với nữ, từ 55 tuổi trở lên đối với nam). công tác hỗ trợ, chi trả chế độ cho người lao động nghỉ hưu, thôi việc, chấm dứt hợp đồng lao động luôn được agribank quan tâm giải quyết đầy đủ, thực hiện kịp thời, là nguồn động viên tinh thần cho người lao động trong những năm cống hiến cho agribank. b) các chương trình phát triển kỹ năng và học tập liên tục để hỗ trợ người lao động đảm bảo có việc làm và phát triển sự nghiệp agribank đã triển khai một hệ thống chương trình đào tạo đa dạng, bám sát khung năng lực và vị trí việc làm để hỗ trợ người lao động phát triển sự nghiệp bền vững, cụ thể như sau: - đào tạo chuyên sâu theo nhu cầu thực tiễn agribank triển khai hệ thống chương trình đào tạo toàn diện, bám sát yêu cầu phát triển nguồn nhân lực trong giai đoạn chuyển đổi số và tăng trưởng bền vững. nhóm chương trình phát triển lãnh đạo và quản lý được thiết kế theo lộ trình kế thừa, từ cán bộ quy hoạch đến lãnh đạo cấp cao, tập trung vào năng lực quản trị hiện đại, điều hành chiến lược và lãnh đạo trong môi trường số. song song, các chương trình về kỹ năng số và công nghệ được đẩy mạnh, trọng tâm là phổ cập chuyển đổi số, ứng dụng ai trong nghiệp vụ và thúc đẩy tư duy linh hoạt (agile), qua đó tạo nền tảng nâng cao hiệu suất và năng lực đổi mới sáng tạo trong toàn hệ thống. đối với nghiệp vụ chuyên môn, agribank chú trọng cập ",BCTN 2025 (cache),43,,2026-10-05
Agribank,S3,,,"iệm cho khách hàng. tiếp tục đẩy mạnh triển khai các giải pháp ứng dụng dữ liệu dân cư theo đề án 06 của thủ tướng chính phủ. - công tác truyền thông, quảng bá sản phẩm dịch vụ được đổi mới, hướng tới các đối tượng khách hàng trẻ. tăng cường khai thác quan hệ hợp tác với các tổ chức, định chế tài chính trong và ngoài nước; thúc đẩy phát triển tài chính xanh. - tận dụng các cơ hội thị trường, đẩy mạnh đầu tư, kinh doanh vốn trên thị trường liên ngân hàng; nâng cao hiệu quả hoạt động của các nhóm dịch vụ, đem lại kết quả tích cực trong thu dịch vụ của agribank. 3.6. nâng cao chất lượng sản phẩm dịch vụ, phát triển đa dạng các sản phẩm ngân hàng điện tử, mở rộng các nguồn thu, góp phần tăng kết quả tài chính - giao kế hoạch tài chính, chi phí trên cơ sở chỉ đạo của ngân hàng nhà nước về tiết giảm chi phí, tạo nguồn lực giảm lãi suất cho vay. triển khai phương án tài chính, tiền lương khuyến khích các chi nhánh hoàn thành toàn diện các chỉ tiêu khkd được giao. - ban hành chương trình hành động thực hành tiết kiệm, chống lãng phí, kiểm soát chặt các chi phí chưa cần thiết. tăng cường chỉ đạo đẩy nhanh tiến độ triển khai các dự án đầu tư xây dựng công trình; trong năm 2025, đã hoàn thành và đưa vào sử dụng 109 công trình, khởi công 102 dự án và phê duyệt 100 dự án. tích cực xử lý các khoản đầu tư kém hiệu quả; nâng cao hiệu quả hoạt động của chi nhánh campuchia. - triển khai các giải pháp tăng năng lực tài chính thông qua phát hành trái phiếu tăng vốn; trình ngân hàng nhà nước phê duyệt phương án bổ sung vốn điều lệ agribank giai đoạn 2025-2027. 3.7. tiếp tục triển khai có hiệu quả các giải pháp về tài chính, tiền lương tạo động lực cho các chi nhánh hoàn thành nhiệm vụ được giao; thực hành tiết kiệm, chống lãng phí, nâng cao năng lực tài chính agribank tiếp tục triển khai các giải pháp sắp xếp, tinh gọn tổ chức bộ máy nhằm nâng cao hiệu quả quản trị. theo đó, thực hiện sáp nhập, hợp nhất các đơn vị có chức năng tương đồng, giảm đầu mối trung gian, nâng cao hiệu quả quản lý; đẩy mạnh cơ cấu lại mạng lưới chi nhánh và phòng giao dịch theo hướng tinh gọn, hiệu quả, đặc biệt tại hà nội và tp. hồ chí minh. đến 31/12/2025, mạng lưới agribank gồm 159 chi nhánh loại i, 777 chi nhánh loại ii, 1.278 phòng giao dịch và 01 chi nhánh tại campuchia. 3.8. triển khai quyết liệt, bài bản công tác cơ cấu, sắp xếp mạng lưới, tổ chức bộ máy từ trụ sở chính tới các chi nhánh, phù hợp với mục tiêu của phương án tái cơ cấu gắn với xử lý nợ xấu giai đoạn 2021-2025 và định hướng hoạt động kinh doanh của agribank - ưu tiên tập trung nguồn lực đẩy nhanh tiến độ triển khai các giải pháp nền tảng, và các giải pháp đảm bảo tuân thủ; lượng hóa các công việc, lộ trình và tiến độ thực hiện, đảm bảo triển khai đúng kế hoạch được phê duyệt tại đề án chiến lược phát triển ngân hàng thương mại, kế hoạch chuyển đổi số; định kỳ đánh giá kết quả triển khai; đề xuất xử lý các khó khăn vướng mắc, nhiều dự án/giải pháp quan trọng đã có kết quả, tiến độ thực hiện tích cực, góp phần nâng cao năng lực hoạt động. - ban hành kế hoạch của đảng ủy agribank và chương trình hành động của tổng giám đốc nhằm chỉ đạo triển khai chuyển đổi số toàn diện hoạt động, xác định chuyển đổi số, ứng dụng công nghệ là động lực chính để tăng năng suất, hiệu quả hoạt động trong giai đoạn tới; thành lập trung tâm quản lý dữ liệu (big data) với vai trò đầu mối quản trị, khai thác và phân tích dữ liệu, hỗ trợ ra quyết định và thúc đẩy hoạt động kinh doanh trên nền tảng dữ liệu. 3.9. đẩy mạnh chuyển đổi số, ứng dụng khoa học công nghệ, đổi mới sáng tạo trong các lĩnh vực hoạt động theo tinh thần của nghị quyết 57-nq/tw - công tác đào tạo được đổi mới toàn diện, đóng vai trò quan trọng trong việc nâng cao chất lượng nguồn nhân lực, đáp ứng yêu cầu hoạt động kinh doanh, chuyển đổi số, chuyển",BCTN 2025 (cache),47,,2026-10-05
Agribank,T2,,,"đến trải nghiệm tài chính hiện đại, thuận tiện và an toàn cho khách hàng cá nhân, cho phép khách hàng thực hiện hầu hết các giao dịch tài chính chỉ với vài thao tác đơn giản trên thiết bị di động. năm 2025, agribank tiếp tục bổ sung nhiều tiện ích mới như cho vay trực tuyến có bảo đảm bằng số dư tiền gửi, bán ngoại tệ trực tuyến, thông báo biến động số dư bằng âm thanh, cùng các giải pháp tăng cường bảo mật và cảnh báo giao dịch gian lận. song song với việc phát triển nền tảng ngân hàng số, agribank tích cực mở rộng hợp tác với ",BCTN 2025 (cache),18,,2026-10-05
Agribank,T2,,,"ang đến trải nghiệm tài chính hiện đại, thuận tiện và an toàn cho khách hàng cá nhân, cho phép khách hàng thực hiện hầu hết các giao dịch tài chính chỉ với vài thao tác đơn giản trên thiết bị di động. năm 2025, agribank tiếp tục bổ sung nhiều tiện ích mới như cho vay trực tuyến có bảo đảm bằng số dư tiền gửi, bán ngoại tệ trực tuyến, thông báo biến động số dư bằng âm thanh, cùng các giải pháp tăng cường bảo mật và cảnh báo giao dịch gian lận. song song với việc phát triển nền tảng ngân hàng số, agribank tích cực mở rộng hợp tác với ",BCTN 2025 (cache),18,,2026-10-05
Agribank,T3,,,"c vụ đề án liên kết sản xuất, chế biến và tiêu thụ lúa gạo chất lượng cao, phát thải thấp vùng đồng bằng sông cửu long - khẳng định cam kết mạnh mẽ của agribank đồng hành góp phần hiện thực hóa mục tiêu net zero của quốc gia. đồng thời, với phương châm “không ai bị bỏ lại phía sau”, agribank kịp thời ban hành chính sách cơ cấu lại thời hạn trả nợ, hỗ trợ khách hàng doanh nghiệp bị thiệt hại do bão lũ, thể hiện vai trò điểm tựa tài chính vững chắc trong các giai đoạn rủi ro. 5.2. tiên phong thiết lập hệ sinh thái ngân",BCTN 2025 (cache),16,,2026-10-05
Agribank,T3,,,"78 79 agribank báo cáo thường niên 2025 chương 4 báo cáo của ban điều hành b) tiên phong ứng dụng trí tuệ nhân tạo (ai), chuyển đổi số, chuyển đổi xanh phát triển bền vững năm 2025, agribank đẩy mạnh tích hợp công nghệ số và trí tuệ nhân tạo vào công tác đào tạo, khẳng định vai trò tiên phong trong chuyển đổi số nguồn nhân lực. chương trình “bình dân học vụ số” được triển",BCTN 2025 (cache),40,,2026-10-05
Agribank,T3,,,"số nguồn nhân lực. chương trình “bình dân học vụ số” được triển khai đồng bộ trên toàn hệ thống, tạo chuyển biến rõ nét về nhận thức, kỹ năng và văn hóa học tập số của người lao động. các chương trình đào tạo tập trung vào công nghệ, chuyển đổi số và ứng dụng ai chiếm 35% tổng số chương trình đào tạo, thu hút gần 98.000 lượt người tham gia, đồng thời hình thành đội ngũ 720 đại sứ số và hạt nhân số, đóng vai trò nòng cốt trong phổ cập và hướng dẫn ứng dụng công nghệ tại đơn vị. hội thi “agribanker làm chủ công nghệ tr",BCTN 2025 (cache),40,,2026-10-05
Agribank,T3,,," thừa, từ cán bộ quy hoạch đến lãnh đạo cấp cao, tập trung vào năng lực quản trị hiện đại, điều hành chiến lược và lãnh đạo trong môi trường số. song song, các chương trình về kỹ năng số và công nghệ được đẩy mạnh, trọng tâm là phổ cập chuyển đổi số, ứng dụng ai trong nghiệp vụ và thúc đẩy tư duy linh hoạt (agile), qua đó tạo nền tảng nâng cao hiệu suất và năng lực đổi mới sáng tạo trong toàn hệ thống. đối với nghiệp vụ chuyên môn, agribank chú trọng cập nhật kiến thức tín dụng, quản lý rủi ro, kế toán – tài chính, i",BCTN 2025 (cache),43,,2026-10-05
Agribank,T3,,," tổng hợp và phân tích phục vụ công tác đánh giá chất lượng dịch vụ, giúp ngân hàng kịp thời điều chỉnh quy trình phục vụ và nâng cao trải nghiệm khách hàng. - ứng dụng ai trong quản lý và đánh giá chất lượng dịch vụ: agribank từng bước triển khai các công cụ trí tuệ nhân tạo hỗ trợ giám sát, đánh giá chất lượng cuộc gọi và tương tác với khách hàng tại trung tâm chăm sóc khách hàng. các công cụ này giúp nâng cao hiệu quả quản lý chất lượng dịch vụ và tối ưu hóa quy trình vận hành. - dịch vụ cuộc gọi thương hiệu (voice brandname): ",BCTN 2025 (cache),45,,2026-10-05
Agribank,T3,,,"khai thường xuyên trên toàn quốc. với những đóng góp tích cực và bền bỉ cho cộng đồng, agribank nhiều năm liền được chính phủ, ngân hàng nhà nước và các địa phương ghi nhận, biểu dương trong công tác an sinh xã hội. trong phong trào “vì người nghèo - không để ai bị bỏ lại phía sau”, nhiều tập thể và cá nhân của agribank đã được khen thưởng, trong đó 06 tập thể và 02 cá nhân được thống đốc ngân hàng nhà nước tặng bằng khen, đồng thời nhiều đơn vị của agribank được các bộ, ngành và địa phương ghi nhận vì những đóng góp",BCTN 2025 (cache),45,,2026-10-05
Agribank,T3,,,"ách hàng và cải thiện trải nghiệm dịch vụ. năm 2025, nhiều giải pháp công nghệ mới đã được triển khai và từng bước đưa vào vận hành, góp phần hình thành mô hình chăm sóc khách hàng thông minh, đa kênh và tự động hóa. một số ứng dụng công nghệ tiêu biểu gồm: - ai chatbot hỗ trợ khách hàng trên nền tảng số: hệ thống ai chatbot trên các kênh fanpage, website và zalo nhằm hỗ trợ khách hàng tra cứu thông tin và giải đáp các câu hỏi phổ biến về sản phẩm, dịch vụ ngân hàng. hệ thống được thường xuyên cập nhật và hoàn thiện ",BCTN 2025 (cache),45,,2026-10-05
Agribank,T3,,,"ều giải pháp công nghệ mới đã được triển khai và từng bước đưa vào vận hành, góp phần hình thành mô hình chăm sóc khách hàng thông minh, đa kênh và tự động hóa. một số ứng dụng công nghệ tiêu biểu gồm: - ai chatbot hỗ trợ khách hàng trên nền tảng số: hệ thống ai chatbot trên các kênh fanpage, website và zalo nhằm hỗ trợ khách hàng tra cứu thông tin và giải đáp các câu hỏi phổ biến về sản phẩm, dịch vụ ngân hàng. hệ thống được thường xuyên cập nhật và hoàn thiện với hàng nghìn kịch bản trả lời nhằm đảm bảo nội dung tư",BCTN 2025 (cache),45,,2026-10-05
Agribank,T4,,," ở mức thấp, góp phần củng cố nền tảng hoạt động an toàn, bền vững của agribank trong bối cảnh thị trường tài chính còn nhiều biến động. thực hiện mục tiêu số hóa toàn diện, agribank đã hoàn thiện hệ sinh thái số với các nền tảng trọng điểm như agribank plus, open api và hệ thống smart bank. tỷ lệ giao dịch trên kênh số đạt mức xấp xỉ 97%, minh chứng cho sự chuyển đổi mô hình vận hành từ truyền thống sang ngân hàng số hiện đại, lấy trải nghiệm khách hàng làm trung tâm. với sự tăng trưởng ổn định về tổng tài sản và hiệu quả",BCTN 2025 (cache),9,,2026-10-05
Agribank,T4,,,"g ký vay vốn, đề nghị giải ngân, ủy quyền thu nợ tự động, trả nợ khoản vay/hợp đồng và tra cứu giao dịch), hỗ trợ doanh nghiệp tiết giảm tối đa thời gian giao dịch hành chính, tăng tính minh bạch và hiệu quả quản lý khoản vay. - mở rộng nền tảng ngân hàng mở (open api): agribank đã ban hành văn bản hướng dẫn triển khai dịch vụ đăng ký openapi tại quầy giao dịch, qua đó tạo điều kiện thuận lợi cho các chi nhánh trong việc đăng ký và cung ứng các gói sản phẩm, dịch vụ tới khách hàng một cách nhanh chóng, hiệu quả. danh mục s",BCTN 2025 (cache),16,,2026-10-05
Agribank,T4,,," (bao gồm: đăng ký vay vốn, đề nghị giải ngân, ủy quyền thu nợ tự động, trả nợ khoản vay/hợp đồng và tra cứu giao dịch), hỗ trợ doanh nghiệp tiết giảm tối đa thời gian giao dịch hành chính, tăng tính minh bạch và hiệu quả quản lý khoản vay. - mở rộng nền tảng ngân hàng mở (open api): agribank đã ban hành văn bản hướng dẫn triển khai dịch vụ đăng ký openapi tại quầy giao dịch, qua đó tạo điều kiện thuận lợi cho các chi nhánh trong việc đăng ký và cung ứng các gói sản phẩm, dịch vụ tới khách hàng một cách nhanh chóng, hiệu quả. ",BCTN 2025 (cache),16,,2026-10-05
Agribank,O1,,,"cho sự chuyển biến căn bản trong văn hóa tín dụng và kỷ luật quản trị rủi ro, tạo nền tảng vững chắc để agribank tăng trưởng an toàn và bền vững trong giai đoạn tới. về chuyển đổi số: agribank đẩy mạnh triển khai các nền tảng công nghệ cốt lõi, gia tăng tỷ lệ giao dịch trên tổng tài sản — tăng hơn 20% tỷ lệ nợ xấu — mức thấp nhất từ trước đến nay dư nợ cho vay nền kinh tế thu nợ đã xử lý rủi ro — hoàn thành 145% kế hoạch lợi nhuận trước thuế - cao nhất từ trước đến nay tỷ trọng tín dụng “tam nông” ~2,7 1,17% >1,97 17.397 >64% triệu tỷ đồng triệu tỷ đồng tỷ đồng 31.170 tỷ đồng kênh số và đặt nền móng cho hệ sinh thái ngân hàng số hiện đại. sự hình thành trung tâm quản lý dữ liệu đánh dấu bước chuyển từ vận hành truyền thống sang quản trị dựa trên dữ liệu. đây là điều kiện tiên quyết để agribank cạnh tranh hiệu quả trong kỷ nguyên số. về ph",BCTN 2025 (cache),4,,2026-10-05
Agribank,O1,,,"rưởng về quy mô và hiệu quả tài chính, agribank đã tạo ra những chuyển biến thực chất mang tính nền tảng: về nâng tầm quản trị rủi ro và chất lượng tài sản: agribank đã hoàn thành mục tiêu đưa tỷ lệ nợ xấu ở mức cao năm 2021 xuống mức thấp nhất lịch sử là 1,17%. đây là minh chứng rõ nét cho sự chuyển biến căn bản trong văn hóa tín dụng và kỷ luật quản trị rủi ro, tạo nền tảng vững chắc để agribank tăng trưởng an toàn và bền vững trong giai đoạn tới. về chuyển đổi số: agribank đẩy mạnh triển khai các nền tảng công nghệ cốt lõi, gia tăng tỷ lệ giao dịch trên tổng tài sản — tăng hơn 20% tỷ lệ nợ xấu — mức thấp nhất từ trước đến nay dư nợ cho vay nền kinh tế thu nợ đã xử lý rủi ro — hoàn thành 145% kế hoạch lợi nhuận trước thuế - cao nhất từ trước đến nay tỷ trọng tín dụng “tam nông” ~2,7 1,17% >1,97 17.397 >64% triệu tỷ đồng triệu tỷ đồng tỷ đồng 31.170 tỷ đồng kênh số và đặt nền móng cho hệ sinh thái ngân hàng số hiện đại. sự hình thành trung tâm quản lý dữ liệu đánh dấu bước chuyển từ vận hành truyền thống sang quản trị dựa trên dữ liệu. đây là điều kiện tiên quyết để agribank cạnh tranh hiệu quả trong kỷ nguyên số. về phát triển con người và văn hóa tổ chức: agribank coi con người là tài sản chiến lược, không chỉ là nguồn lực. năm 2025, chúng tôi đổi mới công tác đào tạo, tuyển dụng và luân chuyển cán bộ theo hướng minh bạch, gắn với năng lực và kết quả thực tế; đồng thời, từng bước xây dựng đội ngũ vững chuyên môn, thành thạo công nghệ và thấm nhuần văn hóa phụng sự khách hàng, phụng sự tổ chức. về ngân hàng xanh và phát triển bền vững: agribank tích cực mở rộng danh mục tín dụng xanh, đồng hành cùng các chương trình quốc gia về chuyển đổi năng lượng, nông nghiệp sạch và phát triển kinh tế nông thôn bền vững. chúng tôi xác định esg không chỉ là xu hướng toàn cầu mà là chiến lược tăng trưởng dài hạn của agribank. về trách nhiệm xã hội: với vai trò ngân hàng thương mại nhà nước chủ lực, agribank tiên phong triển khai các chương trình tín dụng ưu đãi quy mô lớn, hỗ trợ thiết thực cho doanh nghiệp, hộ gia đình và cộng đồng, đặc biệt tại các vùng khó khăn. đồng thời, tiếp tục phát huy truyền thống “ngân hàng vì cộng đồng” trong các hoạt động an sinh xã hội. bước vào năm 2026, năm đầu tiên thực hiện nghị quyết đại hội đại biểu đảng bộ agribank lần thứ xi và triển khai nghị quyết số 79-nq/tw của bộ chính trị về phát triển kinh tế nhà nước, đây là động lực mạnh mẽ để agribank tái định hình. chúng tôi xác định 05 trụ cột chiến lược cho giai đoạn 2026–2030: chuyển đổi số và dữ liệu là động lực cốt lõi - năm 2026, agribank đặt chuyển đổi số ở vị trí tiên quyết trong toàn bộ hoạt động. không chỉ là đầu tư công nghệ, đây là cuộc chuyển đổi toàn diện về tư duy quản trị, cách phục vụ khách hàng và mô hình vận hành nhằm hướng tới xây dựng agribank thành thương hiệu ngân hàng hiện đại. củng cố năng lực tài chính và mở rộng không gian tăng trưởng - agribank đẩy mạnh triển khai phương án tăng vốn và khẩn trương xây dựng đề án chiến lược phát triển đến năm 2035. đây là những bước đi có tính toán chiến lược, nhằm củng cố nền tảng tài chính, nâng cao năng lực cạnh tranh và mở ra không gian tăng trưởng dài hạn xứng tầm với vị thế và sứ mệnh của agribank. tăng trưởng bền vững - agribank không tăng trưởng bằng mọi giá, mà tăng trưởng có chọn lọc, hướng vào các lĩnh vực ưu tiên như nông nghiệp công nghệ cao, chuỗi giá trị xuất khẩu, kinh tế xanh và các động lực tăng trưởng mới của nền kinh tế; thúc đẩy bảo hiểm trong lĩnh vực nông nghiệp nhằm giảm thiểu rủi ro cho nông dân trước biến đổi khí hậu và biến động thị trường. phát triển hệ sinh thái tài chính toàn diện và nâng tầm thương hiệu - agribank hướng tới mô hình hệ sinh thái tích hợp ngân hàng - bảo hiểm - chứng khoán, tạo ra giá trị gia tăng toàn diện cho khách hàng. cùng với đó, agribank ưu tiên gia tăng khách hàng trẻ, đẩy mạnh marketing số và xây dựng chiến lược thương hiệu đến năm 2030 — để agribank không chỉ là ngân hàng lớn nhất về mạng lưới, mà còn là thương hiệu được yêu thích nhất. nâng tầm quản trị và kiến tạo văn hóa agribank - agribank cam kết nâng cấp toàn diện chuẩn mực quản trị hiện đại theo thông lệ quốc tế tiên tiến, từ quản lý rủi ro, minh bạch thông tin đến phát triển con người. song hành với đó là xây dựng và lan tỏa văn hóa phụng sự khách hàng, phụng sự tổ chức, văn hóa tuân thủ và rủi ro, văn hóa chính trực…như giá trị cốt lõi, như “xương sống” của mọi hoạt động agribank. agribank xác định rõ triết lý phát triển xuyên suốt: tăng trưởng phải gắn với an toàn; quy mô phải đi cùng chất lượng; hiệu quả tài chính phải song hành với trách nhiệm xã hội. mỗi sản phẩm, mỗi dịch vụ, mỗi cải tiến trong tương",BCTN 2025 (cache),4,,2026-10-05
Agribank,O1,,,"hoạt động an toàn, bền vững của agribank trong bối cảnh thị trường tài chính còn nhiều biến động. thực hiện mục tiêu số hóa toàn diện, agribank đã hoàn thiện hệ sinh thái số với các nền tảng trọng điểm như agribank plus, open api và hệ thống smart bank. tỷ lệ giao dịch trên kênh số đạt mức xấp xỉ 97%, minh chứng cho sự chuyển đổi mô hình vận hành từ truyền thống sang ngân hàng số hiện đại, lấy trải nghiệm khách hàng làm trung tâm. với sự tăng trưởng ổn định về tổng tài sản và hiệu quả hoạt động, năm 2025 agribank tiếp tục được tạp chí f",BCTN 2025 (cache),9,,2026-10-05
Agribank,O1,,,"- khởi đầu gắn kết”, “agribank đồng hành cùng sinh viên” hay các chiến dịch khuyến mại trên nền tảng số đã góp phần gia tăng lượng khách hàng giao dịch thường xuyên qua tài khoản. nhờ các giải pháp đồng bộ, tính đến 31/12/2025 casa khách hàng cá nhân tăng 11,4% so với năm 2024, với hơn 18,5 triệu tài khoản thanh toán cá nhân đang hoạt động. kết quả này phản ánh xu hướng gia tăng giao dịch qua tài khoản và sự chuyển dịch mạnh mẽ sang các dịch vụ ngân hàng số trong hệ sinh thái bán lẻ của agribank. 6.5. hệ sinh thái thanh toán và dịch vụ hiện đại song song với việc phát triển các sản phẩm tín dụng và tiền gửi, agribank không ngừng mở rộng hệ sinh thái dịch vụ thanh toán và tiện ích tài chính nhằm mang đến trải nghiệm ngân hàng toàn diện cho khách hàng cá nhân. các dịch vụ thanh toán được tích hợp đa dạng trên nền tảng số, bao gồm thanh toán hóa đơn, nộp thuế và nộp ngân sách nhà nước, thanh toán trực tuyến trên các nền tảng thương mại điện tử, cũng như các giải pháp thanh toán hiện đại dành cho hộ kinh doanh và tiểu thương. đặc biệt, agribank triển khai nhiều giải pháp hỗ trợ chuyển đổi số cho hộ kinh doanh, giúp khách hàng mở tài khoản, thực hiện thanh toán không tiền mặt và quản lý dòng tiền hiệu quả hơn trong hoạt động kinh doanh. với mạng lưới chi nhánh rộng khắp cùng mô hình điểm giao dịch lưu động bằng ô tô chuyên dùng, agribank đưa các d",BCTN 2025 (cache),19,,2026-10-05
Agribank,O1,,,"ình này hướng tới mục tiêu giảm tiêu hao tài nguyên, nâng cao trải nghiệm khách hàng và thúc đẩy hình thành văn hóa “sống xanh - làm việc xanh” trong toàn hệ thống. tại các điểm giao dịch xanh, agribank tập trung triển khai nhiều giải pháp như: - khuyến khích giao dịch số, giao dịch không dùng giấy, sử dụng hóa đơn điện tử và các dịch vụ ngân hàng số như agribank plus; - ứng dụng công nghệ trong quy trình giao dịch, giúp giảm thời gian xử lý hồ sơ và hạn chế sử dụng giấy tờ; -tăng cường sử dụng thiết bị tự phục vụ như atm/cdm ",BCTN 2025 (cache),42,,2026-10-05
Agribank,O1,,,"132 133 agribank báo cáo thường niên 2025 chương 9 mạng lưới hoạt động stt mcn tên gọi địa chỉ số điện thoại iii khu vực thành phố hà nội 1 1200 agribank chi nhánh sở giao dịch số 2 và số 4 phố láng hạ, phường giảng võ, thành phố hà nội 02437724265 2 1400 agribank chi nhánh láng hạ 24 phố láng hạ, phường láng, thành phố hà nội 02437760248 3 1401 agribank chi nhánh hà nội i tầng 1, tầng 2 tòa nhà hh2, khu nhà ở 90 nguyễn tuân, số 90 đườ",BCTN 2025 (cache),67,,2026-10-05
Agribank,O2,,,"hàng cung cấp dịch vụ ngoại tệ tốt nhất việt nam năm 2025 giải thưởng chất lượng thanh toán quốc tế xuất sắc năm 2025 - mt103 elite quality recognition award giải thưởng ngân hàng giao dịch trái phiếu xuất sắc 03 năm liên tiếp giải thưởng tỷ lệ điện đạt chuẩn stp award năm 2024, đánh dấu 16 năm liên tiếp được vinh danh giải thưởng chất lượng thanh toán quốc tế xuất sắc - stp excellence award năm 2024 giải thưởng công nhận đặc biệt - special recognition award về chất lượng xử lý giao dịch tự động năm 2024 top 10 thương",BCTN 2025 (cache),6,,2026-10-05
Agribank,O2,,,"025 - mt103 elite quality recognition award giải thưởng ngân hàng giao dịch trái phiếu xuất sắc 03 năm liên tiếp giải thưởng tỷ lệ điện đạt chuẩn stp award năm 2024, đánh dấu 16 năm liên tiếp được vinh danh giải thưởng chất lượng thanh toán quốc tế xuất sắc - stp excellence award năm 2024 giải thưởng công nhận đặc biệt - special recognition award về chất lượng xử lý giao dịch tự động năm 2024 top 10 thương hiệu giá trị nhất việt nam năm 2025, với giá trị thương hiệu đạt 1,3 tỷ usd. giải thưởng phát triển bền vững wsbi",BCTN 2025 (cache),6,,2026-10-05
Agribank,O2,,,"giải thưởng sao khuê 2025: + hệ thống quản lý xác thực và làm sạch thông tin khách hàng của agribank; hệ thống giám sát tập trung các hạ tầng trung tâm dữ liệu - lĩnh vực dữ liệu số; + hệ thống quản lý tài sản kho tiền - lĩnh vực quản trị tài sản; + giải pháp số hóa quy trình phê duyệt tín dụng vượt thẩm quyền - lĩnh vực số hóa dữ liệu, quy trình (bpo); + agribank plus - lĩnh vực tiện ích số; + hệ thống phần mềm định giá chuyển vốn nội bộ (ftp) - lĩnh vực quản trị đặc thù. giải thưởng chuyển đổi số việt nam: giải thưởng bộ giải ph",BCTN 2025 (cache),7,,2026-10-05
Agribank,O2,,,"có dữ liệu phản hồi, đánh giá từ khách hàng và định hướng cải tiến, phát triển dịch vụ phù hợp hơn với thị hiếu của khách hàng. - hệ thống quản lý văn bản và dữ liệu nội bộ: agribank đã triển khai các nền tảng quản lý văn bản và dữ liệu điện tử nhằm từng bước số hóa quy trình xử lý công việc và nâng cao hiệu quả quản trị điều hành trong toàn hệ thống. các hệ thống này cho phép quản lý tập trung việc tiếp nhận, xử lý, luân chuyển và lưu trữ văn bản trên môi trường số, góp phần thay thế dần phương thức xử lý hồ sơ truyền thống dựa t",BCTN 2025 (cache),20,,2026-10-05
Agribank,H1,,,"g quản trị dựa trên dữ liệu. đây là điều kiện tiên quyết để agribank cạnh tranh hiệu quả trong kỷ nguyên số. về phát triển con người và văn hóa tổ chức: agribank coi con người là tài sản chiến lược, không chỉ là nguồn lực. năm 2025, chúng tôi đổi mới công tác đào tạo, tuyển dụng và luân chuyển cán bộ theo hướng minh bạch, gắn với năng lực và kết quả thực tế; đồng thời, từng bước xây dựng đội ngũ vững chuyên môn, thành thạo công nghệ và thấm nhuần văn hóa phụng sự khách hàng, phụng sự tổ chức. về ngân hàng xanh và phát triển bền vững: agribank tích cực mở rộng danh mục tín dụng xanh, đồng hành cùng các chương trình quốc gia về chuyển đổi năng lượng, nông nghiệp sạch và phát triển kinh tế nông thôn bền vững. chúng tôi xác định esg không chỉ là xu hướng toàn cầu mà là chiến lược tăng trưởng dài hạn của agribank. về trách nhiệm xã hội: với vai trò ngân hàng thương mại nhà nước chủ lực, agribank tiên phong triển khai các chương trình tín dụng ưu đãi quy mô lớn, hỗ trợ thiết thực cho doanh nghiệp, hộ gia đình và cộng đồng, đặc biệt tại các vùng khó khăn. đồng thời, tiếp tục phát huy truyền thống “ngân hàng vì cộng đồng” trong các hoạt động an sinh xã hội. bước vào năm 2026, năm đầu tiên thực hiện nghị quyết đại hội đại biểu đảng bộ agribank lần thứ xi và triển khai nghị quyết số 79-nq/tw của bộ chính trị về phát triển kinh tế nhà nước, đây là động lực mạnh mẽ để agribank tái định hình. chúng tôi xác định 05 trụ cột chiến lược cho giai đoạn 2026–2030: chuyển đổi số và dữ liệu là động lực cốt lõi - năm 2026, agribank đặt chuyển đổi số ở vị trí tiên quyết trong toàn bộ hoạt động. không chỉ là đầu tư công nghệ, đây là cuộc chuyển đổi toàn diện về tư duy quản trị, cách phục vụ khách hàng và mô hình vận hành nhằm hướng tới xây dựng agribank thành thương hiệu ngân hàng hiện đại. củng cố năng lự",BCTN 2025 (cache),4,,2026-10-05
Agribank,H1,,,"đổi số và tăng trưởng bền vững 2.4.1. quản trị nhân lực hiện đại, tạo môi trường làm việc chuyên nghiệp và minh bạch năm 2025, agribank tiếp tục tập trung rà soát, hoàn thiện hệ thống chính sách và quy định liên quan đến quản lý nhân sự từ khâu tuyển dụng tới đào tạo, quy hoạch, bổ nhiệm, đánh giá hiệu quả công việc,... các nỗ lực này hướng đến việc tạo điều kiện thuận lợi và môi trường làm việc tích cực, khuyến khích phát huy khả năng của người lao động, thúc đẩy nâng cao nhất lượng nguồn nhân lực. công tác tuyển dụng được triển khai bài bản, minh bạch và hiệu quả. điểm mới trong công tác tuyển dụng năm 2025 là agribank đã ứng dụng công nghệ số để thực hiện thi chuyên môn nghiệp vụ trên hệ thống e-learning. việc cải tiến phương thức tuyển dụng từ hình thức thi viết sang hình thức thi trên máy tính đã mang lại hiệu quả thiết thực, phù hợp với xu hướng phát triển công nghệ, tiết kiệm được chi phí, giảm thủ tục, nhanh gọn, hiệu quả, đảm bảo công khai, minh bạch, rõ ràng; công tác tổ chức thi tuyển chuyên nghiệp, không xảy ra khiếu nại, tạo được uy tín cho agribank. đề thi do agribank xây dựng bám sát với kiến thức thực tế, phân loại được trình độ, phản ánh đúng năng lực ứng viên, từ đó giúp hội đồng tuyển dụng các chi nhánh có căn cứ lựa chọn ứng viên trúng tuyển, góp phần nâng cao chất lượng cán bộ tuyển dụng, đóng góp tích cực vào mục tiêu nâng cao chất lượng nguồn nhân lực và phát triển bền vững của agribank. công tác điều động, bổ nhiệm, bổ nhiệm lại cán bộ được lãnh đạo, triển khai thực hiện chặt chẽ, nghiêm túc, đúng thẩm quyền; đảm bảo số lượng cán bộ các cấp của các đơn vị và đảm bảo tiêu chuẩn chính trị cũng như tiêu chuẩn chức danh từng vị trí công tác theo quy định; quy trình, điều kiện điều động, bổ nhiệm, bổ nhiệm lại chặt chẽ, khách quan; xác định rõ trách nhiệm của tập thể, cá nhân, nhất là người đứng đầu trong công tác cán bộ. công tác quy hoạch thuộc thẩm quyền của các cấp được triển khai theo quy định của đảng, pháp luật, nhà nước và agribank đảm bảo tuân thủ đúng trình tự, thủ tục quy định, được thực hiện công khai, minh bạch, kịp thời; trong đó, quan tâm đến việc phát hiện, quy hoạch đội ngũ cán bộ trẻ đáp ứng tiêu chuẩn, số lượng, cơ cấu. đội ngũ cán bộ được quy hoạch có trình độ, chuyên môn, nghiệp vụ, có năng lực, phẩm chất, nhất là lao động trẻ, lao động nữ có triển vọng về khả năng lãnh đạo, quản lý từ đó tạo nguồn bổ nhiệm các chức danh, chức vụ của từng đơn vị/ bộ phận; đáp ứng yêu cầu nhiệm vụ trước mắt và lâu dài. việc sắp xếp, bố trí lao động trong hệ thống (tuyển dụng, luân chuyển, sắp xếp nhân sự theo quy trình tái cơ cấu mạng lưới agribank) đặc biệt tại thành phố hà nội và thành phố hồ chí minh được thực hiện đảm bảo phù hợp năng lực, chuyên môn, chuyên ngành đào tạo nhằm phát huy năng lực, sở trường, tạo điều kiện thuận lợi cho người lao động hoàn thành tốt nhiệm vụ được giao. 2.4.2. đẩy mạnh đào tạo và phát triển nguồn nhân lực a) tăng trưởng đột phá về quy mô và hiệu quả đào tạo năm 2025 đánh dấu bước phát triển mạnh mẽ trong công tác đào tạo và phát triển nguồn nhân lực của agribank, với quy mô và hiệu quả đào tạo tăng trưởng vượt bậc. cụ thể, so với năm 2024: - tổng số lượt người tham gia đào tạo đạt 585.776 lượt, tăng 52% so với năm 2024, chứng minh sự cam kết mạnh mẽ của agribank trong việc đầu tư phát triển nguồn nhân lực. - tổng số ngày đào tạo đạt 545.891 ngày, tăng 63% so với năm 2024. - số ngày đào tạo bình quân của toàn hệ thống đạt khoảng 13,5 ngày/người, tăng 63% so với năm 2024 và cao hơn đáng kể so với yêu cầu tối thiểu 5-10 ngày/người/năm. kết quả này thể hiện sự đầu tư nghiêm túc, bài bản của agribank trong phát triển nguồn nhân lực, góp phần nâng cao năng lực cạnh tranh và đáp ứng yêu cầu chuyển đổi số, phát triển bền vững. kết quả đào tạo năm 2025 10.000 2024 2025 20.000 30.000 40.000 100 2024 2025 200 300 400 500 số lượt người tham dự số chương trình số ngày đào tạo số lớp 95% trình độ đại học trở lên 41.813 tổng số lao động tính đến 31/12/2025",BCTN 2025 (cache),39,,2026-10-05
Agribank,H1,,,"78 79 agribank báo cáo thường niên 2025 chương 4 báo cáo của ban điều hành b) tiên phong ứng dụng trí tuệ nhân tạo (ai), chuyển đổi số, chuyển đổi xanh phát triển bền vững năm 2025, agribank đẩy mạnh tích hợp công nghệ số và trí tuệ nhân tạo vào công tác đào tạo, khẳng định vai trò tiên phong trong chuyển đổi số nguồn nhân lực. chương trình “bình dân học vụ số” được triển khai đồng bộ trên toàn hệ thống, tạo chuyển biến rõ nét về nhận thức, kỹ năng và văn hóa học tập số của người lao động. các chương trình đào tạo tập trung vào công nghệ, chuyển đổi số và ứng dụng ai chiếm 35% tổng số chương trình đào tạo, thu hút gần 98.000 lượt người tham gia, đồng thời hình thành đội ngũ 720 đại sứ số và hạt nhân số, đóng vai trò nòng cốt trong phổ cập và hướng dẫn ứng dụng công nghệ tại đơn vị. hội thi “agribanker làm chủ công nghệ trong kỷ nguyên số” với gần 36.000 lượt người tham dự đã lan tỏa và thúc đẩy tư duy số, nâng cao năng lực ứng dụng công nghệ vào thực tiễn, góp phần xây dựng nền tảng nhân lực số cho phát triển bền vững. bên cạnh đó, agribank tổ chức các chương trình đào tạo về esg, tài chính xanh và phát triển bền vững, góp phần nâng cao năng lực thực thi chiến lược tăng trưởng xanh, quản trị rủi ro môi trường - xã hội và đáp ứng yêu cầu hội nhập quốc tế của ngân hàng. đồng thời, ngân hàng tích cực tham gia với vai trò diễn giả, trình bày tham luận và chia sẻ kinh nghiệm tại nhiều hội thảo, diễn đàn uy tín trong nước và quốc tế về quản lý rủi ro esg, trái phiếu xanh, tài chính nông nghiệp bền vững... thông qua đó, agribank không chỉ cập nhật tri thức, kinh nghiệm quốc tế mà còn khẳng định vai trò tiên phong, quảng bá hình ảnh và thương hiệu ngân hàng trong lĩnh vực tài chính xanh và phát triển bền vững. c) đa dạng hóa hình thức đào tạo và ứng dụng hệ thống đào tạo trực tuyến e-learning agribank tiếp tục đổi mới toàn diện công tác đào tạo theo hướng hiện đại, linh hoạt, đáp ứng yêu cầu chuyển đổi số và phát triển bền vững. hệ thống e-learning được nâng cấp với thư viện điện tử đa dạng, hỗ trợ học tập mọi lúc, mọi nơi. việc triển khai hình thức đào tạo trực tiếp, kết hợp và trực tuyến, góp phần mở rộng quy mô, tối ưu nguồn lực và tiết giảm chi phí. quy trình đào tạo được số hóa đồng bộ từ tổ chức lớp học đến cấp chứng nhận, nâng cao tính chuyên nghiệp, minh bạch và trải nghiệm học tập cho người lao động. công tác kiểm tra, thi nghiệp vụ được tổ chức nghiêm túc với 11 đợt thi trong năm, thu hút 116.238 lượt thí sinh, tăng 55% so với năm 2024, góp phần chuẩn hóa và nâng cao chất lượng đội ngũ. đặc biệt, hội thi “agribanker làm chủ công nghệ trong kỷ nguyên số” có tỷ lệ tham gia đạt 88,52%, tạo sức lan tỏa mạnh mẽ trong toàn hệ thống. d) xây dựng hệ thống văn bản đồng bộ nhằm đổi mới hoạt động đào tạo trong năm 2025, agribank tập trung xây dựng và ban hành đồng bộ hệ thống văn bản quản lý về đào tạo, tạo nền tảng pháp lý thống nhất, khả thi và dài hạn cho công tác phát triển nguồn nhân lực toàn hệ thống. các văn bản được xây dựng gắn với chuyển đổi số, tăng trưởng xanh và chiến lược phát triển kinh doanh của ngân hàng. đề án chiến lược đào tạo nguồn nhân lực đến năm 2030 giữ vai trò định hướng tổng thể, xác lập mục tiêu và lộ trình phát triển năng lực cán bộ trong dài hạn, đồng thời làm cơ sở thống nhất tr",BCTN 2025 (cache),40,,2026-10-05
Agribank,H1,,,"uồn động viên tinh thần cho người lao động trong những năm cống hiến cho agribank. b) các chương trình phát triển kỹ năng và học tập liên tục để hỗ trợ người lao động đảm bảo có việc làm và phát triển sự nghiệp agribank đã triển khai một hệ thống chương trình đào tạo đa dạng, bám sát khung năng lực và vị trí việc làm để hỗ trợ người lao động phát triển sự nghiệp bền vững, cụ thể như sau: - đào tạo chuyên sâu theo nhu cầu thực tiễn agribank triển khai hệ thống chương trình đào tạo toàn diện, bám sát yêu cầu phát triển nguồn nhân lực trong giai đoạn chuyển đổi số và tăng trưởng bền vững. nhóm chương trình phát triển lãnh đạo và quản lý được thiết kế theo lộ trình kế thừa, từ cán bộ quy hoạch đến lãnh đạo cấp cao, tập trung vào năng lực quản trị hiện đại, điều hành chiến lược và lãnh đạo trong môi trường số. song song, các chương trình về kỹ năng số và công nghệ được đẩy mạnh, trọng tâm là phổ cập chuyển đổi số, ứng dụng ai trong nghiệp vụ và thúc đẩy tư duy linh hoạt (agile), qua đó tạo nền tảng nâng cao hiệu suất và năng lực đổi mới sáng tạo trong toàn hệ thống. đối với nghiệp vụ chuyên môn, agribank chú trọng cập nhật kiến thức tín dụng, quản lý rủi ro, kế toán –",BCTN 2025 (cache),43,,2026-10-05
Agribank,H1,,,"gày càng phát huy hiệu quả trong việc tiếp nhận và phản hồi yêu cầu của khách hàng. nhằm nâng cao chất lượng phục vụ và hướng tới trải nghiệm cá nhân hóa, agribank từng bước hoàn thiện mô hình chăm sóc khách hàng theo từng nhóm đối tượng, đồng thời tăng cường đào tạo đội ngũ chuyên viên tư vấn để hỗ trợ hiệu quả hơn các nhu cầu khác nhau của khách hàng cá nhân và doanh nghiệp. bên cạnh việc tiếp nhận và xử lý yêu cầu từ khách hàng, agribank cũng chú trọng chủ động lắng nghe và ghi nhận phản hồi của khách hàng trong quá trình sử dụng sản phẩm, dịch vụ, từ đó kịp thời cải tiến quy trình phục vụ, hoàn thiện sản phẩm và nâng cao chất lượng dịch vụ. các phản hồi của khách hàng được tổng hợp, phân tích thông qua hệ thống khảo sát và đo lường mức độ hài lòng nhằm hỗ trợ công tác quản trị chất lượng dịch vụ trong toàn hệ thống. thông qua việc không ngừng hoàn thiện hệ thống chăm sóc khách hàng, đa dạng hóa kênh tương tác và nâng cao chất lượng dịch vụ, agribank tiếp tục khẳng định định hướng lấy khách hàng làm trung tâm, từng bước xây dựng trải nghiệm dịch vụ thuận tiện, chuyên nghiệp và thân thiện, phù hợp với xu hướng phát triển của ngân hàng số trong giai đoạn mới. b) ứng dụng công nghệ trong hỗ trợ, chăm sóc khách hàng: trong bối cảnh chuyển đổi số mạnh mẽ của ngành ngân hàng, agribank đẩy mạnh ứng dụng các giải pháp công nghệ hiện đại nhằm nâng cao hiệu quả vận hành của hệ thống chăm sóc khách hàng và cải thiện trải nghiệm dịch vụ. năm 2025, nhiều giải pháp công nghệ mới đã được triển khai và từng bước",BCTN 2025 (cache),45,,2026-10-05
Agribank,H1,,,"i thác và phân tích dữ liệu, hỗ trợ ra quyết định và thúc đẩy hoạt động kinh doanh trên nền tảng dữ liệu. 3.9. đẩy mạnh chuyển đổi số, ứng dụng khoa học công nghệ, đổi mới sáng tạo trong các lĩnh vực hoạt động theo tinh thần của nghị quyết 57-nq/tw - công tác đào tạo được đổi mới toàn diện, đóng vai trò quan trọng trong việc nâng cao chất lượng nguồn nhân lực, đáp ứng yêu cầu hoạt động kinh doanh, chuyển đổi số, chuyển đổi xanh. agribank đã ban hành đề án chiến lược đào tạo nguồn nhân lực đến năm 2030 và quy định khung chương trình đào tạo theo định hướng hiện đại, phù hợp xu thế số và phát triển bền vững. trên cơ sở đó, các chương trình đào tạo được triển khai đồng",BCTN 2025 (cache),47,,2026-10-05
Agribank,H2,,," lĩnh vực quản trị đặc thù. giải thưởng chuyển đổi số việt nam: giải thưởng bộ giải pháp doanh nghiệp chuyển đổi số xuất sắc và danh hiệu doanh nghiệp, đơn vị sự nghiệp chuyển đổi số xuất sắc top công nghiệp 4.0 việt nam: top doanh nghiệp khoa học, công nghệ, đổi mới sáng tạo và chuyển đổi số tiêu biểu; top doanh nghiệp có sản phẩm, giải pháp công nghệ xuất sắc - giải pháp số hóa và quản lý quy trình phê duyệt tín dụng vượt thẩm quyền - cass ngân hàng tiêu biểu phát triển chuỗi giá trị gắn với an sinh xã hội - vietnam esg awards 2",BCTN 2025 (cache),7,,2026-10-05
Agribank,H2,,,"ược và lãnh đạo trong môi trường số. song song, các chương trình về kỹ năng số và công nghệ được đẩy mạnh, trọng tâm là phổ cập chuyển đổi số, ứng dụng ai trong nghiệp vụ và thúc đẩy tư duy linh hoạt (agile), qua đó tạo nền tảng nâng cao hiệu suất và năng lực đổi mới sáng tạo trong toàn hệ thống. đối với nghiệp vụ chuyên môn, agribank chú trọng cập nhật kiến thức tín dụng, quản lý rủi ro, kế toán – tài chính, ifrs, tài chính xanh và esg nhằm đáp ứng các chuẩn mực mới và yêu cầu hội nhập. bên cạnh đó, các chương trình kỹ năng mềm, ",BCTN 2025 (cache),43,,2026-10-05
Agribank,H2,,," giai đoạn tới; thành lập trung tâm quản lý dữ liệu (big data) với vai trò đầu mối quản trị, khai thác và phân tích dữ liệu, hỗ trợ ra quyết định và thúc đẩy hoạt động kinh doanh trên nền tảng dữ liệu. 3.9. đẩy mạnh chuyển đổi số, ứng dụng khoa học công nghệ, đổi mới sáng tạo trong các lĩnh vực hoạt động theo tinh thần của nghị quyết 57-nq/tw - công tác đào tạo được đổi mới toàn diện, đóng vai trò quan trọng trong việc nâng cao chất lượng nguồn nhân lực, đáp ứng yêu cầu hoạt động kinh doanh, chuyển đổi số, chuyển đổi xanh. agriban",BCTN 2025 (cache),47,,2026-10-05
Agribank,H2,,,"iển khai đồng bộ các chương trình phát triển kinh tế - xã hội. các động lực tăng trưởng quan trọng như đầu tư công, tiêu dùng nội địa, xuất khẩu và thu hút đầu tư nước ngoài tiếp tục được thúc đẩy, đồng thời quá trình chuyển đổi số, phát triển kinh tế xanh và đổi mới sáng tạo được đẩy mạnh nhằm nâng cao năng lực cạnh tranh của nền kinh tế. chính phủ đặt mục tiêu tiếp tục duy trì tốc độ tăng trưởng kinh tế ở mức cao, gắn với ổn định kinh tế vĩ mô, kiểm soát lạm phát và đảm bảo các cân đối lớn của nền kinh tế cùng với nhiều chính sá",BCTN 2025 (cache),55,,2026-10-05
Agribank,H2,,," vụ ngân hàng số, thanh toán không dùng tiền mặt và các giải pháp tài chính toàn diện. 5./đẩy mạnh chuyển đổi số và ứng dụng công nghệ: tập trung nguồn lực triển khai các dự án công nghệ và chuyển đổi số, coi đây là nhiệm vụ trọng tâm; lấy khoa học công nghệ, đổi mới sáng tạo và số hóa hoạt động kinh doanh làm động lực nâng cao năng suất lao động và năng lực cạnh tranh. 6./tái cấu trúc tổ chức và mạng lưới hoạt động: hoàn thiện mô hình tổ chức từ trụ sở chính đến chi nhánh; sắp xếp, cơ cấu lại mạng lưới chi nhánh và phòng giao dịc",BCTN 2025 (cache),57,,2026-10-05
Agribank,D1,,,"dụng công nghệ là động lực chính để tăng năng suất, hiệu quả hoạt động trong giai đoạn tới; thành lập trung tâm quản lý dữ liệu (big data) với vai trò đầu mối quản trị, khai thác và phân tích dữ liệu, hỗ trợ ra quyết định và thúc đẩy hoạt động kinh doanh trên nền tảng dữ liệu. 3.9. đẩy mạnh chuyển đổi số, ứng dụng khoa học công nghệ, đổi mới sáng tạo trong các lĩnh vực hoạt động theo tinh thần của nghị quyết 57-nq/tw - công tác đào tạo được đổi mới toàn diện, đóng vai trò quan trọng trong việc nâng cao chất lượng nguồn nhân lực, đ",BCTN 2025 (cache),47,,2026-10-05
Agribank,D2,,,"145% kế hoạch lợi nhuận trước thuế - cao nhất từ trước đến nay tỷ trọng tín dụng “tam nông” ~2,7 1,17% >1,97 17.397 >64% triệu tỷ đồng triệu tỷ đồng tỷ đồng 31.170 tỷ đồng kênh số và đặt nền móng cho hệ sinh thái ngân hàng số hiện đại. sự hình thành trung tâm quản lý dữ liệu đánh dấu bước chuyển từ vận hành truyền thống sang quản trị dựa trên dữ liệu. đây là điều kiện tiên quyết để agribank cạnh tranh hiệu quả trong kỷ nguyên số. về phát triển con người và văn hóa tổ chức: agribank coi con người là tài sản chiến lược, không chỉ l",BCTN 2025 (cache),4,,2026-10-05
Agribank,D2,,,"đảng ủy agribank và chương trình hành động của tổng giám đốc nhằm chỉ đạo triển khai chuyển đổi số toàn diện hoạt động, xác định chuyển đổi số, ứng dụng công nghệ là động lực chính để tăng năng suất, hiệu quả hoạt động trong giai đoạn tới; thành lập trung tâm quản lý dữ liệu (big data) với vai trò đầu mối quản trị, khai thác và phân tích dữ liệu, hỗ trợ ra quyết định và thúc đẩy hoạt động kinh doanh trên nền tảng dữ liệu. 3.9. đẩy mạnh chuyển đổi số, ứng dụng khoa học công nghệ, đổi mới sáng tạo trong các lĩnh vực hoạt động theo ",BCTN 2025 (cache),47,,2026-10-05
Agribank,D3,,,"ực hiện nhanh chóng, thuận tiện. trong đó, kênh tổng đài vẫn là kênh hỗ trợ chủ đạo, trong khi các kênh tương tác số ngày càng phát huy hiệu quả trong việc tiếp nhận và phản hồi yêu cầu của khách hàng. nhằm nâng cao chất lượng phục vụ và hướng tới trải nghiệm cá nhân hóa, agribank từng bước hoàn thiện mô hình chăm sóc khách hàng theo từng nhóm đối tượng, đồng thời tăng cường đào tạo đội ngũ chuyên viên tư vấn để hỗ trợ hiệu quả hơn các nhu cầu khác nhau của khách hàng cá nhân và doanh nghiệp. bên cạnh việc tiếp nhận và xử lý ",BCTN 2025 (cache),45,,2026-10-05
Agribank,D3,,,"đạo triển khai chuyển đổi số toàn diện hoạt động, xác định chuyển đổi số, ứng dụng công nghệ là động lực chính để tăng năng suất, hiệu quả hoạt động trong giai đoạn tới; thành lập trung tâm quản lý dữ liệu (big data) với vai trò đầu mối quản trị, khai thác và phân tích dữ liệu, hỗ trợ ra quyết định và thúc đẩy hoạt động kinh doanh trên nền tảng dữ liệu. 3.9. đẩy mạnh chuyển đổi số, ứng dụng khoa học công nghệ, đổi mới sáng tạo trong các lĩnh vực hoạt động theo tinh thần của nghị quyết 57-nq/tw - công tác đào tạo được đổi mới toàn d",BCTN 2025 (cache),47,,2026-10-05
Agribank,D3,,,", phù hợp xu thế số và phát triển bền vững. trên cơ sở đó, các chương trình đào tạo được triển khai đồng bộ, toàn diện trên nhiều lĩnh vực, đa dạng, các vị trị công việc, đặc biệt chú trọng đào tạo cán bộ quy hoạch lãnh đạo các cấp, ứng dụng trí tuệ nhân tạo, phân tích dữ liệu, kỹ năng bán chéo sản phẩm, tư duy linh hoạt, văn hóa doanh nghiệp, góp phần nâng cao năng lực, kỹ năng và khả năng thích ứng của nguồn nhân lực trong kỷ nguyên số. - công tác thể chế là nhiệm vụ trọng tâm, định kỳ 02 lần/tháng đều thực hiện đánh giá để đôn đ",BCTN 2025 (cache),47,,2026-10-05
Agribank,D3,,,"5 chương 4 báo cáo của ban điều hành - sản phẩm dịch vụ được phát triển đa dạng, đổi mới về chất lượng và số lượng; ứng dụng mạnh mẽ công nghệ để tăng tiện tích sản phẩm, nâng cao trải nghiệm cho khách hàng. tiếp tục đẩy mạnh triển khai các giải pháp ứng dụng dữ liệu dân cư theo đề án 06 của thủ tướng chính phủ. - công tác truyền thông, quảng bá sản phẩm dịch vụ được đổi mới, hướng tới các đối tượng khách hàng trẻ. tăng cường khai thác quan hệ hợp tác với các tổ chức, định chế tài chính trong và ngoài nước; thúc đẩy phát triển tài chính xanh. - tận dụng các cơ hội thị trường, đẩy mạnh đầu tư, kinh doanh vốn trên thị trường liên ngân hàng; nâng cao hiệu quả hoạt động của các nhóm dịch vụ, đem lại kết quả tích cực trong thu dịch vụ của agribank. 3.6. nâng cao chất lượng sản phẩm dịch vụ, phát triển đa dạng các sản phẩm ngân hàng điện tử, mở rộng các nguồn thu, góp phần tăng kết quả tài chính - giao kế hoạch tài chính, chi phí trên cơ sở chỉ đạo của ngân hàng nhà nước về tiết giảm chi phí, tạo nguồn lực giảm lãi suất cho vay. triển khai phương án tài chính, tiền lương khuyến khích các chi nhánh hoàn thành toàn diện các chỉ tiêu khkd được giao. - ban hành chương trình hành động thực hành tiết kiệm, chống lãng phí, kiểm soát chặt các chi phí chưa cần thiết. tăng cường chỉ đạo đẩy nhanh tiến độ triển khai các dự án đầu tư xây dựng công trình; trong năm 2025, đã hoàn thành và đưa vào sử dụng 109 công trình, khởi công 102 dự án và phê duyệt 100 dự án. tích cực xử lý các khoản đầu tư kém hiệu quả; nâng cao hiệu quả hoạt động của chi nhánh campuchia. - triển khai các giải pháp tăng năng lực tài chính thông qua phát hành trái phiếu tăng vốn; trình ngân hàng nhà nước phê duyệt phương án bổ sung vốn điều lệ agribank giai đoạn 2025-2027. 3.7. tiếp tục triển khai có hiệu quả các giải pháp về tài chính, tiền lương tạo động lực cho các chi nhánh hoàn thành nhiệm vụ được giao; thực hành tiết kiệm, chống lãng phí, nâng cao năng lực tài chính agribank tiếp tục triển khai các giải pháp sắp xếp, tinh gọn tổ chức bộ máy nhằm nâng cao hiệu quả quản trị. theo đó, thực hiện sáp nhập, hợp nhất các đơn vị có chức năng tương đồng, giảm đầu mối trung gian, nâng cao hiệu quả quản lý; đẩy mạnh cơ cấu lại mạng lưới chi nhánh và phòng giao dịch theo hướng tinh gọn, hiệu quả, đặc biệt tại hà nội và tp. hồ chí minh. đến 31/12/2025, mạng lưới agribank gồm 159 chi nhánh loại i, 777 chi nhánh loại ii, 1.278 phòng giao dịch và 01 chi nhánh tại campuchia. 3.8. triển khai quyết liệt, bài bản công tác cơ cấu, sắp xếp mạng lưới, tổ chức bộ máy từ trụ sở chính tới các chi nhánh, phù hợp với mục tiêu của phương án tái cơ cấu gắn với xử lý nợ xấu giai đoạn 2021-2025 và định hướng hoạt động kinh doanh của agribank - ưu tiên tập trung nguồn lực đẩy nhanh tiến độ triển khai các giải pháp nền tảng, và các giải pháp đảm bảo tuân thủ; lượng hóa các công việc, lộ trình và tiến độ thực hiện, đảm bảo triển khai đúng kế hoạch được phê duyệt tại đề án chiến lược phát triển ngân hàng thương mại, kế hoạch chuyển đổi số; định kỳ đánh giá kết quả triển khai; đề xuất xử lý các khó khăn vướng mắc, nhiều dự án/giải pháp quan trọng đã có kết quả, tiến độ thực hiện tích cực, góp phần nâng cao năng lực hoạt động. - ban hành kế hoạch của đảng ủy agribank và chương trình hành động của tổng giám đốc nhằm chỉ đạo triển khai chuyển đổi số toàn diện hoạt động, xác định chuyển đổi số, ứng dụng công nghệ là động lực chính để tăng năng suất, hiệu quả hoạt động trong giai đoạn tới; thành lập trung tâm quản lý dữ liệu (big data) với vai trò đầu mối quản trị, khai thác và phân tích dữ liệu, hỗ trợ ra quyết định và thúc đẩy hoạt động kinh doanh trên nền tảng dữ liệu. 3.9. đẩy mạnh chuyển đổi số, ứng dụng khoa học công nghệ, đổi mới sáng tạo trong các lĩnh vực hoạt động theo tinh thần của nghị quyết 57-nq/tw - công tác đào tạo được đổi mới toàn diện, đóng vai trò quan",BCTN 2025 (cache),47,,2026-10-05
Agribank,D3,,,"ban kiểm soát; xây dựng và ban hành nhiều văn bản nội bộ nhằm nâng cao hiệu quả hoạt động của ban kiểm soát, phù hợp với các quy định mới của pháp luật và yêu cầu quản trị hiện đại. đồng thời, ban kiểm soát đẩy mạnh ứng dụng công nghệ thông tin và các công cụ phân tích dữ liệu trong hoạt động giám sát và kiểm toán nội bộ, từng bước nâng cao chất lượng, hiệu quả công tác kiểm soát trong bối cảnh agribank đẩy mạnh chuyển đổi số. 3.5. phối hợp công tác ban kiểm soát duy trì sự phối hợp chặt chẽ với hội đồng thành viên, ban điều hành v",BCTN 2025 (cache),53,,2026-10-05
